time pos.x pos.y vol rho vel.x vel.y p a shock-detector massf-air e T
1.030242007810294417e-05 -7.580005256754293597e-02 4.001923001015835618e-02 3.243187958354537601e-08 5.805112588314484227e-03 -1.332226587273685291e-13 -1.257794785714286262e-13 5.000000000000000000e+02 3.472511529997683510e+02 0.000000000000000000e+00 1.000000000000000000e+00 2.153274343922652479e+05 3.000000000000000000e+02 
2.013876839773370907e-05 -7.580005256754293597e-02 4.001923001015835618e-02 3.243187958354537601e-08 5.805112588314484227e-03 -1.935602941942631904e-13 -1.624982442527756236e-13 4.999999999999999432e+02 3.472511529997682942e+02 0.000000000000000000e+00 1.000000000000000000e+00 2.153274343922651897e+05 2.999999999999999432e+02 
3.007550235306815295e-05 -7.580005256754293597e-02 4.001923001015835618e-02 3.243187958354537601e-08 5.805112588314484227e-03 -2.625980468695072514e-13 -1.711457469350541266e-13 4.999999999999999432e+02 3.472511529997682942e+02 0.000000000000000000e+00 1.000000000000000000e+00 2.153274343922651897e+05 2.999999999999999432e+02 
4.016622283583687450e-05 -7.580005256754293597e-02 4.001923001015835618e-02 3.243187958354537601e-08 5.805112588314484227e-03 -2.713286980918840804e-13 -1.707853238720856171e-13 4.999999999999999432e+02 3.472511529997682942e+02 0.000000000000000000e+00 1.000000000000000000e+00 2.153274343922651897e+05 2.999999999999999432e+02 
5.030849476213667619e-05 -7.580005256754293597e-02 4.001923001015835618e-02 3.243187958354537601e-08 5.805112588314484227e-03 -2.736757134020485864e-13 -1.963840132860255106e-13 4.999999999999999432e+02 3.472511529997682942e+02 0.000000000000000000e+00 1.000000000000000000e+00 2.153274343922651897e+05 2.999999999999999432e+02 
6.031245663854024127e-05 -7.580005256754293597e-02 4.001923001015835618e-02 3.243187958354537601e-08 5.805112588314484227e-03 -3.288510071830460313e-13 -1.665157855657924746e-13 4.999999999999997158e+02 3.472511529997682374e+02 0.000000000000000000e+00 1.000000000000000000e+00 2.153274343922651315e+05 2.999999999999998295e+02 
7.006709937667456500e-05 -7.580005256754293597e-02 4.001923001015835618e-02 3.243187958354537601e-08 5.805112588314484227e-03 -3.443714381556424655e-13 -1.697819173036319429e-13 4.999999999999997158e+02 3.472511529997682374e+02 0.000000000000000000e+00 1.000000000000000000e+00 2.153274343922651315e+05 2.999999999999998295e+02 
8.034568785279535641e-05 -7.580005256754293597e-02 4.001923001015835618e-02 3.243187958354537601e-08 5.805112588314484227e-03 -3.467919451805991161e-13 -1.574894060655457956e-13 4.999999999999997158e+02 3.472511529997682374e+02 0.000000000000000000e+00 1.000000000000000000e+00 2.153274343922651315e+05 2.999999999999998295e+02 
9.006979036885210679e-05 -7.580005256754293597e-02 4.001923001015835618e-02 3.243187958354537601e-08 5.805112588314484227e-03 -3.457569185040818609e-13 -1.455314583770660104e-13 4.999999999999997158e+02 3.472511529997682374e+02 0.000000000000000000e+00 1.000000000000000000e+00 2.153274343922651315e+05 2.999999999999998295e+02 
1.003251286349560796e-04 -7.580005256754293597e-02 4.001923001015835618e-02 3.243187958354537601e-08 5.805112588314484227e-03 -3.305717870924126056e-13 -2.052120657475657070e-13 4.999999999999997158e+02 3.472511529997682374e+02 0.000000000000000000e+00 1.000000000000000000e+00 2.153274343922651315e+05 2.999999999999998295e+02 
1.103529825277350918e-04 -7.580005256754293597e-02 4.001923001015835618e-02 3.243187958354537601e-08 5.805112588314484227e-03 -3.328923250138412271e-13 -1.859629599226653724e-13 4.999999999999997158e+02 3.472511529997682374e+02 0.000000000000000000e+00 1.000000000000000000e+00 2.153274343922651315e+05 2.999999999999998295e+02 
1.201553947069434981e-04 -7.580005256754293597e-02 4.001923001015835618e-02 3.243187958354537601e-08 5.805112588314484227e-03 -3.315265886488045816e-13 -2.045666967552659268e-13 4.999999999999997158e+02 3.472511529997682374e+02 0.000000000000000000e+00 1.000000000000000000e+00 2.153274343922651315e+05 2.999999999999998295e+02 
1.300666434284320058e-04 -7.580005256754293597e-02 4.001923001015835618e-02 3.243187958354537601e-08 5.805112588314484227e-03 -3.082668687893623851e-13 -2.539795611930651275e-13 4.999999999999995453e+02 3.472511529997681805e+02 0.000000000000000000e+00 1.000000000000000000e+00 2.153274343922650150e+05 2.999999999999997158e+02 
1.402129757461433263e-04 -7.580005256754293597e-02 4.001923001015835618e-02 3.243187958354537601e-08 5.805112588314484227e-03 -3.388209957919235970e-13 -2.185925761118346232e-13 4.999999999999995453e+02 3.472511529997681805e+02 0.000000000000000000e+00 1.000000000000000000e+00 2.153274343922650150e+05 2.999999999999997158e+02 
1.501476368101251643e-04 -7.580005256754293597e-02 4.001923001015835618e-02 3.243187958354537601e-08 5.805112588314279530e-03 3.750193114237692136e-11 -1.106803212090043882e-12 4.999999999999748752e+02 3.472511529997657362e+02 0.000000000000000000e+00 1.000000000000000000e+00 2.153274343922620174e+05 2.999999999999955094e+02 
1.600962065201347675e-04 -7.580005256754293597e-02 4.001923001015835618e-02 3.243187958354537601e-08 5.805112588263155494e-03 1.059351069531214079e-08 -1.911818056679613799e-10 4.999999999938102633e+02 3.472511529991541011e+02 0.000000000000000000e+00 1.000000000000000000e+00 2.153274343915035133e+05 2.999999999989387334e+02 
1.700846840257066886e-04 -7.580005256754293597e-02 4.001923001015835618e-02 3.243187958354537601e-08 5.805112582913510288e-03 1.106107653987491768e-06 -1.601683642091160686e-08 4.999999993487318193e+02 3.472511529351529020e+02 0.000000000000000000e+00 1.000000000000000000e+00 2.153274343121302663e+05 2.999999998883537842e+02 
1.801925581783832872e-04 -7.580005256754293597e-02 4.001923001015835618e-02 3.243187958354537601e-08 5.805112293001511367e-03 6.322323623728048458e-05 -6.963036718780990290e-07 4.999999643901667241e+02 3.472511494667517695e+02 0.000000000000000000e+00 1.000000000000000000e+00 2.153274300106792653e+05 2.999999938954560434e+02 
1.903632185681682369e-04 -7.580005256754293597e-02 4.001923001015835618e-02 3.243187958354537601e-08 5.805104846318428699e-03 1.713453248798629683e-03 -1.506156202254579205e-05 4.999990664435675853e+02 3.472510603770638795e+02 0.000000000000000000e+00 1.000000000000000000e+00 2.153273195232058351e+05 2.999998399613225502e+02 
2.001038227518333560e-04 -7.580005256754293597e-02 4.001923001015835618e-02 3.243187958354537601e-08 5.805012263768921654e-03 2.490272587912029795e-02 -1.610396443149830683e-04 4.999879024165872465e+02 3.472499526920152562e+02 0.000000000000000000e+00 1.000000000000000000e+00 2.153259457939407730e+05 2.999979260445906561e+02 
2.103359787219981922e-04 -7.580005256754293597e-02 4.001923001015835618e-02 3.243187958354537601e-08 5.804123429498007913e-03 2.768442987537168554e-01 -1.318806796325202885e-03 4.998807110229149657e+02 3.472393123756431237e+02 0.000000000000000000e+00 1.000000000000000000e+00 2.153127501055526081e+05 2.999795414549649877e+02 
2.201213892424617915e-04 -7.580005256754293597e-02 4.001923001015835618e-02 3.243187958354537601e-08 5.799583460794627797e-03 1.822568292977442939e+00 -6.080521509006652989e-03 4.993327829616590066e+02 3.471847626564126585e+02 0.000000000000000000e+00 1.000000000000000000e+00 2.152451061085528345e+05 2.998852980105232291e+02 
2.304041349525091811e-04 -7.580005256754293597e-02 4.001923001015835618e-02 3.243187958354537601e-08 5.786442805412594405e-03 7.939622290023645945e+00 -1.398040712545185922e-02 4.977407347378744475e+02 3.470242127830640015e+02 0.000000000000000000e+00 1.000000000000000000e+00 2.150460790316166240e+05 2.996080081089861551e+02 
2.402454238656559406e-04 -7.580005256754293597e-02 4.001923001015835618e-02 3.243187958354537601e-08 5.771014764331824920e-03 1.948637046602612344e+01 -1.125046287562259974e-02 4.958454921052587565e+02 3.468255708608776899e+02 0.000000000000000000e+00 1.000000000000000000e+00 2.147999582195958938e+05 2.992651059432002967e+02 
2.500930157055760599e-04 -7.580005256754293597e-02 4.001923001015835618e-02 3.243187958354537601e-08 5.758559557485216744e-03 3.238396960008427072e+01 -4.659458672394652980e-03 4.942701340329818436e+02 3.466484567134068016e+02 0.000000000000000000e+00 1.000000000000000000e+00 2.145806295389047882e+05 2.989595312987382840e+02 
2.603938016515984955e-04 -7.580005256754293597e-02 4.001923001015835618e-02 3.243187958354537601e-08 5.742668539953752101e-03 4.425215453815867050e+01 -3.803848258779074423e-03 4.922590478206006424e+02 3.464208288593701468e+02 0.000000000000000000e+00 1.000000000000000000e+00 2.142989119064518600e+05 2.985670346808576596e+02 
2.702010753826200378e-04 -7.580005256754293597e-02 4.001923001015835618e-02 3.243187958354537601e-08 5.724122100615815917e-03 5.392267757680920681e+01 -3.505296933835825267e-03 4.899608681614720922e+02 3.461706719276073727e+02 0.000000000000000000e+00 1.000000000000000000e+00 2.139895251835914387e+05 2.981359887385693810e+02 
2.804463490450753997e-04 -7.580005256754293597e-02 4.001923001015835618e-02 3.243187958354537601e-08 5.702980636162482790e-03 6.261719063197830337e+01 -2.559472912106492033e-03 4.873965364707015624e+02 3.459029681734760402e+02 0.000000000000000000e+00 1.000000000000000000e+00 2.136586846271799586e+05 2.976750527356695670e+02 
2.901893046364596089e-04 -7.580005256754293597e-02 4.001923001015835618e-02 3.243187958354537601e-08 5.682907708336417361e-03 6.967329001152381807e+01 -1.556197011954094231e-03 4.850030598610132984e+02 3.456614565002033146e+02 0.000000000000000000e+00 1.000000000000000000e+00 2.133604330532892200e+05 2.972595205838109109e+02 
3.003571067494661029e-04 -7.580005256754293597e-02 4.001923001015835618e-02 3.243187958354537601e-08 5.663299231182002472e-03 7.583567934609101258e+01 6.486023355407649540e-04 4.826917530504424008e+02 3.454333009678503572e+02 0.000000000000000000e+00 1.000000000000000000e+00 2.130788668170455203e+05 2.968672348952198945e+02 
3.100487821070546266e-04 -7.580005256754293597e-02 4.001923001015835618e-02 3.243187958354537601e-08 5.646903477884491519e-03 8.059627014055330108e+01 1.881099792417529172e-03 4.807766556979728421e+02 3.452474835021823196e+02 0.000000000000000000e+00 1.000000000000000000e+00 2.128496872581958305e+05 2.965479357411248316e+02 
3.202053502016744642e-04 -7.580005256754293597e-02 4.001923001015835618e-02 3.243187958354537601e-08 5.632780634609512935e-03 8.447387664096491733e+01 3.186822328541625074e-03 4.791413906440832307e+02 3.450916438151248258e+02 0.000000000000000000e+00 1.000000000000000000e+00 2.126575761268303322e+05 2.962802813218340248e+02 
3.303657243392065066e-04 -7.580005256754293597e-02 4.001923001015835618e-02 3.243187958354537601e-08 5.622246200836828085e-03 8.726983111821219552e+01 3.918829779908252105e-03 4.779376491165267566e+02 3.449806288673323706e+02 0.000000000000000000e+00 1.000000000000000000e+00 2.125207755244644941e+05 2.960896870261021263e+02 
3.400630592891278471e-04 -7.580005256754293597e-02 4.001923001015835618e-02 3.243187958354537601e-08 5.615554911226384310e-03 8.901562046883961443e+01 3.412554075093272247e-03 4.771888633652322369e+02 3.449155929931050082e+02 0.000000000000000000e+00 1.000000000000000000e+00 2.124406540889022872e+05 2.959780596770998500e+02 
3.502188194146043797e-04 -7.580005256754293597e-02 4.001923001015835618e-02 3.243187958354537601e-08 5.611759369899300444e-03 9.001407066125071310e+01 1.946929790906992046e-03 4.767831476891271336e+02 3.448855080706135254e+02 0.000000000000000000e+00 1.000000000000000000e+00 2.124035958520093700e+05 2.959264291401028117e+02 
3.603731316672909349e-04 -7.580005256754293597e-02 4.001923001015835618e-02 3.243187958354537601e-08 5.610073101275095224e-03 9.043618935370342626e+01 -3.315721833227606042e-03 4.766170860354355909e+02 3.448772614241822225e+02 0.000000000000000000e+00 1.000000000000000000e+00 2.123934382990066952e+05 2.959122773627902347e+02 
3.700669491012121225e-04 -7.580005256754293597e-02 4.001923001015835618e-02 3.243187958354537601e-08 5.609321881602071305e-03 9.060281824170674270e+01 -6.414585535014202637e-03 4.765448434286462316e+02 3.448742143264350943e+02 0.000000000000000000e+00 1.000000000000000000e+00 2.123896851915640873e+05 2.959070484320877199e+02 
3.802249002523068076e-04 -7.580005256754293597e-02 4.001923001015835618e-02 3.243187958354537601e-08 5.608882198171468748e-03 9.069421825902807655e+01 -7.595955595959024906e-03 4.764994205559978013e+02 3.448712942624162565e+02 0.000000000000000000e+00 1.000000000000000000e+00 2.123860885825609148e+05 2.959020375392398705e+02 
3.903847942651110601e-04 -7.580005256754293597e-02 4.001923001015835618e-02 3.243187958354537601e-08 5.608867048927177433e-03 9.069481727588804176e+01 -7.341901303198717504e-03 4.765064435880467499e+02 3.448743014908374676e+02 0.000000000000000000e+00 1.000000000000000000e+00 2.123897925514161761e+05 2.959071980087346674e+02 
4.000834295283091043e-04 -7.580005256754293597e-02 4.001923001015835618e-02 3.243187958354537601e-08 5.609950319348123299e-03 9.050528366444727624e+01 -6.458269919449225946e-03 4.766469127040786020e+02 3.448918266223448654e+02 0.000000000000000000e+00 1.000000000000000000e+00 2.124113786980314471e+05 2.959372724114825246e+02 
4.102445348851006053e-04 -7.580005256754293597e-02 4.001923001015835618e-02 3.243187958354537601e-08 5.612294941716752632e-03 9.000504073090138490e+01 -5.766032667501843657e-03 4.769389145124549714e+02 3.449253821564554414e+02 0.000000000000000000e+00 1.000000000000000000e+00 2.124527129567443626e+05 2.959948604176224762e+02 
4.204075909463213657e-04 -7.580005256754293597e-02 4.001923001015835618e-02 3.243187958354537601e-08 5.615617805498397848e-03 8.925611088279885053e+01 -4.579786755448113540e-03 4.773461122328398005e+02 3.449704867955196050e+02 0.000000000000000000e+00 1.000000000000000000e+00 2.125082799284603097e+05 2.960722778241031392e+02 
4.301115246803412229e-04 -7.580005256754293597e-02 4.001923001015835618e-02 3.243187958354537601e-08 5.619268879286752096e-03 8.840706252091869999e+01 -3.293951783094843135e-03 4.777866394294456995e+02 3.450174903162924238e+02 0.000000000000000000e+00 1.000000000000000000e+00 2.125661939717016649e+05 2.961529652340536813e+02 
4.402817008447613978e-04 -7.580005256754293597e-02 4.001923001015835618e-02 3.243187958354537601e-08 5.623532032967374153e-03 8.741013536516925342e+01 -1.972806686784361278e-03 4.782992249477255200e+02 3.450716414571439827e+02 0.000000000000000000e+00 1.000000000000000000e+00 2.126329245320137998e+05 2.962459360538200599e+02 
4.504609083567932869e-04 -7.580005256754293597e-02 4.001923001015835618e-02 3.243187958354537601e-08 5.628602526998808218e-03 8.622068601395581311e+01 -1.091828060432665799e-03 4.789124191742936318e+02 3.451372042653392782e+02 0.000000000000000000e+00 1.000000000000000000e+00 2.127137317287402693e+05 2.963585188238064347e+02 
4.601941337784091189e-04 -7.580005256754293597e-02 4.001923001015835618e-02 3.243187958354537601e-08 5.634598365872191261e-03 8.480077056311928629e+01 -5.604843932896579842e-04 4.796411015866827938e+02 3.452158530437388322e+02 0.000000000000000000e+00 1.000000000000000000e+00 2.128106878441362351e+05 2.964936007036462229e+02 
4.704123261464500925e-04 -7.580005256754293597e-02 4.001923001015835618e-02 3.243187958354537601e-08 5.642359294621300016e-03 8.292524697274170364e+01 -4.443235006357453107e-04 4.805855217881748445e+02 3.453178199572872131e+02 0.000000000000000000e+00 1.000000000000000000e+00 2.129364228215240291e+05 2.966687780716522980e+02 
4.801815736296250717e-04 -7.580005256754293597e-02 4.001923001015835618e-02 3.243187958354537601e-08 5.651169323270390649e-03 8.073644045465040620e+01 -3.772333660399776641e-04 4.816554699956375316e+02 3.454324287944822345e+02 0.000000000000000000e+00 1.000000000000000000e+00 2.130777908265269070e+05 2.968657357961548087e+02 
4.904185637379656574e-04 -7.580005256754293597e-02 4.001923001015835618e-02 3.243187958354537601e-08 5.661761355567129089e-03 7.802902002319818564e+01 -2.314276285318011552e-04 4.829392589274523289e+02 3.455687751039050113e+02 0.000000000000000000e+00 1.000000000000000000e+00 2.132460327264523075e+05 2.971001349572281356e+02 
5.000911179922359158e-04 -7.580005256754293597e-02 4.001923001015835618e-02 3.243187958354537601e-08 5.673244010837363155e-03 7.500309792116100027e+01 -3.318151935402701889e-04 4.843317663419443306e+02 3.457162260186365756e+02 0.000000000000000000e+00 1.000000000000000000e+00 2.134280516653018130e+05 2.973537286612026378e+02 
5.100772747010431105e-04 -7.580005256754293597e-02 4.001923001015835618e-02 3.243187958354537601e-08 5.686083889815212594e-03 7.144058128729521684e+01 -1.493913303093403599e-03 4.858848559770292468e+02 3.458788991560405179e+02 0.000000000000000000e+00 1.000000000000000000e+00 2.136289515739186900e+05 2.976336278424433317e+02 
5.203963781739057203e-04 -7.580005256754293597e-02 4.001923001015835618e-02 3.243187958354537601e-08 5.699753738348799746e-03 6.741886377382093087e+01 -3.740795374503536573e-03 4.875330147734484285e+02 3.460493095748612404e+02 0.000000000000000000e+00 1.000000000000000000e+00 2.138395083164967073e+05 2.979269811856979118e+02 
5.301954482217039084e-04 -7.580005256754293597e-02 4.001923001015835618e-02 3.243187958354537601e-08 5.712137660622354507e-03 6.349209051291256145e+01 -5.980269640790392832e-03 4.890177350427777014e+02 3.461999414786320131e+02 0.000000000000000000e+00 1.000000000000000000e+00 2.140257133568004065e+05 2.981864070793318433e+02 
5.404147858829212595e-04 -7.580005256754293597e-02 4.001923001015835618e-02 3.243187958354537601e-08 5.723697899936925140e-03 5.954827689217354703e+01 -6.043568412723168172e-03 4.903936416914661436e+02 3.463363546218335500e+02 0.000000000000000000e+00 1.000000000000000000e+00 2.141944116656079423e+05 2.984214421215924631e+02 
5.501775616717183596e-04 -7.580005256754293597e-02 4.001923001015835618e-02 3.243187958354537601e-08 5.733320209206430040e-03 5.603596316807112032e+01 -4.793879709328087609e-03 4.915322540109116289e+02 3.464470992655095074e+02 0.000000000000000000e+00 1.000000000000000000e+00 2.143314153383674857e+05 2.986123193404840777e+02 
5.603523081960375563e-04 -7.580005256754293597e-02 4.001923001015835618e-02 3.243187958354537601e-08 5.741568866512197777e-03 5.275146393915197507e+01 -4.675699301683743266e-03 4.925015993814556055e+02 3.465393458789784518e+02 0.000000000000000000e+00 1.000000000000000000e+00 2.144455682896969083e+05 2.987713603168254508e+02 
5.700469536641016239e-04 -7.580005256754293597e-02 4.001923001015835618e-02 3.243187958354537601e-08 5.748199970413270417e-03 4.998401682988605899e+01 -3.207751958239427048e-03 4.932786877006350323e+02 3.466125311414401153e+02 0.000000000000000000e+00 1.000000000000000000e+00 2.145361549004924891e+05 2.988975680307443668e+02 
5.801479690626074352e-04 -7.580005256754293597e-02 4.001923001015835618e-02 3.243187958354537601e-08 5.754717470553067336e-03 4.724477655932517450e+01 -9.024197626547867702e-04 4.940482280727862303e+02 3.466863060052074275e+02 0.000000000000000000e+00 1.000000000000000000e+00 2.146274906634577492e+05 2.990248194837091091e+02 
5.902186187955237116e-04 -7.580005256754293597e-02 4.001923001015835618e-02 3.243187958354537601e-08 5.761373033193969463e-03 4.441276093659352853e+01 1.107440530537618078e-03 4.948430051714028082e+02 3.467645860137368459e+02 0.000000000000000000e+00 1.000000000000000000e+00 2.147244252022826986e+05 2.991598713024871472e+02 
6.002474600558426387e-04 -7.580005256754293597e-02 4.001923001015835618e-02 3.243187958354537601e-08 5.768406785341650446e-03 4.130740695503075699e+01 2.633614551837260617e-03 4.956899152613403885e+02 3.468495377048319028e+02 0.000000000000000000e+00 1.000000000000000000e+00 2.148296460822421650e+05 2.993064678756406352e+02 
6.102425016284335505e-04 -7.580005256754293597e-02 4.001923001015835618e-02 3.243187958354537601e-08 5.775399893055377550e-03 3.791463243212305656e+01 2.339802832709670082e-03 4.965336794760789871e+02 3.469343834943284151e+02 0.000000000000000000e+00 1.000000000000000000e+00 2.149347615189102944e+05 2.994529175423514289e+02 
6.203009861368043295e-04 -7.580005256754293597e-02 4.001923001015835618e-02 3.243187958354537601e-08 5.781487353553075789e-03 3.443626057242416039e+01 -1.161827881494884506e-03 4.972646960063894426e+02 3.470068447091832695e+02 0.000000000000000000e+00 1.000000000000000000e+00 2.150245540625415451e+05 2.995780189404403586e+02 
6.304288861865268729e-04 -7.580005256754293597e-02 4.001923001015835618e-02 3.243187958354537601e-08 5.785450177334264601e-03 3.135648970373238598e+01 -7.026946949756172206e-03 4.977325880934935753e+02 3.470511413595776844e+02 0.000000000000000000e+00 1.000000000000000000e+00 2.150794548553313944e+05 2.996545082084402338e+02 
6.401485364258916594e-04 -7.580005256754293597e-02 4.001923001015835618e-02 3.243187958354537601e-08 5.786717901872930753e-03 2.933872326168449263e+01 -9.484277760943004079e-03 4.978694233596099252e+02 3.470608208495784766e+02 0.000000000000000000e+00 1.000000000000000000e+00 2.150914524442557304e+05 2.996712235735188301e+02 
6.503266739423095187e-04 -7.580005256754293597e-02 4.001923001015835618e-02 3.243187958354537601e-08 5.787830475113266322e-03 2.802024089477083280e+01 -3.326452301373692636e-03 4.979863400460454272e+02 3.470682066755488222e+02 0.000000000000000000e+00 1.000000000000000000e+00 2.151006072946097993e+05 2.996839783584071029e+02 
6.600692159516202999e-04 -7.580005256754293597e-02 4.001923001015835618e-02 3.243187958354537601e-08 5.789608934029644334e-03 2.685906021773111618e+01 4.715395495402941698e-04 4.981875245948940005e+02 3.470849854277024633e+02 0.000000000000000000e+00 1.000000000000000000e+00 2.151214055524079013e+05 2.997129550531652171e+02 
6.702566006597753239e-04 -7.580005256754293597e-02 4.001923001015835618e-02 3.243187958354537601e-08 5.791607348961050859e-03 2.550472073113912685e+01 1.142872203906906189e-03 4.984194552388130433e+02 3.471058679739604713e+02 0.000000000000000000e+00 1.000000000000000000e+00 2.151472921106365684e+05 2.997490209055751507e+02 
6.800030714962414236e-04 -7.580005256754293597e-02 4.001923001015835618e-02 3.243187958354537601e-08 5.793019005113430459e-03 2.423927696555907474e+01 1.595510395834424337e-03 4.985823585899925092e+02 3.471202860938338404e+02 0.000000000000000000e+00 1.000000000000000000e+00 2.151651661033304408e+05 2.997739234351728896e+02 
6.902005807638550558e-04 -7.580005256754293597e-02 4.001923001015835618e-02 3.243187958354537601e-08 5.793350561981629697e-03 2.323379747637740422e+01 -7.196985771150608792e-04 4.986132190171188086e+02 3.471210952677627688e+02 0.000000000000000000e+00 1.000000000000000000e+00 2.151661692498058255e+05 2.997753210459486013e+02 
7.004131156906751293e-04 -7.580005256754293597e-02 4.001923001015835618e-02 3.243187958354537601e-08 5.791770681313504650e-03 2.310491099153002992e+01 -3.593617904677709387e-03 4.984100281073930887e+02 3.470976910558632085e+02 0.000000000000000000e+00 1.000000000000000000e+00 2.151371556005562015e+05 2.997348984458305381e+02 
7.101969813714277676e-04 -7.580005256754293597e-02 4.001923001015835618e-02 3.243187958354537601e-08 5.789872551569282162e-03 2.373815830514068281e+01 -5.088847411855528489e-03 4.981672956670176973e+02 3.470700371967267870e+02 0.000000000000000000e+00 1.000000000000000000e+00 2.151028762852452055e+05 2.996871395774712141e+02 
7.204399751863753551e-04 -7.580005256754293597e-02 4.001923001015835618e-02 3.243187958354537601e-08 5.789097907140106948e-03 2.460836311719539182e+01 -2.730644215829316178e-03 4.980674972838546068e+02 3.470584887761035020e+02 0.000000000000000000e+00 1.000000000000000000e+00 2.150885618420585524e+05 2.996671963084301638e+02 
7.302515160231131406e-04 -7.580005256754293597e-02 4.001923001015835618e-02 3.243187958354537601e-08 5.789125163566887465e-03 2.513149955931232782e+01 -1.415528347658848640e-03 4.980692158016076974e+02 3.470582705011074722e+02 0.000000000000000000e+00 1.000000000000000000e+00 2.150882912914640910e+05 2.996668193700313623e+02 
7.400939101811192114e-04 -7.580005256754293597e-02 4.001923001015835618e-02 3.243187958354537601e-08 5.789290908665739761e-03 2.537274836619265983e+01 -1.086756472472053805e-03 4.980883792894789508e+02 3.470599788647655828e+02 0.000000000000000000e+00 1.000000000000000000e+00 2.150904088028777333e+05 2.996697695441505402e+02 
7.504416139449544658e-04 -7.580005256754293597e-02 4.001923001015835618e-02 3.243187958354537601e-08 5.789360823895688124e-03 2.546285222130982362e+01 -1.234661229486395560e-03 4.980970220290849397e+02 3.470608942528978105e+02 0.000000000000000000e+00 1.000000000000000000e+00 2.150915434278948524e+05 2.996713503343833054e+02 
7.603834257561908287e-04 -7.580005256754293597e-02 4.001923001015835618e-02 3.243187958354537601e-08 5.788980214595029240e-03 2.560737643598168845e+01 -1.313462074975052692e-03 4.980505272338819509e+02 3.470561041229483408e+02 0.000000000000000000e+00 1.000000000000000000e+00 2.150856060874977848e+05 2.996630782713081089e+02 
7.703413709072636862e-04 -7.580005256754293597e-02 4.001923001015835618e-02 3.243187958354537601e-08 5.787798300562261092e-03 2.603081339455588150e+01 -2.770146825841216399e-03 4.979048054124339728e+02 3.470407576083186427e+02 0.000000000000000000e+00 1.000000000000000000e+00 2.150665847167067695e+05 2.996365771835418741e+02 
7.803068565143858170e-04 -7.580005256754293597e-02 4.001923001015835618e-02 3.243187958354537601e-08 5.785132385442925962e-03 2.706865674977414926e+01 -7.180298705834587715e-03 4.975749348561280385e+02 3.470057045791709811e+02 0.000000000000000000e+00 1.000000000000000000e+00 2.150231410901551426e+05 2.995760503491314353e+02 
7.902821837523363790e-04 -7.580005256754293597e-02 4.001923001015835618e-02 3.243187958354537601e-08 5.780893483413438241e-03 2.901669256632583327e+01 -1.024039035068269494e-02 4.970499823241816557e+02 3.469497393306239701e+02 0.000000000000000000e+00 1.000000000000000000e+00 2.149537886099784519e+05 2.994794265997623484e+02 
8.002699352908749586e-04 -7.580005256754293597e-02 4.001923001015835618e-02 3.243187958354537601e-08 5.776887980378961687e-03 3.163001576107753721e+01 2.526640541494001792e-04 4.965527363164779899e+02 3.468963533461961788e+02 0.000000000000000000e+00 1.000000000000000000e+00 2.148876427944446623e+05 2.993872704622216361e+02 
8.102747940247819478e-04 -7.580005256754293597e-02 4.001923001015835618e-02 3.243187958354537601e-08 5.774586697516913975e-03 3.385566962636866606e+01 4.041391526289734096e-03 4.962700585508895870e+02 3.468666944763780862e+02 0.000000000000000000e+00 1.000000000000000000e+00 2.148508995303018310e+05 2.993360787537709484e+02 
8.203035910714019836e-04 -7.580005256754293597e-02 4.001923001015835618e-02 3.243187958354537601e-08 5.772619402595616234e-03 3.553236111536995878e+01 2.906442593213653079e-03 4.960344177218212280e+02 3.468434210229167434e+02 0.000000000000000000e+00 1.000000000000000000e+00 2.148220691194291576e+05 2.992959114463109245e+02 
8.303633523401622325e-04 -7.580005256754293597e-02 4.001923001015835618e-02 3.243187958354537601e-08 5.770343161427611556e-03 3.697465889227105151e+01 2.350060697939699694e-03 4.957629935669165775e+02 3.468168983508014662e+02 0.000000000000000000e+00 1.000000000000000000e+00 2.147892160386967298e+05 2.992501396465050334e+02 
8.404559918349247807e-04 -7.580005256754293597e-02 4.001923001015835618e-02 3.243187958354537601e-08 5.767895645302364808e-03 3.837619961897097198e+01 2.726618742219947492e-03 4.954698714157218546e+02 3.467879082471098968e+02 0.000000000000000000e+00 1.000000000000000000e+00 2.147533094757249055e+05 2.992001136527343874e+02 
8.501165158637074811e-04 -7.580005256754293597e-02 4.001923001015835618e-02 3.243187958354537601e-08 5.765492623001324674e-03 3.968704141820491316e+01 1.165885466188575775e-03 4.951819192427402641e+02 3.467593632721118979e+02 0.000000000000000000e+00 1.000000000000000000e+00 2.147179571730008465e+05 2.991508598693177987e+02 
8.602611920662830937e-04 -7.580005256754293597e-02 4.001923001015835618e-02 3.243187958354537601e-08 5.762910449491774958e-03 4.100398396223121011e+01 -3.834493920542780907e-03 4.948738571529713113e+02 3.467291366469486320e+02 0.000000000000000000e+00 1.000000000000000000e+00 2.146805253570328350e+05 2.990987088518587029e+02 
8.704268012035761308e-04 -7.580005256754293597e-02 4.001923001015835618e-02 3.243187958354537601e-08 5.760144965164698191e-03 4.232879312212577361e+01 -7.278012330770348981e-03 4.945440462636298662e+02 3.466967735703549920e+02 0.000000000000000000e+00 1.000000000000000000e+00 2.146404514358821907e+05 2.990428767820664007e+02 
8.801518731812691754e-04 -7.580005256754293597e-02 4.001923001015835618e-02 3.243187958354537601e-08 5.757135854463957952e-03 4.370899371052236404e+01 -7.210889012091461353e-03 4.941814401267798758e+02 3.466602087737918509e+02 0.000000000000000000e+00 1.000000000000000000e+00 2.145951791912302724e+05 2.989798022675071820e+02 
8.903672143986333769e-04 -7.580005256754293597e-02 4.001923001015835618e-02 3.243187958354537601e-08 5.753721299226052625e-03 4.527917642066305604e+01 -5.849754902824738992e-03 4.937673959460058768e+02 3.466177604087946520e+02 0.000000000000000000e+00 1.000000000000000000e+00 2.145426282693010580e+05 2.989065869030866338e+02 
9.001398203581923970e-04 -7.580005256754293597e-02 4.001923001015835618e-02 3.243187958354537601e-08 5.750453787539421685e-03 4.680298156056024794e+01 -4.722564786932733662e-03 4.933718974080742328e+02 3.465773392061176992e+02 0.000000000000000000e+00 1.000000000000000000e+00 2.144925929485578090e+05 2.988368763422129746e+02 
9.103877885107465205e-04 -7.580005256754293597e-02 4.001923001015835618e-02 3.243187958354537601e-08 5.747027319368927176e-03 4.836716194660749579e+01 -3.461023555040449937e-03 4.929583815659827337e+02 3.465353269392337552e+02 0.000000000000000000e+00 1.000000000000000000e+00 2.144405943158600712e+05 2.987644304420732624e+02 
9.201743901559450434e-04 -7.580005256754293597e-02 4.001923001015835618e-02 3.243187958354537601e-08 5.743765745773087017e-03 4.981168058526441200e+01 -2.323222746087372226e-03 4.925656729822216562e+02 3.464956042819986806e+02 0.000000000000000000e+00 1.000000000000000000e+00 2.143914353334775369e+05 2.986959408194834396e+02 
9.304324158208533615e-04 -7.580005256754293597e-02 4.001923001015835618e-02 3.243187958354537601e-08 5.740153703975936147e-03 5.131687317927820402e+01 -2.040077942994534405e-03 4.921302635387179407e+02 3.464513782719968731e+02 0.000000000000000000e+00 1.000000000000000000e+00 2.143367098331541056e+05 2.986196957736843842e+02 
9.402285122283600806e-04 -7.580005256754293597e-02 4.001923001015835618e-02 3.243187958354537601e-08 5.736446323604142694e-03 5.279805346902937657e+01 -2.037219123571884331e-03 4.916825801821221376e+02 3.464056458570798895e+02 0.000000000000000000e+00 1.000000000000000000e+00 2.142801276458225911e+05 2.985408639413757896e+02 
9.500299288262014112e-04 -7.580005256754293597e-02 4.001923001015835618e-02 3.243187958354537601e-08 5.732873438939766787e-03 5.426229362558284919e+01 -3.027612164862201419e-04 4.912528492566127625e+02 3.463621141582269729e+02 0.000000000000000000e+00 1.000000000000000000e+00 2.142262752217083180e+05 2.984658352889429125e+02 
9.603051801920194563e-04 -7.580005256754293597e-02 4.001923001015835618e-02 3.243187958354537601e-08 5.730091705108459992e-03 5.551698334145692826e+01 1.240487511986300547e-03 4.909254476826204154e+02 3.463307106151334551e+02 0.000000000000000000e+00 1.000000000000000000e+00 2.141874305628273287e+05 2.984117158605607756e+02 
9.701188313979187830e-04 -7.580005256754293597e-02 4.001923001015835618e-02 3.243187958354537601e-08 5.728110507935303859e-03 5.637316476769800744e+01 1.937299986914025132e-04 4.906982396818257257e+02 3.463104318309822247e+02 0.000000000000000000e+00 1.000000000000000000e+00 2.141623485624310269e+05 2.983767709398630359e+02 
9.803955490614451890e-04 -7.580005256754293597e-02 4.001923001015835618e-02 3.243187958354537601e-08 5.726340493253661776e-03 5.707821198540774787e+01 -1.324186154301318016e-03 4.904956092383202986e+02 3.462924283757428157e+02 0.000000000000000000e+00 1.000000000000000000e+00 2.141400820542303263e+05 2.983457486389701216e+02 
9.901828899340687530e-04 -7.580005256754293597e-02 4.001923001015835618e-02 3.243187958354537601e-08 5.724996164642780737e-03 5.761619128362902131e+01 -1.347306948455862614e-03 4.903417206096152654e+02 3.462787500077581626e+02 0.000000000000000000e+00 1.000000000000000000e+00 2.141231655480990594e+05 2.983221801055238416e+02 
1.000411693111348576e-03 -7.580005256754293597e-02 4.001923001015835618e-02 3.243187958354537601e-08 5.724248881218317424e-03 5.798426266548233343e+01 -7.779452010738865378e-04 4.902605708142514800e+02 3.462726950919522437e+02 0.000000000000000000e+00 1.000000000000000000e+00 2.141156774397216795e+05 2.983117474705948098e+02 
1.010160380601145399e-03 -7.580005256754293597e-02 4.001923001015835618e-02 3.243187958354537601e-08 5.724358450721488481e-03 5.805496917676850188e+01 -1.242351705656686558e-03 4.902841126693833189e+02 3.462776947531116889e+02 0.000000000000000000e+00 1.000000000000000000e+00 2.141218605063021532e+05 2.983203618860285928e+02 
1.020363816745394015e-03 -7.580005256754293597e-02 4.001923001015835618e-02 3.243187958354537601e-08 5.725102052909079170e-03 5.786088201816601639e+01 -2.991207916523664322e-03 4.903863866212528819e+02 3.462913187421011685e+02 0.000000000000000000e+00 1.000000000000000000e+00 2.141387097073991317e+05 2.983438366482824904e+02 
1.030105029912438755e-03 -7.580005256754293597e-02 4.001923001015835618e-02 3.243187958354537601e-08 5.725791966571080159e-03 5.758410061252767065e+01 -4.981414455627890432e-03 4.904746033724721315e+02 3.463015996998303763e+02 0.000000000000000000e+00 1.000000000000000000e+00 2.141514249190384580e+05 2.983615518247186174e+02 
1.040314366983048416e-03 -7.580005256754293597e-02 4.001923001015835618e-02 3.243187958354537601e-08 5.726047961968013661e-03 5.741184635922324020e+01 -5.521910475770790486e-03 4.905047751045262316e+02 3.463045095666553834e+02 0.000000000000000000e+00 1.000000000000000000e+00 2.141550238325030950e+05 2.983665659282044658e+02 
1.050050786995397308e-03 -7.580005256754293597e-02 4.001923001015835618e-02 3.243187958354537601e-08 5.725759667184928368e-03 5.742423981041442005e+01 -5.132584172787084918e-03 4.904650275628714553e+02 3.462991959076800867e+02 0.000000000000000000e+00 1.000000000000000000e+00 2.141484519398317789e+05 2.983574097897543993e+02 
1.060228419559068559e-03 -7.580005256754293597e-02 4.001923001015835618e-02 3.243187958354537601e-08 5.725283182807634763e-03 5.757964977578685506e+01 -4.768840576935942481e-03 4.904008738888854850e+02 3.462909559630971330e+02 0.000000000000000000e+00 1.000000000000000000e+00 2.141382610389922920e+05 2.983432115513344911e+02 
1.070376256567181399e-03 -7.580005256754293597e-02 4.001923001015835618e-02 3.243187958354537601e-08 5.724739257545840947e-03 5.778567776885672203e+01 -3.884723947746387962e-03 4.903320930652799916e+02 3.462831202617802546e+02 0.000000000000000000e+00 1.000000000000000000e+00 2.141285703182760335e+05 2.983297101773777626e+02 
1.080032460883329198e-03 -7.580005256754293597e-02 4.001923001015835618e-02 3.243187958354537601e-08 5.724601218418453631e-03 5.790646413319984021e+01 -2.212424657021315119e-03 4.903162281017371811e+02 3.462816930511366991e+02 0.000000000000000000e+00 1.000000000000000000e+00 2.141268052542172372e+05 2.983272510424368988e+02 
1.090120476819515490e-03 -7.580005256754293597e-02 4.001923001015835618e-02 3.243187958354537601e-08 5.725319776134539865e-03 5.778773516745169303e+01 -4.265738058390191809e-04 4.904112980831960726e+02 3.462935297349962980e+02 0.000000000000000000e+00 1.000000000000000000e+00 2.141414441720049072e+05 2.983476463782597534e+02 
1.100188608459971851e-03 -7.580005256754293597e-02 4.001923001015835618e-02 3.243187958354537601e-08 5.727028548098965846e-03 5.731934850825263084e+01 6.665793266265931114e-04 4.906281527496935837e+02 3.463184079036387857e+02 0.000000000000000000e+00 1.000000000000000000e+00 2.141722136659128009e+05 2.983905152686007227e+02 
1.110244675411899400e-03 -7.580005256754293597e-02 4.001923001015835618e-02 3.243187958354537601e-08 5.729625697344153251e-03 5.649790233250003979e+01 6.845618014278889848e-04 4.909527428658576582e+02 3.463544225457944208e+02 0.000000000000000000e+00 1.000000000000000000e+00 2.142167607446977345e+05 2.984525794624792070e+02 
1.120290396681256117e-03 -7.580005256754293597e-02 4.001923001015835618e-02 3.243187958354537601e-08 5.732669379715445851e-03 5.542748491518528198e+01 -7.561054620413463438e-04 4.913283352807843016e+02 3.463948891217463597e+02 0.000000000000000000e+00 1.000000000000000000e+00 2.142668200172623910e+05 2.985223233936777092e+02 
1.130325431101715039e-03 -7.580005256754293597e-02 4.001923001015835618e-02 3.243187958354537601e-08 5.735686325874130020e-03 5.427202579884589539e+01 -2.469535382268878143e-03 4.916956973758610161e+02 3.464332160639537506e+02 0.000000000000000000e+00 1.000000000000000000e+00 2.143142378435965220e+05 2.985883871906127638e+02 
1.140347306971524694e-03 -7.580005256754293597e-02 4.001923001015835618e-02 3.243187958354537601e-08 5.738213274257414342e-03 5.320190457518810234e+01 -4.606392014278665875e-03 4.919983882822169790e+02 3.464635212513475722e+02 0.000000000000000000e+00 1.000000000000000000e+00 2.143517349247910315e+05 2.986406291373489239e+02 
1.150356526699653024e-03 -7.580005256754293597e-02 4.001923001015835618e-02 3.243187958354537601e-08 5.740083328245515829e-03 5.235143349070434482e+01 -4.824282882425369803e-03 4.922170786560836291e+02 3.464840591087022403e+02 0.000000000000000000e+00 1.000000000000000000e+00 2.143771486007905041e+05 2.986760361574592935e+02 
1.160360061525380964e-03 -7.580005256754293597e-02 4.001923001015835618e-02 3.243187958354537601e-08 5.741960054425214281e-03 5.161795714928464918e+01 -2.263678629134742437e-03 4.924371955562259018e+02 3.465048829421164100e+02 0.000000000000000000e+00 1.000000000000000000e+00 2.144029176834460523e+05 2.987119383397264301e+02 
1.170359622071469579e-03 -7.580005256754293597e-02 4.001923001015835618e-02 3.243187958354537601e-08 5.744425579198699471e-03 5.073967019274168422e+01 -6.568165906398272568e-04 4.927345288432907751e+02 3.465350859784526278e+02 0.000000000000000000e+00 1.000000000000000000e+00 2.144402960965956445e+05 2.987640149549358171e+02 
1.180353085781252198e-03 -7.580005256754293597e-02 4.001923001015835618e-02 3.243187958354537601e-08 5.747140633455802110e-03 4.968572981458173388e+01 -9.364227603341416899e-04 4.930643822102289846e+02 3.465691659794172210e+02 0.000000000000000000e+00 1.000000000000000000e+00 2.144824764422657900e+05 2.988227817522868577e+02 
1.190335270996605195e-03 -7.580005256754293597e-02 4.001923001015835618e-02 3.243187958354537601e-08 5.749686343997910398e-03 4.859383597899379481e+01 -1.724471377965431946e-03 4.933717980026310670e+02 3.466004333479664297e+02 0.000000000000000000e+00 1.000000000000000000e+00 2.145211792803538265e+05 2.988767035921080151e+02 
1.200299810360084532e-03 -7.580005256754293597e-02 4.001923001015835618e-02 3.243187958354537601e-08 5.751851126939756982e-03 4.758722173143186751e+01 -2.312458061109698339e-03 4.936302160290808274e+02 3.466259455852587621e+02 0.000000000000000000e+00 1.000000000000000000e+00 2.145527609872763860e+05 2.989207040795680541e+02 
1.210244635076006183e-03 -7.580005256754293597e-02 4.001923001015835618e-02 3.243187958354537601e-08 5.753304041347041126e-03 4.678938445005586289e+01 -3.468617902306221721e-03 4.937994210450962669e+02 3.466415702021730567e+02 0.000000000000000000e+00 1.000000000000000000e+00 2.145721039146930561e+05 2.989476531687139413e+02 
1.220175167818016637e-03 -7.580005256754293597e-02 4.001923001015835618e-02 3.243187958354537601e-08 5.754017586191881653e-03 4.629456255287017541e+01 -3.902651653902333793e-03 4.938768568898890976e+02 3.466472531427535273e+02 0.000000000000000000e+00 1.000000000000000000e+00 2.145791394846719049e+05 2.989574553149179792e+02 
1.230099286570719968e-03 -7.580005256754293597e-02 4.001923001015835618e-02 3.243187958354537601e-08 5.754648516185428830e-03 4.597179099236909394e+01 -2.918000099128693556e-03 4.939453360285569943e+02 3.466522799733842817e+02 0.000000000000000000e+00 1.000000000000000000e+00 2.145853628763314628e+05 2.989661259123415675e+02 
1.240023778141499406e-03 -7.580005256754293597e-02 4.001923001015835618e-02 3.243187958354537601e-08 5.755888765028606240e-03 4.555060376915474762e+01 -2.020393904564230046e-03 4.940944534199794589e+02 3.466672464747441609e+02 0.000000000000000000e+00 1.000000000000000000e+00 2.146038924613946583e+05 2.989919418309431762e+02 
1.250402318827498324e-03 -7.580005256754293597e-02 4.001923001015835618e-02 3.243187958354537601e-08 5.758315737387065432e-03 4.470924272484686668e+01 -1.604732213347106898e-03 4.943955354133074707e+02 3.466997678439024639e+02 0.000000000000000000e+00 1.000000000000000000e+00 2.146441589696712035e+05 2.990480422183232463e+02 
1.260336670423799080e-03 -7.580005256754293597e-02 4.001923001015835618e-02 3.243187958354537601e-08 5.760818478416211176e-03 4.362567751346337275e+01 -2.244803802497626153e-03 4.947039345472492755e+02 3.467325428349310528e+02 0.000000000000000000e+00 1.000000000000000000e+00 2.146847433228166192e+05 2.991045854357631697e+02 
1.270284857927058602e-03 -7.580005256754293597e-02 4.001923001015835618e-02 3.243187958354537601e-08 5.762867538181923148e-03 4.255765959694498690e+01 -2.904634750730228105e-03 4.949520942974652371e+02 3.467578346591672585e+02 0.000000000000000000e+00 1.000000000000000000e+00 2.147160641027042293e+05 2.991482223926275310e+02 
1.280244961873329293e-03 -7.580005256754293597e-02 4.001923001015835618e-02 3.243187958354537601e-08 5.764099466899467832e-03 4.173709249647431818e+01 -3.432106675580350215e-03 4.950964591219010345e+02 3.467713384634740805e+02 0.000000000000000000e+00 1.000000000000000000e+00 2.147327878209809423e+05 2.991715223288254606e+02 
1.290206465946390534e-03 -7.580005256754293597e-02 4.001923001015835618e-02 3.243187958354537601e-08 5.764408898387521005e-03 4.130980534445602359e+01 -3.187675631349906873e-03 4.951266519389388918e+02 3.467726043111745753e+02 0.000000000000000000e+00 1.000000000000000000e+00 2.147343555370615504e+05 2.991737065132305702e+02 
1.300163725809699031e-03 -7.580005256754293597e-02 4.001923001015835618e-02 3.243187958354537601e-08 5.764354519113249961e-03 4.118221926132641642e+01 -1.357824841324304374e-03 4.951113791883670956e+02 3.467688916179588432e+02 0.000000000000000000e+00 1.000000000000000000e+00 2.147297574891922995e+05 2.991673003886943434e+02 
1.310116429289940243e-03 -7.580005256754293597e-02 4.001923001015835618e-02 3.243187958354537601e-08 5.764250924796652728e-03 4.117812010555148561e+01 -7.354192677472720131e-04 4.950908328731129586e+02 3.467648123339186554e+02 0.000000000000000000e+00 1.000000000000000000e+00 2.147247054874604219e+05 2.991602618033703607e+02 
1.320064467564947613e-03 -7.580005256754293597e-02 4.001923001015835618e-02 3.243187958354537601e-08 5.764126147931642255e-03 4.121556545016082396e+01 -2.192111933225527731e-03 4.950699911395668096e+02 3.467612665492965789e+02 0.000000000000000000e+00 1.000000000000000000e+00 2.147203142479863018e+05 2.991541438098785193e+02 
1.330009829194160652e-03 -7.580005256754293597e-02 4.001923001015835618e-02 3.243187958354537601e-08 5.763847771927406438e-03 4.132899650365228439e+01 -1.590311367924007301e-03 4.950322754812452217e+02 3.467564310593569985e+02 0.000000000000000000e+00 1.000000000000000000e+00 2.147143258589689212e+05 2.991458006244860712e+02 
1.340409865200538038e-03 -7.580005256754293597e-02 4.001923001015835618e-02 3.243187958354537601e-08 5.764209574295608637e-03 4.133507683023999846e+01 1.411799506411948006e-03 4.950764771013103882e+02 3.467610286267081960e+02 0.000000000000000000e+00 1.000000000000000000e+00 2.147200195968799235e+05 2.991537332939952876e+02 
1.350366366970400878e-03 -7.580005256754293597e-02 4.001923001015835618e-02 3.243187958354537601e-08 5.765094802105443818e-03 4.108323065391233797e+01 2.326819143607052401e-03 4.951873081669958765e+02 3.467732140483882404e+02 0.000000000000000000e+00 1.000000000000000000e+00 2.147351106811594800e+05 2.991747586003926926e+02 
1.360334278014894678e-03 -7.580005256754293597e-02 4.001923001015835618e-02 3.243187958354537601e-08 5.766167182975769946e-03 4.064158562999736546e+01 2.254524613852184733e-03 4.953206134403203578e+02 3.467876349267033902e+02 0.000000000000000000e+00 1.000000000000000000e+00 2.147529709608151752e+05 2.991996420246151160e+02 
1.370312777999107895e-03 -7.580005256754293597e-02 4.001923001015835618e-02 3.243187958354537601e-08 5.766601391349164552e-03 4.023162125167129943e+01 -3.506812319008752784e-03 4.953741093150124470e+02 3.467933043876262786e+02 0.000000000000000000e+00 1.000000000000000000e+00 2.147599928001586231e+05 2.992094250409268739e+02 
1.380299769501560324e-03 -7.580005256754293597e-02 4.001923001015835618e-02 3.243187958354537601e-08 5.766119724004821478e-03 4.013920036203821695e+01 -7.685645202681485808e-03 4.953135483228492717e+02 3.467865888084381822e+02 0.000000000000000000e+00 1.000000000000000000e+00 2.147516753167728602e+05 2.991978368983254768e+02 
1.390294223349648924e-03 -7.580005256754293597e-02 4.001923001015835618e-02 3.243187958354537601e-08 5.765175990659214371e-03 4.038416141059135356e+01 -8.857031071078136017e-03 4.951933178770941595e+02 3.467728765485799727e+02 0.000000000000000000e+00 1.000000000000000000e+00 2.147346926960297860e+05 2.991741762522155454e+02 
1.400299675662910852e-03 -7.580005256754293597e-02 4.001923001015835618e-02 3.243187958354537601e-08 5.764155334542762389e-03 4.084280175930216927e+01 -6.382046626633889469e-03 4.950643485856651864e+02 3.467584125368649097e+02 0.000000000000000000e+00 1.000000000000000000e+00 2.147167797590832342e+05 2.991492194644326332e+02 
1.410319585953283229e-03 -7.580005256754293597e-02 4.001923001015835618e-02 3.243187958354537601e-08 5.763436984835068784e-03 4.130616566628233954e+01 -2.688157349642508569e-03 4.949741373497647032e+02 3.467484249140626389e+02 0.000000000000000000e+00 1.000000000000000000e+00 2.147044110363988730e+05 2.991319870257710818e+02 
1.420351317569271696e-03 -7.580005256754293597e-02 4.001923001015835618e-02 3.243187958354537601e-08 5.762942753929882131e-03 4.166501616309449929e+01 -9.037993826057050912e-04 4.949135182315710608e+02 3.467420586230921913e+02 0.000000000000000000e+00 1.000000000000000000e+00 2.146965271753212728e+05 2.991210030174864301e+02 
1.430387439432302156e-03 -7.580005256754293597e-02 4.001923001015835618e-02 3.243187958354537601e-08 5.762361779080356350e-03 4.197708417081411625e+01 -2.710583401322507803e-04 4.948428642830124318e+02 3.467347852444879095e+02 0.000000000000000000e+00 1.000000000000000000e+00 2.146875201759663178e+05 2.991084542226052463e+02 
1.440423226557413158e-03 -7.580005256754293597e-02 4.001923001015835618e-02 3.243187958354537601e-08 5.761471577068989595e-03 4.234804390073185232e+01 -5.779677368762737352e-04 4.947336764826882245e+02 3.467233122825649048e+02 0.000000000000000000e+00 1.000000000000000000e+00 2.146733130003447004e+05 2.990886604016342858e+02 
1.450004010725765508e-03 -7.580005256754293597e-02 4.001923001015835618e-02 3.243187958354537601e-08 5.760038039324050403e-03 4.288892261989037991e+01 -1.438438202247354714e-03 4.945561485571299727e+02 3.467042336184791793e+02 0.000000000000000000e+00 1.000000000000000000e+00 2.146496885874589207e+05 2.990557462312419830e+02 
1.460045651140227984e-03 -7.580005256754293597e-02 4.001923001015835618e-02 3.243187958354537601e-08 5.758278780678084165e-03 4.363894005347815863e+01 -2.327372704349331325e-03 4.943395994721107627e+02 3.466812669697357023e+02 0.000000000000000000e+00 1.000000000000000000e+00 2.146212515495378175e+05 2.990161269816074991e+02 
1.470093692517928209e-03 -7.580005256754293597e-02 4.001923001015835618e-02 3.243187958354537601e-08 5.756627372758808467e-03 4.444872123105056261e+01 -1.252315988339856726e-03 4.941381534477037576e+02 3.466603351957907080e+02 0.000000000000000000e+00 1.000000000000000000e+00 2.145953357108177734e+05 2.989800203348258378e+02 
1.480150770934562455e-03 -7.580005256754293597e-02 4.001923001015835618e-02 3.243187958354537601e-08 5.755690775705177981e-03 4.505859950932418911e+01 -2.577811779926190744e-04 4.940283997558807414e+02 3.466500354006909674e+02 0.000000000000000000e+00 1.000000000000000000e+00 2.145825840058933827e+05 2.989622543149588410e+02 
1.490218858313133209e-03 -7.580005256754293597e-02 4.001923001015835618e-02 3.243187958354537601e-08 5.755225899753311017e-03 4.543483657715711388e+01 6.226807523903419997e-04 4.939776523799217216e+02 3.466462299780632748e+02 0.000000000000000000e+00 1.000000000000000000e+00 2.145778727821506327e+05 2.989556905107375542e+02 
1.500295525151380946e-03 -7.580005256754293597e-02 4.001923001015835618e-02 3.243187958354537601e-08 5.755271821717121601e-03 4.555933129940264337e+01 9.791039884846411932e-04 4.939896788283083424e+02 3.466490667166573303e+02 0.000000000000000000e+00 1.000000000000000000e+00 2.145813847420170205e+05 2.989605834681207739e+02 
1.510376331747545356e-03 -7.580005256754293597e-02 4.001923001015835618e-02 3.243187958354537601e-08 5.755483519478647204e-03 4.552359263553073276e+01 -2.045394385504362015e-04 4.940223435171646997e+02 3.466541519997741148e+02 0.000000000000000000e+00 1.000000000000000000e+00 2.145876805333616212e+05 2.989693549347418866e+02 
1.520000731672208148e-03 -7.580005256754293597e-02 4.001923001015835618e-02 3.243187958354537601e-08 5.755499919920362834e-03 4.546051506307288292e+01 -2.912891988496122114e-03 4.940284428696444365e+02 3.466557980395369327e+02 0.000000000000000000e+00 1.000000000000000000e+00 2.145897184186218074e+05 2.989721941715524736e+02 
1.530086760999661887e-03 -7.580005256754293597e-02 4.001923001015835618e-02 3.243187958354537601e-08 5.754908400047863311e-03 4.554367818182603145e+01 -6.682173260455079832e-03 4.939564588829546210e+02 3.466483556272383453e+02 0.000000000000000000e+00 1.000000000000000000e+00 2.145805043911934481e+05 2.989593569395652253e+02 
1.540178301992218462e-03 -7.580005256754293597e-02 4.001923001015835618e-02 3.243187958354537601e-08 5.753703049166081565e-03 4.591747305068208362e+01 -6.610586458375108596e-03 4.938058803378862081e+02 3.466318176323403577e+02 0.000000000000000000e+00 1.000000000000000000e+00 2.145600303483929893e+05 2.989308319499024833e+02 
1.550277378348072351e-03 -7.580005256754293597e-02 4.001923001015835618e-02 3.243187958354537601e-08 5.752247316381771738e-03 4.649917920544702099e+01 -5.400176933236482471e-03 4.936242884719652579e+02 3.466119272533018147e+02 0.000000000000000000e+00 1.000000000000000000e+00 2.145354073468717397e+05 2.988965265188401759e+02 
1.560384209362289604e-03 -7.580005256754293597e-02 4.001923001015835618e-02 3.243187958354537601e-08 5.750589041105909870e-03 4.720389000037332750e+01 -4.090455094749512709e-03 4.934191457509504062e+02 3.465898580431193068e+02 0.000000000000000000e+00 1.000000000000000000e+00 2.145080887470528542e+05 2.988584655073912586e+02 
1.570033971581731276e-03 -7.580005256754293597e-02 4.001923001015835618e-02 3.243187958354537601e-08 5.749036050446356197e-03 4.791182150323031408e+01 -2.699926798194761217e-03 4.932290493681169892e+02 3.465698874895290942e+02 0.000000000000000000e+00 1.000000000000000000e+00 2.144833694901872077e+05 2.988240259707822020e+02 
1.580139094247356600e-03 -7.580005256754293597e-02 4.001923001015835618e-02 3.243187958354537601e-08 5.747662437313128155e-03 4.858550360277662605e+01 -1.386330910399297903e-03 4.930635284403361993e+02 3.465531338725209594e+02 0.000000000000000000e+00 1.000000000000000000e+00 2.144626332086882612e+05 2.987951356230787496e+02 
1.590237042893473266e-03 -7.580005256754293597e-02 4.001923001015835618e-02 3.243187958354537601e-08 5.746661637419894775e-03 4.911334281735519625e+01 -5.429809575967868953e-04 4.929459009731946821e+02 3.465419655314173042e+02 0.000000000000000000e+00 1.000000000000000000e+00 2.144488104899608006e+05 2.987758774378412454e+02 
1.600327203648614595e-03 -7.580005256754293597e-02 4.001923001015835618e-02 3.243187958354537601e-08 5.746044884165658721e-03 4.946741439843539467e+01 -5.485766925292824558e-04 4.928766088051636984e+02 3.465362046890705869e+02 0.000000000000000000e+00 1.000000000000000000e+00 2.144416806434025930e+05 2.987659439429593817e+02 
1.610413005858149027e-03 -7.580005256754293597e-02 4.001923001015835618e-02 3.243187958354537601e-08 5.745735856324591176e-03 4.966779564005327074e+01 -1.059976024978621402e-03 4.928454915627461901e+02 3.465345840258992780e+02 0.000000000000000000e+00 1.000000000000000000e+00 2.144396748678626318e+05 2.987631494422786318e+02 
1.620043030963675247e-03 -7.580005256754293597e-02 4.001923001015835618e-02 3.243187958354537601e-08 5.745661521145070672e-03 4.974507234193128369e+01 -1.305405055042591295e-03 4.928418200066835766e+02 3.465355348829953073e+02 0.000000000000000000e+00 1.000000000000000000e+00 2.144408516725780210e+05 2.987647889984068001e+02 
1.630140330032233721e-03 -7.580005256754293597e-02 4.001923001015835618e-02 3.243187958354537601e-08 5.745847824292714921e-03 4.972062832601251614e+01 -1.093125852344986821e-03 4.928688805210082364e+02 3.465394301556052028e+02 0.000000000000000000e+00 1.000000000000000000e+00 2.144456725938777963e+05 2.987715056362287100e+02 
1.640243371028662434e-03 -7.580005256754293597e-02 4.001923001015835618e-02 3.243187958354537601e-08 5.746114732317899113e-03 4.962199612543978589e+01 -1.682132158126273822e-03 4.929040593817765057e+02 3.465437483929406426e+02 0.000000000000000000e+00 1.000000000000000000e+00 2.144510170539817191e+05 2.987789516824591942e+02 
1.650343627521917971e-03 -7.580005256754293597e-02 4.001923001015835618e-02 3.243187958354537601e-08 5.746264127388407174e-03 4.953175080217646098e+01 -2.412221539022690615e-03 4.929228866801290110e+02 3.465458617910363159e+02 0.000000000000000000e+00 1.000000000000000000e+00 2.144536327223072294e+05 2.987825959022487723e+02 
1.660435821077057943e-03 -7.580005256754293597e-02 4.001923001015835618e-02 3.243187958354537601e-08 5.746278391070221842e-03 4.948978510345335025e+01 -2.684682772212248873e-03 4.929245073619489403e+02 3.465460013876974585e+02 0.000000000000000000e+00 1.000000000000000000e+00 2.144538054960750742e+05 2.987828366153306661e+02 
1.670060378980578594e-03 -7.580005256754293597e-02 4.001923001015835618e-02 3.243187958354537601e-08 5.746210664946494427e-03 4.948560158371602569e+01 -2.849611310633150436e-03 4.929160669390597036e+02 3.465450766053237430e+02 0.000000000000000000e+00 1.000000000000000000e+00 2.144526609274816292e+05 2.987812419714387033e+02 
1.680137292275335177e-03 -7.580005256754293597e-02 4.001923001015835618e-02 3.243187958354537601e-08 5.746151651590611885e-03 4.949913619392902575e+01 -2.842377090234684406e-03 4.929090774205377556e+02 3.465443991062196574e+02 0.000000000000000000e+00 1.000000000000000000e+00 2.144518224140908278e+05 2.987800737319249720e+02 
1.690214376687443386e-03 -7.580005256754293597e-02 4.001923001015835618e-02 3.243187958354537601e-08 5.746219777209727458e-03 4.950068935542137183e+01 -1.920196729063391571e-03 4.929175299982831007e+02 3.465453161341512214e+02 0.000000000000000000e+00 1.000000000000000000e+00 2.144529573830693262e+05 2.987816550013740766e+02 
1.700294542680259218e-03 -7.580005256754293597e-02 4.001923001015835618e-02 3.243187958354537601e-08 5.746522807939355611e-03 4.943755385982377959e+01 -1.466063266735799335e-03 4.929542687609378504e+02 3.465490928456738402e+02 0.000000000000000000e+00 1.000000000000000000e+00 2.144576317002847791e+05 2.987881673864242771e+02 
1.710372248447778127e-03 -7.580005256754293597e-02 4.001923001015835618e-02 3.243187958354537601e-08 5.746748666200963626e-03 4.933600079436495633e+01 -2.299088358415789582e-03 4.929816870127295942e+02 3.465519200106986091e+02 0.000000000000000000e+00 1.000000000000000000e+00 2.144611308269672154e+05 2.987930424642688081e+02 
1.720438701096891178e-03 -7.580005256754293597e-02 4.001923001015835618e-02 3.243187958354537601e-08 5.746730058206947316e-03 4.928907533248887773e+01 -3.113504749026940310e-03 4.929788150191664045e+02 3.465514716128162718e+02 0.000000000000000000e+00 1.000000000000000000e+00 2.144605758518010553e+05 2.987922692578712258e+02 
1.730033784195492141e-03 -7.580005256754293597e-02 4.001923001015835618e-02 3.243187958354537601e-08 5.746529519291825039e-03 4.932271165933758539e+01 -3.641019959192525867e-03 4.929531477447440011e+02 3.465484964391204699e+02 0.000000000000000000e+00 1.000000000000000000e+00 2.144568935432412254e+05 2.987871389660853083e+02 
1.740075589935945145e-03 -7.580005256754293597e-02 4.001923001015835618e-02 3.243187958354537601e-08 5.746257333896069922e-03 4.942353618204359833e+01 -3.539961171184284952e-03 4.929182320994155475e+02 3.465444304528410839e+02 0.000000000000000000e+00 1.000000000000000000e+00 2.144518612105071952e+05 2.987801277841405749e+02 
1.750112302964959175e-03 -7.580005256754293597e-02 4.001923001015835618e-02 3.243187958354537601e-08 5.746292007726895579e-03 4.946492283492564468e+01 -2.722968248578610910e-03 4.929238160934981465e+02 3.465453477976878389e+02 0.000000000000000000e+00 1.000000000000000000e+00 2.144529965718222666e+05 2.987817096002035555e+02 
1.760150022013555297e-03 -7.580005256754293597e-02 4.001923001015835618e-02 3.243187958354537601e-08 5.747034248045962065e-03 4.931266468863011454e+01 -1.711724459271974155e-03 4.930190173347740483e+02 3.465564299640639661e+02 0.000000000000000000e+00 1.000000000000000000e+00 2.144667127668520843e+05 2.988008193737471174e+02 
1.770192401905305553e-03 -7.580005256754293597e-02 4.001923001015835618e-02 3.243187958354537601e-08 5.748354070764228468e-03 4.887844034786305514e+01 -1.778856272171437615e-03 4.931853245017588279e+02 3.465750822524345267e+02 0.000000000000000000e+00 1.000000000000000000e+00 2.144897993540746102e+05 2.988329842308926914e+02 
1.780238388534175495e-03 -7.580005256754293597e-02 4.001923001015835618e-02 3.243187958354537601e-08 5.749743751704327992e-03 4.831130219525800840e+01 -1.867416421072702311e-03 4.933571071088487088e+02 3.465935427565028704e+02 0.000000000000000000e+00 1.000000000000000000e+00 2.145126497866138525e+05 2.988648200709524190e+02 
1.790284565674461542e-03 -7.580005256754293597e-02 4.001923001015835618e-02 3.243187958354537601e-08 5.750654319962978864e-03 4.782545187099081119e+01 -2.275377095245949451e-03 4.934660542890011925e+02 3.466043652467859033e+02 0.000000000000000000e+00 1.000000000000000000e+00 2.145260464430845750e+05 2.988834846547410962e+02 
1.800328722332774451e-03 -7.580005256754293597e-02 4.001923001015835618e-02 3.243187958354537601e-08 5.750956043314310248e-03 4.756735345806966109e+01 -1.984271778515044223e-03 4.934982496824025020e+02 3.466065791844843034e+02 0.000000000000000000e+00 1.000000000000000000e+00 2.145287870249467960e+05 2.988873029074453029e+02 
1.810369001263321086e-03 -7.580005256754293597e-02 4.001923001015835618e-02 3.243187958354537601e-08 5.751041392025865902e-03 4.746628572485342801e+01 -1.767529742345432843e-03 4.935038629197815112e+02 3.466059784534731989e+02 0.000000000000000000e+00 1.000000000000000000e+00 2.145280433923027012e+05 2.988862668583517461e+02 
1.820401648222332285e-03 -7.580005256754293597e-02 4.001923001015835618e-02 3.243187958354537601e-08 5.751043166399109723e-03 4.743316101619522129e+01 -1.786111123652322922e-03 4.934999217394223479e+02 3.466045409634118641e+02 0.000000000000000000e+00 1.000000000000000000e+00 2.145262639579597453e+05 2.988837877023426586e+02 
1.830423702273416796e-03 -7.580005256754293597e-02 4.001923001015835618e-02 3.243187958354537601e-08 5.751105999982399249e-03 4.740800923038874259e+01 -2.100312409970267816e-03 4.935051892134767400e+02 3.466044973108473641e+02 0.000000000000000000e+00 1.000000000000000000e+00 2.145262099216164206e+05 2.988837124174490327e+02 
1.840436233208711872e-03 -7.580005256754293597e-02 4.001923001015835618e-02 3.243187958354537601e-08 5.751328639880381316e-03 4.735279276233104895e+01 -1.481072467560489835e-03 4.935315004389516389e+02 3.466070278422005799e+02 0.000000000000000000e+00 1.000000000000000000e+00 2.145293424100072007e+05 2.988880766849186443e+02 
1.850445005258548846e-03 -7.580005256754293597e-02 4.001923001015835618e-02 3.243187958354537601e-08 5.751855702468956430e-03 4.720544137016336350e+01 -3.995403648664058466e-04 4.935965544511537928e+02 3.466139889807790837e+02 0.000000000000000000e+00 1.000000000000000000e+00 2.145379595663708169e+05 2.989000823400103286e+02 
1.860453785578780389e-03 -7.580005256754293597e-02 4.001923001015835618e-02 3.243187958354537601e-08 5.752857576582869233e-03 4.688629114590622038e+01 8.053903068660355239e-04 4.937213130579361859e+02 3.466276033233112344e+02 0.000000000000000000e+00 1.000000000000000000e+00 2.145548131886836200e+05 2.989235632620215029e+02 
1.870008972287734309e-03 -7.580005256754293597e-02 4.001923001015835618e-02 3.243187958354537601e-08 5.754432607463852087e-03 4.634318846652669777e+01 1.212163797268819799e-03 4.939175255839431884e+02 3.466490241356684692e+02 0.000000000000000000e+00 1.000000000000000000e+00 2.145813320253772254e+05 2.989605100218737448e+02 
1.880020691665750541e-03 -7.580005256754293597e-02 4.001923001015835618e-02 3.243187958354537601e-08 5.755833742954034361e-03 4.564776626836584938e+01 -3.808312096914148910e-03 4.940909702189650829e+02 3.466676814767237715e+02 0.000000000000000000e+00 1.000000000000000000e+00 2.146044310365128913e+05 2.989926921883508157e+02 
1.890033532299193820e-03 -7.580005256754293597e-02 4.001923001015835618e-02 3.243187958354537601e-08 5.755983204226121364e-03 4.525953953464902924e+01 -8.443876857868976710e-03 4.941071640346646063e+02 3.466688615092355690e+02 0.000000000000000000e+00 1.000000000000000000e+00 2.146058920359098993e+05 2.989947276921886896e+02 
1.900047185505329391e-03 -7.580005256754293597e-02 4.001923001015835618e-02 3.243187958354537601e-08 5.755099454686377590e-03 4.534955421366077388e+01 -8.394902533045063911e-03 4.939893894913476515e+02 3.466541562815930320e+02 0.000000000000000000e+00 1.000000000000000000e+00 2.145876858344698558e+05 2.989693623203891093e+02 
1.910062838307434235e-03 -7.580005256754293597e-02 4.001923001015835618e-02 3.243187958354537601e-08 5.754629594442661582e-03 4.563897923817976476e+01 -3.804527293294180865e-03 4.939249253067628160e+02 3.466456876470869020e+02 0.000000000000000000e+00 1.000000000000000000e+00 2.145772013648602297e+05 2.989547550740260817e+02 
1.920082129104595759e-03 -7.580005256754293597e-02 4.001923001015835618e-02 3.243187958354537601e-08 5.754963727860693684e-03 4.569228123686775689e+01 -2.103631536522845152e-03 4.939668550737219448e+02 3.466503371752438056e+02 0.000000000000000000e+00 1.000000000000000000e+00 2.145829576137682307e+05 2.989627748355454173e+02 
1.930105348843945369e-03 -7.580005256754293597e-02 4.001923001015835618e-02 3.243187958354537601e-08 5.755792402281028827e-03 4.547694800026668105e+01 -9.587467547154146334e-04 4.940714105841844912e+02 3.466620645567949168e+02 0.000000000000000000e+00 1.000000000000000000e+00 2.145974767906775523e+05 2.989830033451410145e+02 
1.940131237039265490e-03 -7.580005256754293597e-02 4.001923001015835618e-02 3.243187958354537601e-08 5.756451795965645060e-03 4.518151639023413679e+01 -3.922562311960359010e-04 4.941522132416704949e+02 3.466705537083784066e+02 0.000000000000000000e+00 1.000000000000000000e+00 2.146079871579887113e+05 2.989976466728816149e+02 
1.950156636804827601e-03 -7.580005256754293597e-02 4.001923001015835618e-02 3.243187958354537601e-08 5.756572872814456725e-03 4.500711991331343143e+01 -1.229069483410965289e-03 4.941648340521330169e+02 3.466713349282115360e+02 0.000000000000000000e+00 1.000000000000000000e+00 2.146089543944789912e+05 2.989989942528957272e+02 
1.960178132057808619e-03 -7.580005256754293597e-02 4.001923001015835618e-02 3.243187958354537601e-08 5.755964620865915669e-03 4.508847765472602021e+01 -2.268544584888601903e-03 4.940840684632049715e+02 3.466613190151018671e+02 0.000000000000000000e+00 1.000000000000000000e+00 2.145965537523039966e+05 2.989817173431373476e+02 
1.970193400356389391e-03 -7.580005256754293597e-02 4.001923001015835618e-02 3.243187958354537601e-08 5.755185155041519889e-03 4.538530491029710845e+01 -1.604670063390419097e-03 4.939841817031202709e+02 3.466497480030559473e+02 0.000000000000000000e+00 1.000000000000000000e+00 2.145822281974682119e+05 2.989617585930465111e+02 
1.980203864688791313e-03 -7.580005256754293597e-02 4.001923001015835618e-02 3.243187958354537601e-08 5.754698703623465847e-03 4.566579174092982640e+01 -1.121050979472666773e-03 4.939241403635979850e+02 3.466433307342625199e+02 0.000000000000000000e+00 1.000000000000000000e+00 2.145742834688274015e+05 2.989506897824280713e+02 
1.990215620700881791e-03 -7.580005256754293597e-02 4.001923001015835618e-02 3.243187958354537601e-08 5.754650420896074980e-03 4.580373973226799933e+01 -4.389658123798661051e-04 4.939201895822009192e+02 3.466433985691870134e+02 0.000000000000000000e+00 1.000000000000000000e+00 2.145743674492790014e+05 2.989508067862624898e+02 
2.000233987440015303e-03 -7.580005256754293597e-02 4.001923001015835618e-02 3.243187958354537601e-08 5.755273419509985763e-03 4.569848676076339444e+01 3.959697322649467885e-04 4.940028594323779885e+02 3.466536432015746527e+02 0.000000000000000000e+00 1.000000000000000000e+00 2.145870506159368379e+05 2.989684773167645062e+02 
2.010259464664509912e-03 -7.580005256754293597e-02 4.001923001015835618e-02 3.243187958354537601e-08 5.756399879343607195e-03 4.532954686511233433e+01 9.218384351288242675e-04 4.941461575427711068e+02 3.466699928131891397e+02 0.000000000000000000e+00 1.000000000000000000e+00 2.146072927091011079e+05 2.989966791479265567e+02 
2.020289506711120311e-03 -7.580005256754293597e-02 4.001923001015835618e-02 3.243187958354537601e-08 5.757663993430950020e-03 4.478235433442527125e+01 -1.178436187792015815e-03 4.943043188570021016e+02 3.466874032421682728e+02 0.000000000000000000e+00 1.000000000000000000e+00 2.146288492264246161e+05 2.990267122703445466e+02 
2.030321789993462436e-03 -7.580005256754293597e-02 4.001923001015835618e-02 3.243187958354537601e-08 5.758281865194270037e-03 4.432336588375792985e+01 -5.218108126772135272e-03 4.943797157640631212e+02 3.466952406424163087e+02 0.000000000000000000e+00 1.000000000000000000e+00 2.146385533644696116e+05 2.990402323376862341e+02 
2.040355912890499512e-03 -7.580005256754293597e-02 4.001923001015835618e-02 3.243187958354537601e-08 5.757658393493806682e-03 4.426433577321649437e+01 -7.405471791752617737e-03 4.942982442536369945e+02 3.466854415748199472e+02 0.000000000000000000e+00 1.000000000000000000e+00 2.146264203570141690e+05 2.990233283038509171e+02 
2.050392319266143310e-03 -7.580005256754293597e-02 4.001923001015835618e-02 3.243187958354537601e-08 5.756635146196649802e-03 4.459246954329892532e+01 -5.732562734561165441e-03 4.941637861198498740e+02 3.466690922589585853e+02 0.000000000000000000e+00 1.000000000000000000e+00 2.146061777279470698e+05 2.989951257260545958e+02 
2.060431733639880771e-03 -7.580005256754293597e-02 4.001923001015835618e-02 3.243187958354537601e-08 5.755765044754539844e-03 4.501881480766381571e+01 -4.202463869193337996e-03 4.940531348325962995e+02 3.466564768025190233e+02 0.000000000000000000e+00 1.000000000000000000e+00 2.145905587663132465e+05 2.989733649666633823e+02 
2.070018039395516655e-03 -7.580005256754293597e-02 4.001923001015835618e-02 3.243187958354537601e-08 5.755144299324083113e-03 4.537305889285378413e+01 -3.166786063556178109e-03 4.939766898418704386e+02 3.466483497341647535e+02 0.000000000000000000e+00 1.000000000000000000e+00 2.145804970953924931e+05 2.989593467748582043e+02 
2.080063864335506430e-03 -7.580005256754293597e-02 4.001923001015835618e-02 3.243187958354537601e-08 5.754597379151221888e-03 4.567775426648410786e+01 -2.016373813309672337e-03 4.939107691676058494e+02 3.466416903685843067e+02 0.000000000000000000e+00 1.000000000000000000e+00 2.145722526814097946e+05 2.989478604345235908e+02 
2.090111253315304462e-03 -7.580005256754293597e-02 4.001923001015835618e-02 3.243187958354537601e-08 5.754086412777442705e-03 4.594378706124373934e+01 -1.034651870456867974e-03 4.938495762122367410e+02 3.466356058605846329e+02 0.000000000000000000e+00 1.000000000000000000e+00 2.145647200898831652e+05 2.989373658244690546e+02 
2.100156394887717302e-03 -7.580005256754293597e-02 4.001923001015835618e-02 3.243187958354537601e-08 5.753601664007439859e-03 4.618260230249947540e+01 -6.349865006359289073e-04 4.937916408846124341e+02 3.466298738058505933e+02 0.000000000000000000e+00 1.000000000000000000e+00 2.145576239547498117e+05 2.989274792972552177e+02 
2.110196299862423901e-03 -7.580005256754293597e-02 4.001923001015835618e-02 3.243187958354537601e-08 5.753241321477226868e-03 4.638634339936842110e+01 -7.911126273668915750e-05 4.937492706444336932e+02 3.466258566329842097e+02 0.000000000000000000e+00 1.000000000000000000e+00 2.145526508688394970e+05 2.989205506595862403e+02 
2.120234201206979818e-03 -7.580005256754293597e-02 4.001923001015835618e-02 3.243187958354537601e-08 5.753164054252774863e-03 4.648720970040398015e+01 -3.386534083529657655e-04 4.937426686657926211e+02 3.466258668744798683e+02 0.000000000000000000e+00 1.000000000000000000e+00 2.145526635472940397e+05 2.989205683235516631e+02 
2.130276176477282832e-03 -7.580005256754293597e-02 4.001923001015835618e-02 3.243187958354537601e-08 5.753186539684432103e-03 4.649698698996784429e+01 -1.407345853966119557e-03 4.937481953802143835e+02 3.466271294784252177e+02 0.000000000000000000e+00 1.000000000000000000e+00 2.145542265900945931e+05 2.989227459970167047e+02 
2.140327805574283090e-03 -7.580005256754293597e-02 4.001923001015835618e-02 3.243187958354537601e-08 5.753232337683853587e-03 4.647937520406276946e+01 -1.965930638800978542e-03 4.937563472678636458e+02 3.466286112519121048e+02 0.000000000000000000e+00 1.000000000000000000e+00 2.145560609614807181e+05 2.989253016927987687e+02 
2.150388877301161010e-03 -7.580005256754293597e-02 4.001923001015835618e-02 3.243187958354537601e-08 5.753332660987076595e-03 4.644636684044530028e+01 -1.720502231936980745e-03 4.937699081302926061e+02 3.466303490322242169e+02 0.000000000000000000e+00 1.000000000000000000e+00 2.145582122682171466e+05 2.989282989514748010e+02 
2.160452994567731329e-03 -7.580005256754293597e-02 4.001923001015835618e-02 3.243187958354537601e-08 5.753542951544593498e-03 4.637543931019867216e+01 -1.639036296098474697e-03 4.937963941476414220e+02 3.466333107494269257e+02 0.000000000000000000e+00 1.000000000000000000e+00 2.145618787876942370e+05 2.989334072454840339e+02 
2.170056596594477447e-03 -7.580005256754293597e-02 4.001923001015835618e-02 3.243187958354537601e-08 5.753669448038276069e-03 4.630103871378278768e+01 -2.273679548714206688e-03 4.938119833801604841e+02 3.466349718311164452e+02 0.000000000000000000e+00 1.000000000000000000e+00 2.145639351720694685e+05 2.989362722557615939e+02 
2.180112522633817409e-03 -7.580005256754293597e-02 4.001923001015835618e-02 3.243187958354537601e-08 5.753458879408627005e-03 4.630455434983515062e+01 -3.400001409503630809e-03 4.937851944106775477e+02 3.466319122959652077e+02 0.000000000000000000e+00 1.000000000000000000e+00 2.145601475392101856e+05 2.989309952233156764e+02 
2.190165767413515107e-03 -7.580005256754293597e-02 4.001923001015835618e-02 3.243187958354537601e-08 5.752965595075618631e-03 4.645263983547761910e+01 -3.279220876747793948e-03 4.937221509446779351e+02 3.466246432689358699e+02 0.000000000000000000e+00 1.000000000000000000e+00 2.145511487880662025e+05 2.989184579200648386e+02 
2.200219520596867918e-03 -7.580005256754293597e-02 4.001923001015835618e-02 3.243187958354537601e-08 5.752527258899041429e-03 4.666043864699733490e+01 -2.175834774845507389e-03 4.936671819960297398e+02 3.466185520858900304e+02 0.000000000000000000e+00 1.000000000000000000e+00 2.145436083037837234e+05 2.989079523136095986e+02 
2.210276832895717841e-03 -7.580005256754293597e-02 4.001923001015835618e-02 3.243187958354537601e-08 5.752377027929976398e-03 4.679522561726063401e+01 -1.778802877843075692e-03 4.936498403316840609e+02 3.466169900737544936e+02 0.000000000000000000e+00 1.000000000000000000e+00 2.145416746567664377e+05 2.989052583043356890e+02 
2.220338479991892672e-03 -7.580005256754293597e-02 4.001923001015835618e-02 3.243187958354537601e-08 5.752239150557303740e-03 4.686240664189350014e+01 -2.893846606749061849e-03 4.936345490259723192e+02 3.466157756262517751e+02 0.000000000000000000e+00 1.000000000000000000e+00 2.145401712731931184e+05 2.989031637497180895e+02 
2.230400101062941873e-03 -7.580005256754293597e-02 4.001923001015835618e-02 3.243187958354537601e-08 5.751698555405668906e-03 4.700822407419607174e+01 -4.341425270332122457e-03 4.935683328315233780e+02 3.466088148291901803e+02 0.000000000000000000e+00 1.000000000000000000e+00 2.145315544951711490e+05 2.988911586217422496e+02 
2.240456695250499144e-03 -7.580005256754293597e-02 4.001923001015835618e-02 3.243187958354537601e-08 5.750803111815417680e-03 4.731975164387813493e+01 -3.826243865432369870e-03 4.934568186675402899e+02 3.465966378649908393e+02 0.000000000000000000e+00 1.000000000000000000e+00 2.145164810344922007e+05 2.988701578690213978e+02 
2.250051168660612694e-03 -7.580005256754293597e-02 4.001923001015835618e-02 3.243187958354537601e-08 5.750111656083866513e-03 4.765625250282687375e+01 -2.490930631838079393e-03 4.933717775063296926e+02 3.465876076081792689e+02 0.000000000000000000e+00 1.000000000000000000e+00 2.145053031206450833e+05 2.988545844974090073e+02 
2.260100060576974990e-03 -7.580005256754293597e-02 4.001923001015835618e-02 3.243187958354537601e-08 5.749871857619094813e-03 4.788129408693305322e+01 -1.282715997106966032e-03 4.933449152657154855e+02 3.465853992306351188e+02 0.000000000000000000e+00 1.000000000000000000e+00 2.145025695711763401e+05 2.988507760424253661e+02 
2.270150188200989808e-03 -7.580005256754293597e-02 4.001923001015835618e-02 3.243187958354537601e-08 5.750261440858911444e-03 4.786182207007485800e+01 -8.508815591412336940e-04 4.933983331207309675e+02 3.465924208118764227e+02 0.000000000000000000e+00 1.000000000000000000e+00 2.145112610075658304e+05 2.988628851864561966e+02 
2.280204650382067731e-03 -7.580005256754293597e-02 4.001923001015835618e-02 3.243187958354537601e-08 5.750934019795826517e-03 4.763998130058078573e+01 -1.412957771984946513e-03 4.934859201026699793e+02 3.466029130067818187e+02 0.000000000000000000e+00 1.000000000000000000e+00 2.145242487585477938e+05 2.988809800720688372e+02 
2.290265493995962288e-03 -7.580005256754293597e-02 4.001923001015835618e-02 3.243187958354537601e-08 5.751559367923925539e-03 4.736184705843547249e+01 -1.941968924252541334e-03 4.935643788193394244e+02 3.466116203888715859e+02 0.000000000000000000e+00 1.000000000000000000e+00 2.145350274796414596e+05 2.988959972775504639e+02 
2.300330879587853244e-03 -7.580005256754293597e-02 4.001923001015835618e-02 3.243187958354537601e-08 5.751763526856953912e-03 4.718424770389637501e+01 -2.181606146053925895e-03 4.935884363268763195e+02 3.466139159285111191e+02 0.000000000000000000e+00 1.000000000000000000e+00 2.145378691344588879e+05 2.988999563478270147e+02 
2.310395930365628531e-03 -7.580005256754293597e-02 4.001923001015835618e-02 3.243187958354537601e-08 5.751564253939566232e-03 4.716730008130492990e+01 -2.127294732963652072e-03 4.935603007629561034e+02 3.466100412288615189e+02 0.000000000000000000e+00 1.000000000000000000e+00 2.145330726440590515e+05 2.988932737477950923e+02 
2.320456451525031594e-03 -7.580005256754293597e-02 4.001923001015835618e-02 3.243187958354537601e-08 5.751078706785818853e-03 4.731046820770946937e+01 -1.968691565445769478e-03 4.934954896725423623e+02 3.466019135855478339e+02 0.000000000000000000e+00 1.000000000000000000e+00 2.145230116092206736e+05 2.988792564421970610e+02 
2.330053600579840966e-03 -7.580005256754293597e-02 4.001923001015835618e-02 3.243187958354537601e-08 5.750691126747168799e-03 4.748870776006056360e+01 -1.804712925130252769e-03 4.934463937530177304e+02 3.465963513363122388e+02 0.000000000000000000e+00 1.000000000000000000e+00 2.145161263565079134e+05 2.988696637220698449e+02 
2.340100450818762435e-03 -7.580005256754293597e-02 4.001923001015835618e-02 3.243187958354537601e-08 5.750439331434645772e-03 4.764178392300675569e+01 -1.541770294912001103e-03 4.934160734681611302e+02 3.465932906167414558e+02 0.000000000000000000e+00 1.000000000000000000e+00 2.145123376795375661e+05 2.988643852349401868e+02 
2.350140894878506494e-03 -7.580005256754293597e-02 4.001923001015835618e-02 3.243187958354537601e-08 5.750532312480400969e-03 4.767744588317638232e+01 -1.183768496847903504e-03 4.934297803189112415e+02 3.465953025726319083e+02 0.000000000000000000e+00 1.000000000000000000e+00 2.145148281525255006e+05 2.988678550292025307e+02 
2.360179599309078068e-03 -7.580005256754293597e-02 4.001923001015835618e-02 3.243187958354537601e-08 5.750918493852110076e-03 4.758541621387378484e+01 -9.441076095897480563e-04 4.934807476150762682e+02 3.466015644024367930e+02 0.000000000000000000e+00 1.000000000000000000e+00 2.145225793682438671e+05 2.988786542323884987e+02 
2.370222017911654318e-03 -7.580005256754293597e-02 4.001923001015835618e-02 3.243187958354537601e-08 5.751552973304267097e-03 4.736743563799613099e+01 -1.105553025756947144e-03 4.935612023534070545e+02 3.466106977130791620e+02 0.000000000000000000e+00 1.000000000000000000e+00 2.145338853020492243e+05 2.988944059648659390e+02 
2.380268235342530240e-03 -7.580005256754293597e-02 4.001923001015835618e-02 3.243187958354537601e-08 5.752220594476021957e-03 4.707883663250590445e+01 -2.200815431738660944e-03 4.936444267136899384e+02 3.466198025997844070e+02 0.000000000000000000e+00 1.000000000000000000e+00 2.145451563469884277e+05 2.989101090892323782e+02 
2.390314076648055678e-03 -7.580005256754293597e-02 4.001923001015835618e-02 3.243187958354537601e-08 5.752564980760910794e-03 4.683538004063314730e+01 -4.871540924471353361e-03 4.936863374716481871e+02 3.466241403560429717e+02 0.000000000000000000e+00 1.000000000000000000e+00 2.145505262099389220e+05 2.989175905273951344e+02 
2.400356620848959673e-03 -7.580005256754293597e-02 4.001923001015835618e-02 3.243187958354537601e-08 5.752103434165591229e-03 4.682999646595246901e+01 -6.498227176157926437e-03 4.936267697213580732e+02 3.466171334231725609e+02 0.000000000000000000e+00 1.000000000000000000e+00 2.145418521116024931e+05 2.989055055392083204e+02 
2.410397235312441728e-03 -7.580005256754293597e-02 4.001923001015835618e-02 3.243187958354537601e-08 5.751532472828032976e-03 4.704181542890969325e+01 -4.578165006343951765e-03 4.935518104102332586e+02 3.466080175960120187e+02 0.000000000000000000e+00 1.000000000000000000e+00 2.145305676104239537e+05 2.988897836672456378e+02 
2.420438355693238768e-03 -7.580005256754293597e-02 4.001923001015835618e-02 3.243187958354537601e-08 5.751307009431756365e-03 4.723098776457490544e+01 -2.479193622390606696e-03 4.935227182339823457e+02 3.466045957400596649e+02 0.000000000000000000e+00 1.000000000000000000e+00 2.145263317645182251e+05 2.988838821722721377e+02 
2.430025516299237458e-03 -7.580005256754293597e-02 4.001923001015835618e-02 3.243187958354537601e-08 5.751573940158525959e-03 4.723464198751576504e+01 -1.916752405419963525e-03 4.935580184410029005e+02 3.466089479684836192e+02 0.000000000000000000e+00 1.000000000000000000e+00 2.145317193068196066e+05 2.988913882417842842e+02 
2.440072827230460074e-03 -7.580005256754293597e-02 4.001923001015835618e-02 3.243187958354537601e-08 5.752113766843412225e-03 4.707908621284531137e+01 -1.300066242603921873e-03 4.936269710359660507e+02 3.466168927840999459e+02 0.000000000000000000e+00 1.000000000000000000e+00 2.145415542201861681e+05 2.989050905088377021e+02 
2.450121660690852705e-03 -7.580005256754293597e-02 4.001923001015835618e-02 3.243187958354537601e-08 5.752574713690630781e-03 4.687903413719097756e+01 -9.757965347173765168e-04 4.936838515312168738e+02 3.466229744174722782e+02 0.000000000000000000e+00 1.000000000000000000e+00 2.145490828464565566e+05 2.989155795943900671e+02 
2.460167857900642536e-03 -7.580005256754293597e-02 4.001923001015835618e-02 3.243187958354537601e-08 5.752618188952504825e-03 4.677353142114628781e+01 -1.092066775948593400e-03 4.936876761679229730e+02 3.466230072782119009e+02 0.000000000000000000e+00 1.000000000000000000e+00 2.145491235260559770e+05 2.989156362703072318e+02 
2.470208260096097650e-03 -7.580005256754293597e-02 4.001923001015835618e-02 3.243187958354537601e-08 5.752180653246240921e-03 4.684767079240134535e+01 -1.529957844273744424e-03 4.936289339489085251e+02 3.466155667044384359e+02 0.000000000000000000e+00 1.000000000000000000e+00 2.145399126461411070e+05 2.989028034235208224e+02 
2.480242418492605277e-03 -7.580005256754293597e-02 4.001923001015835618e-02 3.243187958354537601e-08 5.751724667275346682e-03 4.704013991362383962e+01 -1.124789969848847236e-03 4.935704629082609358e+02 3.466087759768900582e+02 0.000000000000000000e+00 1.000000000000000000e+00 2.145315064003535372e+05 2.988910916147427770e+02 
2.490271313911579087e-03 -7.580005256754293597e-02 4.001923001015835618e-02 3.243187958354537601e-08 5.751540650276780638e-03 4.717517764639741529e+01 -8.874807717610462988e-04 4.935483773749816123e+02 3.466065657301506917e+02 0.000000000000000000e+00 1.000000000000000000e+00 2.145287703700880229e+05 2.988872797034460405e+02 
2.500298209994658571e-03 -7.580005256754293597e-02 4.001923001015835618e-02 3.243187958354537601e-08 5.751939089395805178e-03 4.713586849125721301e+01 -4.769385055178803701e-04 4.936013622252306732e+02 3.466131645522712006e+02 0.000000000000000000e+00 1.000000000000000000e+00 2.145369390016782854e+05 2.988986604617037983e+02 
2.510328191865052096e-03 -7.580005256754293597e-02 4.001923001015835618e-02 3.243187958354537601e-08 5.752811469341614220e-03 4.686124038879155052e+01 -7.285733276414245625e-04 4.937132652432234181e+02 3.466261672911504661e+02 0.000000000000000000e+00 1.000000000000000000e+00 2.145530354481297254e+05 2.989210864658451783e+02 
2.520362824252981356e-03 -7.580005256754293597e-02 4.001923001015835618e-02 3.243187958354537601e-08 5.753820993456090598e-03 4.645643684716610977e+01 -1.455908145305295255e-03 4.938396727059595150e+02 3.466401250257898710e+02 0.000000000000000000e+00 1.000000000000000000e+00 2.145703147819557926e+05 2.989451605006398722e+02 
2.530399548351267621e-03 -7.580005256754293597e-02 4.001923001015835618e-02 3.243187958354537601e-08 5.754664696810500406e-03 4.602983793086214348e+01 -3.164058876836793686e-03 4.939433858707168383e+02 3.466511083119273167e+02 0.000000000000000000e+00 1.000000000000000000e+00 2.145839123105135222e+05 2.989641049448479748e+02 
2.540436280804832161e-03 -7.580005256754293597e-02 4.001923001015835618e-02 3.243187958354537601e-08 5.754933884989797861e-03 4.576213479006858620e+01 -4.904540065729151924e-03 4.939743026604247689e+02 3.466538492091405601e+02 0.000000000000000000e+00 1.000000000000000000e+00 2.145873056634170644e+05 2.989688326558056701e+02 
2.550017223596489756e-03 -7.580005256754293597e-02 4.001923001015835618e-02 3.243187958354537601e-08 5.754643339158872252e-03 4.572774160659734122e+01 -4.848098835046723946e-03 4.939350028774152861e+02 3.466488099636197830e+02 0.000000000000000000e+00 1.000000000000000000e+00 2.145810668735603394e+05 2.989601406051976937e+02 
2.560055079601059134e-03 -7.580005256754293597e-02 4.001923001015835618e-02 3.243187958354537601e-08 5.754211948514297882e-03 4.586834460215355591e+01 -4.364460628115764823e-03 4.938760373070456922e+02 3.466411110479547233e+02 0.000000000000000000e+00 1.000000000000000000e+00 2.145715354795722815e+05 2.989468612095438971e+02 
2.570093628160309649e-03 -7.580005256754293597e-02 4.001923001015835618e-02 3.243187958354537601e-08 5.753735407966749198e-03 4.607990625375462912e+01 -3.818287583588816664e-03 4.938145347687116669e+02 3.466338804174372399e+02 0.000000000000000000e+00 1.000000000000000000e+00 2.145625840236610384e+05 2.989343897992893062e+02 
2.580132837381600864e-03 -7.580005256754293597e-02 4.001923001015835618e-02 3.243187958354537601e-08 5.753321349358610226e-03 4.628752268410770654e+01 -3.428195518927156221e-03 4.937630426304863818e+02 3.466282799596181121e+02 0.000000000000000000e+00 1.000000000000000000e+00 2.145556508352918027e+05 2.989247302939102724e+02 
2.590172160216875751e-03 -7.580005256754293597e-02 4.001923001015835618e-02 3.243187958354537601e-08 5.752958445782400433e-03 4.647539957924548304e+01 -2.535701929558926374e-03 4.937187359420291841e+02 3.466236598684988621e+02 0.000000000000000000e+00 1.000000000000000000e+00 2.145499313939871790e+05 2.989167618137385034e+02 
2.600210692678579360e-03 -7.580005256754293597e-02 4.001923001015835618e-02 3.243187958354537601e-08 5.752735615631403635e-03 4.662690565934148168e+01 -7.677866728644127444e-04 4.936918025034624407e+02 3.466209181230427134e+02 0.000000000000000000e+00 1.000000000000000000e+00 2.145465372865376994e+05 2.989120330515270325e+02 
2.610247083586042603e-03 -7.580005256754293597e-02 4.001923001015835618e-02 3.243187958354537601e-08 5.752713178915936330e-03 4.669984393420839552e+01 4.157646803573619189e-04 4.936897883710576593e+02 3.466208870042557919e+02 0.000000000000000000e+00 1.000000000000000000e+00 2.145464987636018777e+05 2.989119793803319567e+02 
2.620280620198529257e-03 -7.580005256754293597e-02 4.001923001015835618e-02 3.243187958354537601e-08 5.752917183269270172e-03 4.668174563685110456e+01 1.342689041622621574e-03 4.937166901108225261e+02 3.466241847781067236e+02 0.000000000000000000e+00 1.000000000000000000e+00 2.145505812019412115e+05 2.989176671437386403e+02 
2.630312586994789249e-03 -7.580005256754293597e-02 4.001923001015835618e-02 3.243187958354537601e-08 5.753294254994652940e-03 4.655305850775081922e+01 -3.321923258494569888e-04 4.937656757243161678e+02 3.466300203927833081e+02 0.000000000000000000e+00 1.000000000000000000e+00 2.145578054241096252e+05 2.989277321252708361e+02 
2.640345313290249751e-03 -7.580005256754293597e-02 4.001923001015835618e-02 3.243187958354537601e-08 5.753518002399143384e-03 4.640415810123442952e+01 -2.598962247354696855e-03 4.937946694965187930e+02 3.466334569727534358e+02 0.000000000000000000e+00 1.000000000000000000e+00 2.145620598087173712e+05 2.989336594488648871e+02 
2.650382503938862166e-03 -7.580005256754293597e-02 4.001923001015835618e-02 3.243187958354537601e-08 5.753533266348259331e-03 4.633555452772598926e+01 -3.131909298317087607e-03 4.937967916872130445e+02 3.466337420332235411e+02 0.000000000000000000e+00 1.000000000000000000e+00 2.145624127070631948e+05 2.989341511163760288e+02 
2.660425431102817189e-03 -7.580005256754293597e-02 4.001923001015835618e-02 3.243187958354537601e-08 5.753651261311634908e-03 4.629494264480037202e+01 -1.982846042201805332e-03 4.938107024758326702e+02 3.466350700991045528e+02 0.000000000000000000e+00 1.000000000000000000e+00 2.145640568260913133e+05 2.989364417474320703e+02 
2.670014493577251187e-03 -7.580005256754293597e-02 4.001923001015835618e-02 3.243187958354537601e-08 5.753941279955122716e-03 4.620866529281286716e+01 -1.802031238349354088e-03 4.938459836218408441e+02 3.466387166157372803e+02 0.000000000000000000e+00 1.000000000000000000e+00 2.145685711732239870e+05 2.989427312578403644e+02 
2.680058431723858405e-03 -7.580005256754293597e-02 4.001923001015835618e-02 3.243187958354537601e-08 5.754311670370481149e-03 4.606483723145481690e+01 -1.853879226184454746e-03 4.938915396219853164e+02 3.466435476838345835e+02 0.000000000000000000e+00 1.000000000000000000e+00 2.145745520550623187e+05 2.989510639840281101e+02 
2.690099544782626178e-03 -7.580005256754293597e-02 4.001923001015835618e-02 3.243187958354537601e-08 5.754573763149634438e-03 4.592399351054302059e+01 -2.297567243168840891e-03 4.939231656253800224e+02 3.466467517417537465e+02 0.000000000000000000e+00 1.000000000000000000e+00 2.145785187376947142e+05 2.989565904734560604e+02 
2.700139169737867263e-03 -7.580005256754293597e-02 4.001923001015835618e-02 3.243187958354537601e-08 5.754593955166194957e-03 4.585322388619619005e+01 -2.885953003617531317e-03 4.939246648954168109e+02 3.466466696851529150e+02 0.000000000000000000e+00 1.000000000000000000e+00 2.145784171496562485e+05 2.989564489382558463e+02 
2.710179639287764279e-03 -7.580005256754293597e-02 4.001923001015835618e-02 3.243187958354537601e-08 5.754321179756496756e-03 4.589408090892401049e+01 -3.493901751391494809e-03 4.938889791874515254e+02 3.466423627224635879e+02 0.000000000000000000e+00 1.000000000000000000e+00 2.145730850603786239e+05 2.989490201273948173e+02 
2.720222294431385961e-03 -7.580005256754293597e-02 4.001923001015835618e-02 3.243187958354537601e-08 5.753923116499044116e-03 4.603112883516455867e+01 -3.785965518177533077e-03 4.938381100487906110e+02 3.466365004225683606e+02 0.000000000000000000e+00 1.000000000000000000e+00 2.145658275450093788e+05 2.989389087608756199e+02 
2.730266363763778504e-03 -7.580005256754293597e-02 4.001923001015835618e-02 3.243187958354537601e-08 5.753382147290691390e-03 4.623323676819489947e+01 -4.383244732061569032e-03 4.937706729611045375e+02 3.466291267584645084e+02 0.000000000000000000e+00 1.000000000000000000e+00 2.145566991380994441e+05 2.989261908177082319e+02 
2.740310322952917155e-03 -7.580005256754293597e-02 4.001923001015835618e-02 3.243187958354537601e-08 5.752679166208959048e-03 4.651212975236030189e+01 -3.833940187065210635e-03 4.936834999253572391e+02 3.466197041198662987e+02 0.000000000000000000e+00 1.000000000000000000e+00 2.145450344359708542e+05 2.989099392395085033e+02 
2.750353326185907363e-03 -7.580005256754293597e-02 4.001923001015835618e-02 3.243187958354537601e-08 5.752144657368001880e-03 4.680115890990305161e+01 -1.716073443311824567e-03 4.936178325872467667e+02 3.466127536292244713e+02 0.000000000000000000e+00 1.000000000000000000e+00 2.145364303186312027e+05 2.988979517507373771e+02 
2.760394841957522580e-03 -7.580005256754293597e-02 4.001923001015835618e-02 3.243187958354537601e-08 5.751970747835363426e-03 4.697906391962471417e+01 -4.829427406639456876e-04 4.935983777837744242e+02 3.466111628287009694e+02 0.000000000000000000e+00 1.000000000000000000e+00 2.145344610669004614e+05 2.988952081360145598e+02 
2.770435778659616731e-03 -7.580005256754293597e-02 4.001923001015835618e-02 3.243187958354537601e-08 5.752209414933691888e-03 4.698475595646129221e+01 -5.811308376373489152e-05 4.936312386159925154e+02 3.466155092858805915e+02 0.000000000000000000e+00 1.000000000000000000e+00 2.145398415669828246e+05 2.989027043941168813e+02 
2.780021495295509609e-03 -7.580005256754293597e-02 4.001923001015835618e-02 3.243187958354537601e-08 5.752725284687559316e-03 4.682749102273286468e+01 -9.226735443748230450e-04 4.936988551174024451e+02 3.466237051726600953e+02 0.000000000000000000e+00 1.000000000000000000e+00 2.145499874778985395e+05 2.989168399513592931e+02 
2.790066544499919445e-03 -7.580005256754293597e-02 4.001923001015835618e-02 3.243187958354537601e-08 5.753152885532714957e-03 4.660963849759102828e+01 -2.631021277617014761e-03 4.937533694891951654e+02 3.466299595033893866e+02 0.000000000000000000e+00 1.000000000000000000e+00 2.145577300452167692e+05 2.989276271053604432e+02 
2.800116156835531171e-03 -7.580005256754293597e-02 4.001923001015835618e-02 3.243187958354537601e-08 5.753282468542370888e-03 4.648096079571158867e+01 -2.657958850176224321e-03 4.937688582705002887e+02 3.466314925481547107e+02 0.000000000000000000e+00 1.000000000000000000e+00 2.145596279038597422e+05 2.989302712533042836e+02 
2.810170138240619762e-03 -7.580005256754293597e-02 4.001923001015835618e-02 3.243187958354537601e-08 5.753124170985251216e-03 4.647248011467485895e+01 -2.127838317497784525e-03 4.937470042743993304e+02 3.466285902381412711e+02 0.000000000000000000e+00 1.000000000000000000e+00 2.145560349472879316e+05 2.989252654491224348e+02 
2.820225482960632846e-03 -7.580005256754293597e-02 4.001923001015835618e-02 3.243187958354537601e-08 5.752896685410695612e-03 4.655524481253776514e+01 -1.496277242115120337e-03 4.937156200565001427e+02 3.466244266692661427e+02 0.000000000000000000e+00 1.000000000000000000e+00 2.145508806496383913e+05 2.989180843423617944e+02 
2.830277802685268480e-03 -7.580005256754293597e-02 4.001923001015835618e-02 3.243187958354537601e-08 5.752704640316690272e-03 4.665467726654764391e+01 -1.121032200057395668e-03 4.936907365755722594e+02 3.466214771131438965e+02 0.000000000000000000e+00 1.000000000000000000e+00 2.145472292787459446e+05 2.989129971537700499e+02 
2.840325340196246055e-03 -7.580005256754293597e-02 4.001923001015835618e-02 3.243187958354537601e-08 5.752635262679711182e-03 4.671606546112852243e+01 -1.223193626659323848e-03 4.936824036830574869e+02 3.466206419580086049e+02 0.000000000000000000e+00 1.000000000000000000e+00 2.145461954131821694e+05 2.989115567443303121e+02 
2.850367851601705738e-03 -7.580005256754293597e-02 4.001923001015835618e-02 3.243187958354537601e-08 5.752601472982126103e-03 4.673403596476529032e+01 -2.152608794845424153e-03 4.936792253288082861e+02 3.466205441623225170e+02 0.000000000000000000e+00 1.000000000000000000e+00 2.145460743489010492e+05 2.989113880743025220e+02 
2.860406615612120975e-03 -7.580005256754293597e-02 4.001923001015835618e-02 3.243187958354537601e-08 5.752531710492089605e-03 4.674989764597138020e+01 -2.528336848556269906e-03 4.936718675619049463e+02 3.466200629042986066e+02 0.000000000000000000e+00 1.000000000000000000e+00 2.145454785853213107e+05 2.989105580403850126e+02 
2.870445332366138632e-03 -7.580005256754293597e-02 4.001923001015835618e-02 3.243187958354537601e-08 5.752540607928900360e-03 4.675391301599588445e+01 -2.363578387671380534e-03 4.936745181601955323e+02 3.466207253716847276e+02 0.000000000000000000e+00 1.000000000000000000e+00 2.145462986735587183e+05 2.989117006094771227e+02 
2.880031439338419288e-03 -7.580005256754293597e-02 4.001923001015835618e-02 3.243187958354537601e-08 5.752726082920851282e-03 4.671767233521394047e+01 -2.132702719548941039e-03 4.936983534331524197e+02 3.466235050092181496e+02 0.000000000000000000e+00 1.000000000000000000e+00 2.145497396872776444e+05 2.989164947227706648e+02 
2.890078799698770230e-03 -7.580005256754293597e-02 4.001923001015835618e-02 3.243187958354537601e-08 5.752886967113060232e-03 4.664584938208428611e+01 -3.039702616483099407e-03 4.937184079356266579e+02 3.466256980906610465e+02 0.000000000000000000e+00 1.000000000000000000e+00 2.145524546014966618e+05 2.989202772146207963e+02 
2.900128720735642256e-03 -7.580005256754293597e-02 4.001923001015835618e-02 3.243187958354537601e-08 5.752762653743487969e-03 4.662198642311866337e+01 -4.056105747481541027e-03 4.937032924038448982e+02 3.466241370545438372e+02 0.000000000000000000e+00 1.000000000000000000e+00 2.145505221228699957e+05 2.989175848331802285e+02 
2.910177363711252425e-03 -7.580005256754293597e-02 4.001923001015835618e-02 3.243187958354537601e-08 5.752487962452939099e-03 4.670223529064313794e+01 -3.907373515676434289e-03 4.936679012911407654e+02 3.466199885158296183e+02 0.000000000000000000e+00 1.000000000000000000e+00 2.145453864977033809e+05 2.989104297414273788e+02 
2.920223272240781136e-03 -7.580005256754293597e-02 4.001923001015835618e-02 3.243187958354537601e-08 5.752148727308130718e-03 4.684351265339433468e+01 -3.381165444918813375e-03 4.936247605349420837e+02 3.466150633591782366e+02 0.000000000000000000e+00 1.000000000000000000e+00 2.145392895490842347e+05 2.989019353078643348e+02 
2.930268093565191381e-03 -7.580005256754293597e-02 4.001923001015835618e-02 3.243187958354537601e-08 5.751926796427313943e-03 4.697230705110717963e+01 -2.777364575619571587e-03 4.935974321484325174e+02 3.466121550621930396e+02 0.000000000000000000e+00 1.000000000000000000e+00 2.145356893515317061e+05 2.988969194153525564e+02 
2.940314484005395954e-03 -7.580005256754293597e-02 4.001923001015835618e-02 3.243187958354537601e-08 5.751870432364435994e-03 4.704165126577839828e+01 -2.066310796664014727e-03 4.935908133418034822e+02 3.466115293929374275e+02 0.000000000000000000e+00 1.000000000000000000e+00 2.145349148359127284e+05 2.988958403392638274e+02 
2.950364948396787777e-03 -7.580005256754293597e-02 4.001923001015835618e-02 3.243187958354537601e-08 5.752006933237008984e-03 4.703889970231276152e+01 -8.499964386629978511e-04 4.936092985735621141e+02 3.466139069024792434e+02 0.000000000000000000e+00 1.000000000000000000e+00 2.145378579610724701e+05 2.988999407807631314e+02 
2.960418367466690574e-03 -7.580005256754293597e-02 4.001923001015835618e-02 3.243187958354537601e-08 5.752250909519115822e-03 4.696841937491268482e+01 -3.867017692289783488e-04 4.936400823458997138e+02 3.466173640042076158e+02 0.000000000000000000e+00 1.000000000000000000e+00 2.145421375521881273e+05 2.989059032227451667e+02 
2.970013839660499196e-03 -7.580005256754293597e-02 4.001923001015835618e-02 3.243187958354537601e-08 5.752342766482377266e-03 4.690657472141687379e+01 -4.878934907520758439e-04 4.936510844559880979e+02 3.466184590954163696e+02 0.000000000000000000e+00 1.000000000000000000e+00 2.145434931887157727e+05 2.989077919321863988e+02 
2.980061320373224038e-03 -7.580005256754293597e-02 4.001923001015835618e-02 3.243187958354537601e-08 5.752207012676416840e-03 4.690824998456982797e+01 -1.337944080317261288e-03 4.936332126943736398e+02 3.466162747369617136e+02 0.000000000000000000e+00 1.000000000000000000e+00 2.145407891295159643e+05 2.989040245638423130e+02 
2.990103140432772647e-03 -7.580005256754293597e-02 4.001923001015835618e-02 3.243187958354537601e-08 5.751935135121265426e-03 4.698832202411259118e+01 -1.783429631504593630e-03 4.935985560848737919e+02 3.466122984395844924e+02 0.000000000000000000e+00 1.000000000000000000e+00 2.145358668385207420e+05 2.988971666950215536e+02 
3.000141092068021615e-03 -7.580005256754293597e-02 4.001923001015835618e-02 3.243187958354537601e-08 5.751703350576699986e-03 4.709490865169109242e+01 -1.907019602020903863e-03 4.935701027623373989e+02 3.466092918129535860e+02 0.000000000000000000e+00 1.000000000000000000e+00 2.145321449483521865e+05 2.988919812570688350e+02 
3.010177859146756073e-03 -7.580005256754293597e-02 4.001923001015835618e-02 3.243187958354537601e-08 5.751868654456255073e-03 4.709871762822628938e+01 -1.689124669225679177e-03 4.935928378649601882e+02 3.466122937961078492e+02 0.000000000000000000e+00 1.000000000000000000e+00 2.145358610903560766e+05 2.988971586865232553e+02 
3.020216410229691843e-03 -7.580005256754293597e-02 4.001923001015835618e-02 3.243187958354537601e-08 5.752430091613447080e-03 4.694895629478707377e+01 -1.499898816456143738e-03 4.936650557591153756e+02 3.466207330760599348e+02 0.000000000000000000e+00 1.000000000000000000e+00 2.145463082110450196e+05 2.989117138973607553e+02 
3.030257820419204971e-03 -7.580005256754293597e-02 4.001923001015835618e-02 3.243187958354537601e-08 5.753154912592779030e-03 4.666961755021429070e+01 -2.088296787894298318e-03 4.937561864329553600e+02 3.466308872265135506e+02 0.000000000000000000e+00 1.000000000000000000e+00 2.145588785347141966e+05 2.989292272119618588e+02 
3.040301850591581572e-03 -7.580005256754293597e-02 4.001923001015835618e-02 3.243187958354537601e-08 5.753671547504992864e-03 4.639117962467662437e+01 -3.289663123838576942e-03 4.938195286932310069e+02 3.466375568225489019e+02 0.000000000000000000e+00 1.000000000000000000e+00 2.145671353569746425e+05 2.989407308398443206e+02 
3.050347595516136965e-03 -7.580005256754293597e-02 4.001923001015835618e-02 3.243187958354537601e-08 5.753763367578160898e-03 4.624411693869235052e+01 -4.252417184572139346e-03 4.938292890464406923e+02 3.466382165497252004e+02 0.000000000000000000e+00 1.000000000000000000e+00 2.145679520942396484e+05 2.989418687402711043e+02 
3.060393635130929848e-03 -7.580005256754293597e-02 4.001923001015835618e-02 3.243187958354537601e-08 5.753453123628408244e-03 4.626355673996157236e+01 -4.400901585405599462e-03 4.937878630222546690e+02 3.466330223495396012e+02 0.000000000000000000e+00 1.000000000000000000e+00 2.145615217556721764e+05 2.989329098188234752e+02 
3.070438688852516248e-03 -7.580005256754293597e-02 4.001923001015835618e-02 3.243187958354537601e-08 5.753029370298073236e-03 4.641260775148793982e+01 -4.340996555143861180e-03 4.937320535335915679e+02 3.466261980992546796e+02 0.000000000000000000e+00 1.000000000000000000e+00 2.145530735870424542e+05 2.989211396020089069e+02 
3.080026151191244017e-03 -7.580005256754293597e-02 4.001923001015835618e-02 3.243187958354537601e-08 5.752517603886864520e-03 4.661997021631179194e+01 -4.023930149672557549e-03 4.936672129317617532e+02 3.466188538281162437e+02 0.000000000000000000e+00 1.000000000000000000e+00 2.145439818377089396e+05 2.989084727311675351e+02 
3.090069759819375796e-03 -7.580005256754293597e-02 4.001923001015835618e-02 3.243187958354537601e-08 5.751981928027808874e-03 4.686657702930667568e+01 -3.027236402607420482e-03 4.936005740460968241e+02 3.466115970928074717e+02 0.000000000000000000e+00 1.000000000000000000e+00 2.145349986414762971e+05 2.988959570994394994e+02 
3.100113609811236490e-03 -7.580005256754293597e-02 4.001923001015835618e-02 3.243187958354537601e-08 5.751651694545453254e-03 4.707720009442698483e+01 -1.093958384327634297e-03 4.935603830322251042e+02 3.466074354026809488e+02 0.000000000000000000e+00 1.000000000000000000e+00 2.145298469221851265e+05 2.988887795849174722e+02 
3.110157303191633804e-03 -7.580005256754293597e-02 4.001923001015835618e-02 3.243187958354537601e-08 5.751688547463966981e-03 4.716325743820589622e+01 3.317702331792562347e-04 4.935663289725112577e+02 3.466084127715955674e+02 0.000000000000000000e+00 1.000000000000000000e+00 2.145310567929371027e+05 2.988904652095412757e+02 
3.120199286923569255e-03 -7.580005256754293597e-02 4.001923001015835618e-02 3.243187958354537601e-08 5.752064363751148435e-03 4.709532331266382243e+01 1.169417365840395590e-03 4.936159218045684725e+02 3.466145019509592089e+02 0.000000000000000000e+00 1.000000000000000000e+00 2.145385945762705524e+05 2.989009670529613345e+02 
3.130239104137591717e-03 -7.580005256754293597e-02 4.001923001015835618e-02 3.243187958354537601e-08 5.752557545072417913e-03 4.691362894831581798e+01 5.142137781101149873e-04 4.936786030858931440e+02 3.466216491540715765e+02 0.000000000000000000e+00 1.000000000000000000e+00 2.145474422540862870e+05 2.989132938767690462e+02 
3.140277276661784106e-03 -7.580005256754293597e-02 4.001923001015835618e-02 3.243187958354537601e-08 5.752830368705838006e-03 4.673340546170800991e+01 -1.881508370071020972e-03 4.937128636977041651e+02 3.466254569592234702e+02 0.000000000000000000e+00 1.000000000000000000e+00 2.145521560931972926e+05 2.989198613247920662e+02 
3.150315196282727805e-03 -7.580005256754293597e-02 4.001923001015835618e-02 3.243187958354537601e-08 5.752653994431743481e-03 4.668226246464958962e+01 -3.942996652220777214e-03 4.936906764841330642e+02 3.466229818277752202e+02 0.000000000000000000e+00 1.000000000000000000e+00 2.145490920199610991e+05 2.989155923751644650e+02 
3.160354515724524485e-03 -7.580005256754293597e-02 4.001923001015835618e-02 3.243187958354537601e-08 5.752506058510983497e-03 4.673863603434173086e+01 -2.487904100086515014e-03 4.936710285621602452e+02 3.466205411970368573e+02 0.000000000000000000e+00 1.000000000000000000e+00 2.145460706780834298e+05 2.989113829600202621e+02 
3.170395855226391339e-03 -7.580005256754293597e-02 4.001923001015835618e-02 3.243187958354537601e-08 5.752791826708889000e-03 4.670612783376419941e+01 -1.440001618119375994e-03 4.937069836211343841e+02 3.466245539487557608e+02 0.000000000000000000e+00 1.000000000000000000e+00 2.145510382145962794e+05 2.989183038661187197e+02 
3.180438701103993279e-03 -7.580005256754293597e-02 4.001923001015835618e-02 3.243187958354537601e-08 5.753364517227285702e-03 4.653218275050073061e+01 -1.479624353809090879e-03 4.937785088931240693e+02 3.466324082689510533e+02 0.000000000000000000e+00 1.000000000000000000e+00 2.145607615398799826e+05 2.989318506656398426e+02 
3.190025575662861542e-03 -7.580005256754293597e-02 4.001923001015835618e-02 3.243187958354537601e-08 5.753885556643641153e-03 4.630499351418391285e+01 -2.038066752512871730e-03 4.938429808621819461e+02 3.466393412669800114e+02 0.000000000000000000e+00 1.000000000000000000e+00 2.145693444892961415e+05 2.989438086626880136e+02 
3.200068369722175541e-03 -7.580005256754293597e-02 4.001923001015835618e-02 3.243187958354537601e-08 5.754237968639846004e-03 4.609751384257970130e+01 -2.991060112698661847e-03 4.938854170604093383e+02 3.466436190095950565e+02 0.000000000000000000e+00 1.000000000000000000e+00 2.145746403572666168e+05 2.989511870090451566e+02 
3.210109950149237553e-03 -7.580005256754293597e-02 4.001923001015835618e-02 3.243187958354537601e-08 5.754173102063882099e-03 4.601700802227180276e+01 -3.958913239264256513e-03 4.938759707353336808e+02 3.466422577711720123e+02 0.000000000000000000e+00 1.000000000000000000e+00 2.145729551298136939e+05 2.989488391046209017e+02 
3.220150795680329966e-03 -7.580005256754293597e-02 4.001923001015835618e-02 3.243187958354537601e-08 5.753751957856830836e-03 4.610371448546487017e+01 -4.342703175663762023e-03 4.938204597945946261e+02 3.466354614256547393e+02 0.000000000000000000e+00 1.000000000000000000e+00 2.145645412817438773e+05 2.989371167041377930e+02 
3.230191553699683204e-03 -7.580005256754293597e-02 4.001923001015835618e-02 3.243187958354537601e-08 5.753132788012300589e-03 4.632323984638798464e+01 -4.388116843362914292e-03 4.937413964749129036e+02 3.466263622033010279e+02 0.000000000000000000e+00 1.000000000000000000e+00 2.145532767398107972e+05 2.989214226399352015e+02 
3.240232264109486459e-03 -7.580005256754293597e-02 4.001923001015835618e-02 3.243187958354537601e-08 5.752419984855844381e-03 4.662452486030419863e+01 -3.606085459855803369e-03 4.936522389448945205e+02 3.466165379589685358e+02 0.000000000000000000e+00 1.000000000000000000e+00 2.145411149761805427e+05 2.989044785422201471e+02 
3.250273298340926754e-03 -7.580005256754293597e-02 4.001923001015835618e-02 3.243187958354537601e-08 5.751972738880669483e-03 4.689704473691296016e+01 -1.659463935906328692e-03 4.935977636705579243e+02 3.466108872198203699e+02 0.000000000000000000e+00 1.000000000000000000e+00 2.145341198916268477e+05 2.988947328014044160e+02 
3.260314465790150208e-03 -7.580005256754293597e-02 4.001923001015835618e-02 3.243187958354537601e-08 5.751984239454620979e-03 4.701395732320650467e+01 -3.956122396956612071e-04 4.936012649600617692e+02 3.466117700335586278e+02 0.000000000000000000e+00 1.000000000000000000e+00 2.145352127246366872e+05 2.988962553658833485e+02 
3.270354933296640548e-03 -7.580005256754293597e-02 4.001923001015835618e-02 3.243187958354537601e-08 5.752337385490731078e-03 4.695484676650131917e+01 -2.560281906742175131e-04 4.936488973836760579e+02 3.466178533859098820e+02 0.000000000000000000e+00 1.000000000000000000e+00 2.145427433676002256e+05 2.989067472611471317e+02 
3.280394799370583894e-03 -7.580005256754293597e-02 4.001923001015835618e-02 3.243187958354537601e-08 5.752736695873571053e-03 4.679798454985306222e+01 -9.385376274583063713e-04 4.937003876869318901e+02 3.466238993934392738e+02 0.000000000000000000e+00 1.000000000000000000e+00 2.145502279119877203e+05 2.989171749306291304e+02 
3.290435489675356661e-03 -7.580005256754293597e-02 4.001923001015835618e-02 3.243187958354537601e-08 5.753009218146183310e-03 4.664171506164048964e+01 -2.098676255142150303e-03 4.937345298621680740e+02 3.466276744529550342e+02 0.000000000000000000e+00 1.000000000000000000e+00 2.145549012440424704e+05 2.989236859431268272e+02 
3.300021698411950439e-03 -7.580005256754293597e-02 4.001923001015835618e-02 3.243187958354537601e-08 5.753064152322903864e-03 4.656369930036419902e+01 -2.411458764814027652e-03 4.937408040396448996e+02 3.466282219145892896e+02 0.000000000000000000e+00 1.000000000000000000e+00 2.145555789779817278e+05 2.989246301803642041e+02 
3.310066435069577984e-03 -7.580005256754293597e-02 4.001923001015835618e-02 3.243187958354537601e-08 5.753061566865140183e-03 4.654024869962648125e+01 -1.746223082937484444e-03 4.937397019705347248e+02 3.466279129515914406e+02 0.000000000000000000e+00 1.000000000000000000e+00 2.145551964949572575e+05 2.989240972946793704e+02 
3.320113278387937239e-03 -7.580005256754293597e-02 4.001923001015835618e-02 3.243187958354537601e-08 5.753162243021130162e-03 4.651337805683972704e+01 -1.304948991420501253e-03 4.937508929695708275e+02 3.466288083107381226e+02 0.000000000000000000e+00 1.000000000000000000e+00 2.145563049123614910e+05 2.989256415717576942e+02 
3.330161058957429535e-03 -7.580005256754293597e-02 4.001923001015835618e-02 3.243187958354537601e-08 5.753282984759745290e-03 4.647101028610725848e+01 -1.404478436492104850e-03 4.937647207175141375e+02 3.466300246890933181e+02 0.000000000000000000e+00 1.000000000000000000e+00 2.145578107427882787e+05 2.989277395353976203e+02 
3.340207627664091260e-03 -7.580005256754293597e-02 4.001923001015835618e-02 3.243187958354537601e-08 5.753351915166790738e-03 4.643028609036802123e+01 -1.869291959666318555e-03 4.937726831651143584e+02 3.466307430599173358e+02 0.000000000000000000e+00 1.000000000000000000e+00 2.145587000611972471e+05 2.989289785578354213e+02 
3.350250715194443094e-03 -7.580005256754293597e-02 4.001923001015835618e-02 3.243187958354537601e-08 5.753309230189644109e-03 4.641287438567514556e+01 -2.541922892187689024e-03 4.937675335908662646e+02 3.466302213956251990e+02 0.000000000000000000e+00 1.000000000000000000e+00 2.145580542585359944e+05 2.989280788081174478e+02 
3.360289436317783363e-03 -7.580005256754293597e-02 4.001923001015835618e-02 3.243187958354537601e-08 5.753209093619593428e-03 4.643170587921124337e+01 -2.700609021693314328e-03 4.937554328443341660e+02 3.466289904998737939e+02 0.000000000000000000e+00 1.000000000000000000e+00 2.145565304552885646e+05 2.989259558042581375e+02 
3.370325455508279069e-03 -7.580005256754293597e-02 4.001923001015835618e-02 3.243187958354537601e-08 5.753120910237079742e-03 4.647177074225550086e+01 -2.697320676054131092e-03 4.937441400230135287e+02 3.466276830622824718e+02 0.000000000000000000e+00 1.000000000000000000e+00 2.145549119020109647e+05 2.989237007920965539e+02 
3.380362209834696964e-03 -7.580005256754293597e-02 4.001923001015835618e-02 3.243187958354537601e-08 5.753069069333522842e-03 4.649893368209070132e+01 -2.590439116852697159e-03 4.937380948460199193e+02 3.466271227984244092e+02 0.000000000000000000e+00 1.000000000000000000e+00 2.145542183205607289e+05 2.989227344756786806e+02 
3.390402536678480561e-03 -7.580005256754293597e-02 4.001923001015835618e-02 3.243187958354537601e-08 5.753061161641689902e-03 4.650483815398300180e+01 -2.786447629747892344e-03 4.937379864218078751e+02 3.466273229616745084e+02 0.000000000000000000e+00 1.000000000000000000e+00 2.145544661135304195e+05 2.989230797075396708e+02 
3.400447274689311680e-03 -7.580005256754293597e-02 4.001923001015835618e-02 3.243187958354537601e-08 5.753022830760489044e-03 4.651017525728271806e+01 -3.161239719510758849e-03 4.937340182087239100e+02 3.466270847595013151e+02 0.000000000000000000e+00 1.000000000000000000e+00 2.145541712301259395e+05 2.989226688680124653e+02 
3.410037764025832929e-03 -7.580005256754293597e-02 4.001923001015835618e-02 3.243187958354537601e-08 5.752947574111416836e-03 4.653539401469130610e+01 -3.133786189864045876e-03 4.937248769661690062e+02 3.466261430862343786e+02 0.000000000000000000e+00 1.000000000000000000e+00 2.145530054836404452e+05 2.989210447185089947e+02 
3.420084330930716742e-03 -7.580005256754293597e-02 4.001923001015835618e-02 3.243187958354537601e-08 5.752800199566438649e-03 4.659286895322692601e+01 -3.241711930084790420e-03 4.937055503191069761e+02 3.466237985526408920e+02 0.000000000000000000e+00 1.000000000000000000e+00 2.145501030768960482e+05 2.989170010070062062e+02 
3.430128531391518198e-03 -7.580005256754293597e-02 4.001923001015835618e-02 3.243187958354537601e-08 5.752503626975115879e-03 4.670156597916194841e+01 -3.058669729405117874e-03 4.936677215378538790e+02 3.466194534735124080e+02 0.000000000000000000e+00 1.000000000000000000e+00 2.145447241540650430e+05 2.989095069463731420e+02 
3.440171228832525092e-03 -7.580005256754293597e-02 4.001923001015835618e-02 3.243187958354537601e-08 5.752225757475824819e-03 4.683596081480463624e+01 -2.090793525815434675e-03 4.936328476237339373e+02 3.466155818053102280e+02 0.000000000000000000e+00 1.000000000000000000e+00 2.145399313397030928e+05 2.989028294678964812e+02 
3.450214914716767233e-03 -7.580005256754293597e-02 4.001923001015835618e-02 3.243187958354537601e-08 5.752195528663698633e-03 4.691481804490646113e+01 -8.568145040201308746e-04 4.936292874272097606e+02 3.466152426252237433e+02 0.000000000000000000e+00 1.000000000000000000e+00 2.145395114645405847e+05 2.989022444864745580e+02 
3.460261891678535328e-03 -7.580005256754293597e-02 4.001923001015835618e-02 3.243187958354537601e-08 5.752475258854096093e-03 4.687460819389697519e+01 -7.097138984358430285e-05 4.936659468721553026e+02 3.466196851169542583e+02 0.000000000000000000e+00 1.000000000000000000e+00 2.145450109117437969e+05 2.989099064649197430e+02 
3.470311845433217152e-03 -7.580005256754293597e-02 4.001923001015835618e-02 3.243187958354537601e-08 5.752841671005373518e-03 4.674299922717675315e+01 -2.411576849457492430e-04 4.937123213425695667e+02 3.466249260728790773e+02 0.000000000000000000e+00 1.000000000000000000e+00 2.145514988839801808e+05 2.989189456831522307e+02 
3.480361694012764750e-03 -7.580005256754293597e-02 4.001923001015835618e-02 3.243187958354537601e-08 5.753005767663640392e-03 4.662593752434548833e+01 -1.339838685799419954e-03 4.937324488110866696e+02 3.466270478966630435e+02 0.000000000000000000e+00 1.000000000000000000e+00 2.145541255956349196e+05 2.989226052888064942e+02 
3.490407710593948758e-03 -7.580005256754293597e-02 4.001923001015835618e-02 3.243187958354537601e-08 5.752825867238457735e-03 4.661483192661975750e+01 -2.312293221899990991e-03 4.937090731669367187e+02 3.466242619436365544e+02 0.000000000000000000e+00 1.000000000000000000e+00 2.145506767285192909e+05 2.989178002339484692e+02 
3.500449093629190000e-03 -7.580005256754293597e-02 4.001923001015835618e-02 3.243187958354537601e-08 5.752482262133656529e-03 4.671667581866079644e+01 -2.446440482999915917e-03 4.936647940476057101e+02 3.466190694045397436e+02 0.000000000000000000e+00 1.000000000000000000e+00 2.145442487051234639e+05 2.989088445380605208e+02 
3.510030707692293576e-03 -7.580005256754293597e-02 4.001923001015835618e-02 3.243187958354537601e-08 5.752288288334192826e-03 4.682973921419840480e+01 -1.921530584902889863e-03 4.936406749342268085e+02 3.466164458761301148e+02 0.000000000000000000e+00 1.000000000000000000e+00 2.145410009853576194e+05 2.989043197271254826e+02 
3.520068021863091094e-03 -7.580005256754293597e-02 4.001923001015835618e-02 3.243187958354537601e-08 5.752435048199651922e-03 4.684162285628144673e+01 -1.625695096012624201e-03 4.936607423788447591e+02 3.466190694475243390e+02 0.000000000000000000e+00 1.000000000000000000e+00 2.145442487583351904e+05 2.989088446121965603e+02 
3.530107214026874992e-03 -7.580005256754293597e-02 4.001923001015835618e-02 3.243187958354537601e-08 5.752927222952135614e-03 4.670944635695683900e+01 -1.817239118139139104e-03 4.937242376582560723e+02 3.466265317682838258e+02 0.000000000000000000e+00 1.000000000000000000e+00 2.145534866530519503e+05 2.989217150967348857e+02 
3.540149450254459831e-03 -7.580005256754293597e-02 4.001923001015835618e-02 3.243187958354537601e-08 5.753520243574158921e-03 4.647261210178997004e+01 -2.502879411835483205e-03 4.937989166860578507e+02 3.466348801757948195e+02 0.000000000000000000e+00 1.000000000000000000e+00 2.145638217044422054e+05 2.989361141695972606e+02 
3.550194631263129882e-03 -7.580005256754293597e-02 4.001923001015835618e-02 3.243187958354537601e-08 5.753801864300935737e-03 4.627029091915618864e+01 -4.094621904285406649e-03 4.938332348949133461e+02 3.466384417946202348e+02 0.000000000000000000e+00 1.000000000000000000e+00 2.145682309460755787e+05 2.989422572441838497e+02 
3.560241843706870440e-03 -7.580005256754293597e-02 4.001923001015835618e-02 3.243187958354537601e-08 5.753594336824898597e-03 4.622881465761511777e+01 -4.561256284877824099e-03 4.938060904507165105e+02 3.466351661120863241e+02 0.000000000000000000e+00 1.000000000000000000e+00 2.145641756884887291e+05 2.989366073497359366e+02 
3.570289446303129798e-03 -7.580005256754293597e-02 4.001923001015835618e-02 3.243187958354537601e-08 5.753130669464916191e-03 4.636276617898309382e+01 -4.326535748964439355e-03 4.937448117466786357e+02 3.466276248519484966e+02 0.000000000000000000e+00 1.000000000000000000e+00 2.145548398401841987e+05 2.989236003936122756e+02 
3.580336049118529925e-03 -7.580005256754293597e-02 4.001923001015835618e-02 3.243187958354537601e-08 5.752552041535706484e-03 4.659679947369261299e+01 -3.591806364983310840e-03 4.936709678867452453e+02 3.466191345377337711e+02 0.000000000000000000e+00 1.000000000000000000e+00 2.145443293351564498e+05 2.989089568740012055e+02 
3.590381183857810181e-03 -7.580005256754293597e-02 4.001923001015835618e-02 3.243187958354537601e-08 5.752079557987286804e-03 4.684104919595807104e+01 -2.428253755219706659e-03 4.936121997367261542e+02 3.466127373470379212e+02 0.000000000000000000e+00 1.000000000000000000e+00 2.145364101628691133e+05 2.988979236691849906e+02 
3.600425367411073333e-03 -7.580005256754293597e-02 4.001923001015835618e-02 3.243187958354537601e-08 5.751837267512391674e-03 4.701508142920604882e+01 -1.408663564237174447e-03 4.935834693279726366e+02 3.466099500752531526e+02 0.000000000000000000e+00 1.000000000000000000e+00 2.145329598056597752e+05 2.988931165382881545e+02 
3.610013163063887070e-03 -7.580005256754293597e-02 4.001923001015835618e-02 3.243187958354537601e-08 5.751816245382900504e-03 4.708981544803237540e+01 -5.048416950310813129e-04 4.935822726564692289e+02 3.466101633101484367e+02 0.000000000000000000e+00 1.000000000000000000e+00 2.145332237676567747e+05 2.988934842972749379e+02 
3.620058323615852214e-03 -7.580005256754293597e-02 4.001923001015835618e-02 3.243187958354537601e-08 5.752015783384341850e-03 4.706611059826821020e+01 -1.302658248650780028e-04 4.936094046526091006e+02 3.466136774938895542e+02 0.000000000000000000e+00 1.000000000000000000e+00 2.145375739747108601e+05 2.988995451232905225e+02 
3.630103375577697824e-03 -7.580005256754293597e-02 4.001923001015835618e-02 3.243187958354537601e-08 5.752307043172778626e-03 4.696948259395865222e+01 2.345364391307337617e-04 4.936467348510176407e+02 3.466180083371188516e+02 0.000000000000000000e+00 1.000000000000000000e+00 2.145429351849839441e+05 2.989070145063092809e+02 
3.640146853223235907e-03 -7.580005256754293597e-02 4.001923001015835618e-02 3.243187958354537601e-08 5.752573803017190478e-03 4.684402214340783388e+01 -8.650984876887991924e-04 4.936802322463509540e+02 3.466217312738868372e+02 0.000000000000000000e+00 1.000000000000000000e+00 2.145475439130475279e+05 2.989134355107808005e+02 
3.650188265428501184e-03 -7.580005256754293597e-02 4.001923001015835618e-02 3.243187958354537601e-08 5.752637573929165159e-03 4.675933633175296222e+01 -2.211865903835950019e-03 4.936880388707961629e+02 3.466225505888932616e+02 0.000000000000000000e+00 1.000000000000000000e+00 2.145485581727676326e+05 2.989148486048293876e+02 
3.660228577907812062e-03 -7.580005256754293597e-02 4.001923001015835618e-02 3.243187958354537601e-08 5.752454428418182601e-03 4.676917933742313238e+01 -2.611777259465132561e-03 4.936647887798289389e+02 3.466199061263617978e+02 0.000000000000000000e+00 1.000000000000000000e+00 2.145452845054426289e+05 2.989102876430537776e+02 
3.670269367871134471e-03 -7.580005256754293597e-02 4.001923001015835618e-02 3.243187958354537601e-08 5.752516062180788349e-03 4.677717610376868862e+01 -1.800420469417218696e-03 4.936728723004857216e+02 3.466208870785329168e+02 0.000000000000000000e+00 1.000000000000000000e+00 2.145464988555519085e+05 2.989119795084391740e+02 
3.680311429787988097e-03 -7.580005256754293597e-02 4.001923001015835618e-02 3.243187958354537601e-08 5.752945384493775988e-03 4.667720156695587974e+01 -1.773248909698826956e-03 4.937265793585938241e+02 3.466268066438542519e+02 0.000000000000000000e+00 1.000000000000000000e+00 2.145538269359212718e+05 2.989221891880233102e+02 
3.690354898937227898e-03 -7.580005256754293597e-02 4.001923001015835618e-02 3.243187958354537601e-08 5.753459209341055605e-03 4.648214832344758918e+01 -2.179511358575723663e-03 4.937906901531285371e+02 3.466338313278682790e+02 0.000000000000000000e+00 1.000000000000000000e+00 2.145625232518518751e+05 2.989343051303626453e+02 
3.700399436666108269e-03 -7.580005256754293597e-02 4.001923001015835618e-02 3.243187958354537601e-08 5.753845290075397349e-03 4.627559575805388903e+01 -3.253682911591383470e-03 4.938380025412342889e+02 3.466388069833611212e+02 0.000000000000000000e+00 1.000000000000000000e+00 2.145686830479427008e+05 2.989428871247214374e+02 
3.710444382241570669e-03 -7.580005256754293597e-02 4.001923001015835618e-02 3.243187958354537601e-08 5.753838608868638502e-03 4.618335580142134944e+01 -3.856322982035333830e-03 4.938359726922952859e+02 3.466382958320320995e+02 0.000000000000000000e+00 1.000000000000000000e+00 2.145680502452418441e+05 2.989420054868995180e+02 
3.720032263521207312e-03 -7.580005256754293597e-02 4.001923001015835618e-02 3.243187958354537601e-08 5.753500874574364252e-03 4.623823470979775863e+01 -4.012421413494103931e-03 4.937912462999067884e+02 3.466327714159780271e+02 0.000000000000000000e+00 1.000000000000000000e+00 2.145612111062887416e+05 2.989324770137083647e+02 
3.730075412973058325e-03 -7.580005256754293597e-02 4.001923001015835618e-02 3.243187958354537601e-08 5.752989421866270235e-03 4.641946187931748113e+01 -3.838874834275037441e-03 4.937252514806581871e+02 3.466250138552474027e+02 0.000000000000000000e+00 1.000000000000000000e+00 2.145516075538400910e+05 2.989190970849374480e+02 
3.740117310741907734e-03 -7.580005256754293597e-02 4.001923001015835618e-02 3.243187958354537601e-08 5.752426697464073195e-03 4.666221383739020467e+01 -3.259931780053273477e-03 4.936546212249790528e+02 3.466171720765819941e+02 0.000000000000000000e+00 1.000000000000000000e+00 2.145418999613694032e+05 2.989055722047964991e+02 
3.750158932331464599e-03 -7.580005256754293597e-02 4.001923001015835618e-02 3.243187958354537601e-08 5.752014388759741151e-03 4.688769888503598793e+01 -2.335969877430127493e-03 4.936042681626435638e+02 3.466119160810587232e+02 0.000000000000000000e+00 1.000000000000000000e+00 2.145353935167551972e+05 2.988965072503480656e+02 
3.760201549191460879e-03 -7.580005256754293597e-02 4.001923001015835618e-02 3.243187958354537601e-08 5.751851007591117504e-03 4.703088892294408652e+01 -1.336967200720124869e-03 4.935858173183196413e+02 3.466103604970035690e+02 0.000000000000000000e+00 1.000000000000000000e+00 2.145334678640407219e+05 2.988938243789528428e+02 
3.770244803870993928e-03 -7.580005256754293597e-02 4.001923001015835618e-02 3.243187958354537601e-08 5.751972502400714074e-03 4.705430011063981510e+01 -7.177582529259302893e-04 4.936029497867581881e+02 3.466127152198970407e+02 0.000000000000000000e+00 1.000000000000000000e+00 2.145363827716239903e+05 2.988978855069621545e+02 
3.780287418536100105e-03 -7.580005256754293597e-02 4.001923001015835618e-02 3.243187958354537601e-08 5.752245357294962294e-03 4.697854580986368944e+01 -7.763606467672824448e-04 4.936391225282394544e+02 3.466171943103656190e+02 0.000000000000000000e+00 1.000000000000000000e+00 2.145419274849817448e+05 2.989056105514369506e+02 
3.790329301089594930e-03 -7.580005256754293597e-02 4.001923001015835618e-02 3.243187958354537601e-08 5.752549580125780777e-03 4.685571700336143408e+01 -9.745650502727581151e-04 4.936776340973538026e+02 3.466215489455997840e+02 0.000000000000000000e+00 1.000000000000000000e+00 2.145473182025836140e+05 2.989131210448634874e+02 
3.800371404655517732e-03 -7.580005256754293597e-02 4.001923001015835618e-02 3.243187958354537601e-08 5.752723325263691366e-03 4.674866033306670943e+01 -1.442331876701301438e-03 4.936988330087809800e+02 3.466237564428846554e+02 0.000000000000000000e+00 1.000000000000000000e+00 2.145500509474575811e+05 2.989169283788639291e+02 
3.810414546105824439e-03 -7.580005256754293597e-02 4.001923001015835618e-02 3.243187958354537601e-08 5.752835743569385298e-03 4.668000049055393674e+01 -1.491720215356513420e-03 4.937118636819448056e+02 3.466249439883618493e+02 0.000000000000000000e+00 1.000000000000000000e+00 2.145515210623839521e+05 2.989189765827036354e+02 
3.820002582677222303e-03 -7.580005256754293597e-02 4.001923001015835618e-02 3.243187958354537601e-08 5.752986660029413800e-03 4.661833225694340399e+01 -1.488461074699506947e-03 4.937298409387094580e+02 3.466267080927178768e+02 0.000000000000000000e+00 1.000000000000000000e+00 2.145537049342754472e+05 2.989220192120337174e+02 
3.830048132704061675e-03 -7.580005256754293597e-02 4.001923001015835618e-02 3.243187958354537601e-08 5.753194370886800108e-03 4.653165692432943246e+01 -1.966163626992701620e-03 4.937553180525460448e+02 3.466293937272287735e+02 0.000000000000000000e+00 1.000000000000000000e+00 2.145570296351896250e+05 2.989266512751847245e+02 
3.840093439535728712e-03 -7.580005256754293597e-02 4.001923001015835618e-02 3.243187958354537601e-08 5.753320541533808383e-03 4.645423608392697190e+01 -2.494024627112514329e-03 4.937705247960080897e+02 3.466309305752092200e+02 0.000000000000000000e+00 1.000000000000000000e+00 2.145589321989919990e+05 2.989293019784837497e+02 
3.850137290818294363e-03 -7.580005256754293597e-02 4.001923001015835618e-02 3.243187958354537601e-08 5.753286052356464467e-03 4.642321158265955461e+01 -2.783874753194769559e-03 4.937660064278568939e+02 3.466303835724635860e+02 0.000000000000000000e+00 1.000000000000000000e+00 2.145582550278450653e+05 2.989283585253438673e+02 
3.860179152095469506e-03 -7.580005256754293597e-02 4.001923001015835618e-02 3.243187958354537601e-08 5.753154552040706457e-03 4.644988224999876536e+01 -2.713265026643563518e-03 4.937490342885653263e+02 3.466283875746804028e+02 0.000000000000000000e+00 1.000000000000000000e+00 2.145557840582551144e+05 2.989249159037426011e+02 
3.870218641850554833e-03 -7.580005256754293597e-02 4.001923001015835618e-02 3.243187958354537601e-08 5.753083814850738081e-03 4.649321125499819374e+01 -2.387105587215662423e-03 4.937396601227169981e+02 3.466272280319420815e+02 0.000000000000000000e+00 1.000000000000000000e+00 2.145543485948356974e+05 2.989229159773187234e+02 
3.880256511822134050e-03 -7.580005256754293597e-02 4.001923001015835618e-02 3.243187958354537601e-08 5.753117607998237994e-03 4.649714626815454466e+01 -2.314238506931431006e-03 4.937446377595125000e+02 3.466279572581306070e+02 0.000000000000000000e+00 1.000000000000000000e+00 2.145552513445435907e+05 2.989241737126051248e+02 
3.890295035306398207e-03 -7.580005256754293597e-02 4.001923001015835618e-02 3.243187958354537601e-08 5.753180925248342452e-03 4.647360594633702391e+01 -3.089331715761576159e-03 4.937531917225463758e+02 3.466290524052915885e+02 0.000000000000000000e+00 1.000000000000000000e+00 2.145566070917685283e+05 2.989260625762728409e+02 
3.900336178062342989e-03 -7.580005256754293597e-02 4.001923001015835618e-02 3.243187958354537601e-08 5.753020846275287009e-03 4.649330270358694861e+01 -3.731441592744332621e-03 4.937333828368464879e+02 3.466269215111776134e+02 0.000000000000000000e+00 1.000000000000000000e+00 2.145539691362787853e+05 2.989223873054037881e+02 
3.910380548117920602e-03 -7.580005256754293597e-02 4.001923001015835618e-02 3.243187958354537601e-08 5.752755307591977951e-03 4.658925773933908232e+01 -3.363131507856896400e-03 4.936990326865638394e+02 3.466228630138584776e+02 0.000000000000000000e+00 1.000000000000000000e+00 2.145489449355787656e+05 2.989153874532286181e+02 
3.920426486097925226e-03 -7.580005256754293597e-02 4.001923001015835618e-02 3.243187958354537601e-08 5.752508221774030490e-03 4.670993441451935979e+01 -2.704257205048363113e-03 4.936678337084620694e+02 3.466193544220710123e+02 0.000000000000000000e+00 1.000000000000000000e+00 2.145446015356665594e+05 2.989093361111071090e+02 
3.930014721134862665e-03 -7.580005256754293597e-02 4.001923001015835618e-02 3.243187958354537601e-08 5.752354834600005747e-03 4.680284800365971876e+01 -2.283344295160985148e-03 4.936490704741298714e+02 3.466173884407734818e+02 0.000000000000000000e+00 1.000000000000000000e+00 2.145421678026822046e+05 2.989059453685509311e+02 
3.940057847218544733e-03 -7.580005256754293597e-02 4.001923001015835618e-02 3.243187958354537601e-08 5.752296512216279432e-03 4.686064393446942944e+01 -1.645951203232465460e-03 4.936421147297155017e+02 3.466167035877483613e+02 0.000000000000000000e+00 1.000000000000000000e+00 2.145413200107803859e+05 2.989047642019649516e+02 
3.950100203247915685e-03 -7.580005256754293597e-02 4.001923001015835618e-02 3.243187958354537601e-08 5.752351295758524607e-03 4.686877675952670330e+01 -1.081628413086876831e-03 4.936499803777070952e+02 3.466178145060243310e+02 0.000000000000000000e+00 1.000000000000000000e+00 2.145426952373797831e+05 2.989066802048234877e+02 
3.960143744409480408e-03 -7.580005256754293597e-02 4.001923001015835618e-02 3.243187958354537601e-08 5.752582679025208465e-03 4.681651945572146190e+01 -5.904726150051545306e-04 4.936796559036670260e+02 3.466212615317962218e+02 0.000000000000000000e+00 1.000000000000000000e+00 2.145469624033819709e+05 2.989126253358016356e+02 
3.970189643391794539e-03 -7.580005256754293597e-02 4.001923001015835618e-02 3.243187958354537601e-08 5.752874151460070015e-03 4.670784184056304866e+01 -7.149141712703749232e-04 4.937162322869066884e+02 3.466253204463969269e+02 0.000000000000000000e+00 1.000000000000000000e+00 2.145519870974416845e+05 2.989196258753389088e+02 
3.980237082663305205e-03 -7.580005256754293597e-02 4.001923001015835618e-02 3.243187958354537601e-08 5.753098207135558598e-03 4.659037998274287418e+01 -1.553855053312189335e-03 4.937439055394426077e+02 3.466282846909909949e+02 0.000000000000000000e+00 1.000000000000000000e+00 2.145556566925334337e+05 2.989247384543775752e+02 
3.990283495933404437e-03 -7.580005256754293597e-02 4.001923001015835618e-02 3.243187958354537601e-08 5.753072249586339143e-03 4.653809783834113034e+01 -2.295859436646462397e-03 4.937402315252161884e+02 3.466277770151490927e+02 0.000000000000000000e+00 1.000000000000000000e+00 2.145550282115427253e+05 2.989238628376789961e+02 
4.000326769840137180e-03 -7.580005256754293597e-02 4.001923001015835618e-02 3.243187958354537601e-08 5.752837308737731789e-03 4.658412632450214375e+01 -2.406166885663465690e-03 4.937093733917045029e+02 3.466240226436581224e+02 0.000000000000000000e+00 1.000000000000000000e+00 2.145503804886986327e+05 2.989173875046255944e+02 
4.010366783818461109e-03 -7.580005256754293597e-02 4.001923001015835618e-02 3.243187958354537601e-08 5.752646056227802944e-03 4.667654837892924036e+01 -1.788393925825790699e-03 4.936847134361394751e+02 3.466211276316456065e+02 0.000000000000000000e+00 1.000000000000000000e+00 2.145467966439884913e+05 2.989123943953356388e+02 
4.020404689752152087e-03 -7.580005256754293597e-02 4.001923001015835618e-02 3.243187958354537601e-08 5.752690473607659574e-03 4.670565815730402903e+01 -1.641607190017386163e-03 4.936910531963060293e+02 3.466220150621429070e+02 0.000000000000000000e+00 1.000000000000000000e+00 2.145478952245364781e+05 2.989139249674400389e+02 
4.030442514005518236e-03 -7.580005256754293597e-02 4.001923001015835618e-02 3.243187958354537601e-08 5.753036365129506058e-03 4.662780181763277909e+01 -1.783131826595413293e-03 4.937359464055150511e+02 3.466273538745832070e+02 0.000000000000000000e+00 1.000000000000000000e+00 2.145545043823134911e+05 2.989231330246423681e+02 
4.040025722896464083e-03 -7.580005256754293597e-02 4.001923001015835618e-02 3.243187958354537601e-08 5.753472942938252579e-03 4.645786550463729725e+01 -2.795723046279018336e-03 4.937913781434839393e+02 3.466336590976216598e+02 0.000000000000000000e+00 1.000000000000000000e+00 2.145623100346539286e+05 2.989340080704010916e+02 
4.050067937768487072e-03 -7.580005256754293597e-02 4.001923001015835618e-02 3.243187958354537601e-08 5.753659615953943610e-03 4.630603005883926215e+01 -4.358565098998144760e-03 4.938144615540358586e+02 3.466361377887483854e+02 0.000000000000000000e+00 1.000000000000000000e+00 2.145653786091074580e+05 2.989382832912463073e+02 
4.060112687341273577e-03 -7.580005256754293597e-02 4.001923001015835618e-02 3.243187958354537601e-08 5.753443188410915787e-03 4.629061497791706614e+01 -4.274751073012656929e-03 4.937867322690888159e+02 3.466329247495415871e+02 0.000000000000000000e+00 1.000000000000000000e+00 2.145614009293238923e+05 2.989327414802901899e+02 
4.070158877075534531e-03 -7.580005256754293597e-02 4.001923001015835618e-02 3.243187958354537601e-08 5.753089558936907467e-03 4.640767976368612580e+01 -3.773776193487485102e-03 4.937398876399719825e+02 3.466271348530879663e+02 0.000000000000000000e+00 1.000000000000000000e+00 2.145542332436801225e+05 2.989227552669718193e+02 
4.080205288442988187e-03 -7.580005256754293597e-02 4.001923001015835618e-02 3.243187958354537601e-08 5.752708152919865613e-03 4.658119637656415080e+01 -2.821427885881078613e-03 4.936909664166928451e+02 3.466214519755767469e+02 0.000000000000000000e+00 1.000000000000000000e+00 2.145471981601018924e+05 2.989129537984342733e+02 
4.090251299146989775e-03 -7.580005256754293597e-02 4.001923001015835618e-02 3.243187958354537601e-08 5.752418528971350691e-03 4.674078951063020781e+01 -2.176419763625702785e-03 4.936550127866788671e+02 3.466175556430808911e+02 0.000000000000000000e+00 1.000000000000000000e+00 2.145423747856862319e+05 2.989062337428650267e+02 
4.100296449840149307e-03 -7.580005256754293597e-02 4.001923001015835618e-02 3.243187958354537601e-08 5.752243100590320561e-03 4.685548414836316056e+01 -1.701979664688624402e-03 4.936341609035944771e+02 3.466155203525946149e+02 0.000000000000000000e+00 1.000000000000000000e+00 2.145398552666070464e+05 2.989027234808035018e+02 
4.110340519154362382e-03 -7.580005256754293597e-02 4.001923001015835618e-02 3.243187958354537601e-08 5.752160475147817011e-03 4.692301503989268241e+01 -1.296768867854868924e-03 4.936249560941793675e+02 3.466147780660674016e+02 0.000000000000000000e+00 1.000000000000000000e+00 2.145389363817663689e+05 2.989014432656140912e+02 
4.120384161823118646e-03 -7.580005256754293597e-02 4.001923001015835618e-02 3.243187958354537601e-08 5.752178752268095191e-03 4.694283253629487973e+01 -9.335723667853804142e-04 4.936281396103624957e+02 3.466153450952967887e+02 0.000000000000000000e+00 1.000000000000000000e+00 2.145396383134495118e+05 2.989024212158020646e+02 
4.130428096809760086e-03 -7.580005256754293597e-02 4.001923001015835618e-02 3.243187958354537601e-08 5.752273915262822584e-03 4.692574246968398910e+01 -5.784873498778691147e-04 4.936410697234589406e+02 3.466170175204676980e+02 0.000000000000000000e+00 1.000000000000000000e+00 2.145417086335432541e+05 2.989053056416992149e+02 
4.140015619672436122e-03 -7.580005256754293597e-02 4.001923001015835618e-02 3.243187958354537601e-08 5.752423478332451337e-03 4.688030297281399328e+01 -3.523632995154354170e-04 4.936600153364323091e+02 3.466191627821386305e+02 0.000000000000000000e+00 1.000000000000000000e+00 2.145443642996262934e+05 2.989090055874453924e+02 
4.150059066279480381e-03 -7.580005256754293597e-02 4.001923001015835618e-02 3.243187958354537601e-08 5.752634311438889828e-03 4.679761791402107463e+01 -8.196109478145983127e-04 4.936865289981108162e+02 3.466221188311146761e+02 0.000000000000000000e+00 1.000000000000000000e+00 2.145480236838774581e+05 2.989141039404650542e+02 
4.160101358064979826e-03 -7.580005256754293597e-02 4.001923001015835618e-02 3.243187958354537601e-08 5.752789709224946472e-03 4.671179490975220006e+01 -1.686970228553434301e-03 4.937058936838657246e+02 3.466242351265443631e+02 0.000000000000000000e+00 1.000000000000000000e+00 2.145506435304676997e+05 2.989177539815259479e+02 
4.170142656468010106e-03 -7.580005256754293597e-02 4.001923001015835618e-02 3.243187958354537601e-08 5.752934987663518157e-03 4.663725787085328989e+01 -2.201542891290011322e-03 4.937238352318637453e+02 3.466261565833560212e+02 0.000000000000000000e+00 1.000000000000000000e+00 2.145530221924094076e+05 2.989210679976174561e+02 
4.180183529627554129e-03 -7.580005256754293597e-02 4.001923001015835618e-02 3.243187958354537601e-08 5.753117431662338986e-03 4.655457728307766274e+01 -2.734121802805367703e-03 4.937464826868651357e+02 3.466286101751072124e+02 0.000000000000000000e+00 1.000000000000000000e+00 2.145560596284400672e+05 2.989252998355705131e+02 
4.190224905217788953e-03 -7.580005256754293597e-02 4.001923001015835618e-02 3.243187958354537601e-08 5.753310809534324319e-03 4.646599932306979497e+01 -3.059994511015409584e-03 4.937703370862530505e+02 3.466311578595058904e+02 0.000000000000000000e+00 1.000000000000000000e+00 2.145592135696815676e+05 2.989296939917314262e+02 
4.200267704323368441e-03 -7.580005256754293597e-02 4.001923001015835618e-02 3.243187958354537601e-08 5.753463368318903481e-03 4.638352186449210279e+01 -3.360237307991935634e-03 4.937888265917861190e+02 3.466330519463338078e+02 0.000000000000000000e+00 1.000000000000000000e+00 2.145615583957674680e+05 2.989329608667943035e+02 
4.210312027539130607e-03 -7.580005256754293597e-02 4.001923001015835618e-02 3.243187958354537601e-08 5.753486548750629502e-03 4.633727241989586076e+01 -3.291770844754173583e-03 4.937913572030983005e+02 3.466332418888237612e+02 0.000000000000000000e+00 1.000000000000000000e+00 2.145617935399211128e+05 2.989332884759830335e+02 
4.220357284934309755e-03 -7.580005256754293597e-02 4.001923001015835618e-02 3.243187958354537601e-08 5.753378803115014560e-03 4.634222944875232031e+01 -3.031402769976411071e-03 4.937774811108205881e+02 3.466316171658542657e+02 0.000000000000000000e+00 1.000000000000000000e+00 2.145597821768131689e+05 2.989304861905516191e+02 
4.230402462654720384e-03 -7.580005256754293597e-02 4.001923001015835618e-02 3.243187958354537601e-08 5.753180245737161622e-03 4.641116564054914306e+01 -3.208064738999754674e-03 4.937510186078270067e+02 3.466283100799163321e+02 0.000000000000000000e+00 1.000000000000000000e+00 2.145556881229618448e+05 2.989247822440997311e+02 
4.240446727887718995e-03 -7.580005256754293597e-02 4.001923001015835618e-02 3.243187958354537601e-08 5.752779879164475994e-03 4.655018828950604615e+01 -3.453413269367713260e-03 4.937000986533176956e+02 3.466224969594146614e+02 0.000000000000000000e+00 1.000000000000000000e+00 2.145484917828204343e+05 2.989147561085609937e+02 
4.250033439762697027e-03 -7.580005256754293597e-02 4.001923001015835618e-02 3.243187958354537601e-08 5.752328657592299319e-03 4.673629599382145727e+01 -3.013984121326133102e-03 4.936437195745822919e+02 3.466162985267041563e+02 0.000000000000000000e+00 1.000000000000000000e+00 2.145408185792023141e+05 2.989040655939410840e+02 
4.260076193855891202e-03 -7.580005256754293597e-02 4.001923001015835618e-02 3.243187958354537601e-08 5.751976790937697939e-03 4.692544519473095477e+01 -2.095110157206073534e-03 4.936006870689851098e+02 3.466117915551261035e+02 0.000000000000000000e+00 1.000000000000000000e+00 2.145352393661681854e+05 2.988962924835849435e+02 
4.270119059306914586e-03 -7.580005256754293597e-02 4.001923001015835618e-02 3.243187958354537601e-08 5.751838867082963158e-03 4.704614016097841755e+01 -1.225790237264705101e-03 4.935850486868022813e+02 3.466104564169961009e+02 0.000000000000000000e+00 1.000000000000000000e+00 2.145335866028542223e+05 2.988939898090762881e+02 
4.280162233799844618e-03 -7.580005256754293597e-02 4.001923001015835618e-02 3.243187958354537601e-08 5.751939364937110229e-03 4.706682704834658182e+01 -6.535816356319844138e-04 4.935991834990983307e+02 3.466123912847322117e+02 0.000000000000000000e+00 1.000000000000000000e+00 2.145359817716434191e+05 2.988973268229536870e+02 
4.290205696742243821e-03 -7.580005256754293597e-02 4.001923001015835618e-02 3.243187958354537601e-08 5.752236609129999893e-03 4.699116210567116525e+01 -3.526641192046473840e-04 4.936380914986967241e+02 3.466170959048855025e+02 0.000000000000000000e+00 1.000000000000000000e+00 2.145418056670296064e+05 2.989054408313743920e+02 
4.300249220409514336e-03 -7.580005256754293597e-02 4.001923001015835618e-02 3.243187958354537601e-08 5.752591245491281424e-03 4.685271884793095154e+01 -6.080556883299985003e-04 4.936828348688363803e+02 3.466221194476785854e+02 0.000000000000000000e+00 1.000000000000000000e+00 2.145480244471442129e+05 2.989141050038688832e+02 
4.310292838656691258e-03 -7.580005256754293597e-02 4.001923001015835618e-02 3.243187958354537601e-08 5.752884512026362057e-03 4.670676466896196644e+01 -1.304386722603449343e-03 4.937190771485702498e+02 3.466260069709027789e+02 0.000000000000000000e+00 1.000000000000000000e+00 2.145528369796291809e+05 2.989208099541673391e+02 
4.320336741573560513e-03 -7.580005256754293597e-02 4.001923001015835618e-02 3.243187958354537601e-08 5.753056648458983874e-03 4.659477933604473066e+01 -2.023665321529608940e-03 4.937396668351934181e+02 3.466280487879009229e+02 0.000000000000000000e+00 1.000000000000000000e+00 2.145553646544775111e+05 2.989243315790668589e+02 
4.330380889897563618e-03 -7.580005256754293597e-02 4.001923001015835618e-02 3.243187958354537601e-08 5.753141838758551140e-03 4.652751289858005634e+01 -2.447137037940877707e-03 4.937492794188048038e+02 3.466288566087631011e+02 0.000000000000000000e+00 1.000000000000000000e+00 2.145563647033901070e+05 2.989257248742343904e+02 
4.340424978391287103e-03 -7.580005256754293597e-02 4.001923001015835618e-02 3.243187958354537601e-08 5.753145904454292150e-03 4.649368908315062754e+01 -2.818998637704646110e-03 4.937493957208864117e+02 3.466287749530154088e+02 0.000000000000000000e+00 1.000000000000000000e+00 2.145562636168360768e+05 2.989255840377158506e+02 
4.350011954965970866e-03 -7.580005256754293597e-02 4.001923001015835618e-02 3.243187958354537601e-08 5.753106887490432725e-03 4.648769473743517011e+01 -2.732309650074339017e-03 4.937446255908374724e+02 3.466282759448761226e+02 0.000000000000000000e+00 1.000000000000000000e+00 2.145556458652092842e+05 2.989247233694570127e+02 
4.360054666467195160e-03 -7.580005256754293597e-02 4.001923001015835618e-02 3.243187958354537601e-08 5.753094624356849471e-03 4.649014640872246673e+01 -2.565952362597523871e-03 4.937430751792333012e+02 3.466281011500148566e+02 0.000000000000000000e+00 1.000000000000000000e+00 2.145554294765444938e+05 2.989244218909221331e+02 
4.370096595018921684e-03 -7.580005256754293597e-02 4.001923001015835618e-02 3.243187958354537601e-08 5.753136228583460160e-03 4.648779115530091133e+01 -2.154357491535027064e-03 4.937480765371869325e+02 3.466286033839649008e+02 0.000000000000000000e+00 1.000000000000000000e+00 2.145560512212822505e+05 2.989252881224910539e+02 
4.380137922716366948e-03 -7.580005256754293597e-02 4.001923001015835618e-02 3.243187958354537601e-08 5.753240073941892282e-03 4.646104738580568494e+01 -2.415485712905172597e-03 4.937605599866705575e+02 3.466298569096941833e+02 0.000000000000000000e+00 1.000000000000000000e+00 2.145576030379197327e+05 2.989274501553623509e+02 
4.390178965546888759e-03 -7.580005256754293597e-02 4.001923001015835618e-02 3.243187958354537601e-08 5.753221155734736941e-03 4.643920713871865047e+01 -3.357180390806090587e-03 4.937582081076647000e+02 3.466296012818384611e+02 0.000000000000000000e+00 1.000000000000000000e+00 2.145572865800113068e+05 2.989270092576532534e+02 
4.400220077145398402e-03 -7.580005256754293597e-02 4.001923001015835618e-02 3.243187958354537601e-08 5.752992770768134388e-03 4.649012070059048796e+01 -3.887758138201684744e-03 4.937290847689938573e+02 3.466262585646937282e+02 0.000000000000000000e+00 1.000000000000000000e+00 2.145531484402820060e+05 2.989212438895648916e+02 
4.410262246183982784e-03 -7.580005256754293597e-02 4.001923001015835618e-02 3.243187958354537601e-08 5.752561249506784810e-03 4.663947656533308361e+01 -3.603318750801774370e-03 4.936740847375534713e+02 3.466199513337458029e+02 0.000000000000000000e+00 1.000000000000000000e+00 2.145453404689434101e+05 2.989103656129152569e+02 
4.420306045735828901e-03 -7.580005256754293597e-02 4.001923001015835618e-02 3.243187958354537601e-08 5.752216231031300094e-03 4.681599350858549968e+01 -2.390197600007253672e-03 4.936308696092150967e+02 3.466151743709129391e+02 0.000000000000000000e+00 1.000000000000000000e+00 2.145394269717470743e+05 2.989021267688315788e+02 
4.430350868329794786e-03 -7.580005256754293597e-02 4.001923001015835618e-02 3.243187958354537601e-08 5.752098983302257086e-03 4.692993727449226071e+01 -1.480584701625334287e-03 4.936170366610990072e+02 3.466138503051228099e+02 0.000000000000000000e+00 1.000000000000000000e+00 2.145377878988251905e+05 2.988998431681470720e+02 
4.440395610243043356e-03 -7.580005256754293597e-02 4.001923001015835618e-02 3.243187958354537601e-08 5.752185226665961978e-03 4.694690067984962667e+01 -1.129477452113341164e-03 4.936292291849450180e+02 3.466155325658181710e+02 0.000000000000000000e+00 1.000000000000000000e+00 2.145398703855102940e+05 2.989027445448680282e+02 
4.450439555431055794e-03 -7.580005256754293597e-02 4.001923001015835618e-02 3.243187958354537601e-08 5.752429140054907651e-03 4.688692147821252831e+01 -7.990031510759481453e-04 4.936611920705768739e+02 3.466194053217968190e+02 0.000000000000000000e+00 1.000000000000000000e+00 2.145446645457786799e+05 2.989094238984978915e+02 
4.460026756890179619e-03 -7.580005256754293597e-02 4.001923001015835618e-02 3.243187958354537601e-08 5.752690796207912509e-03 4.678442261878592490e+01 -9.536990154027669706e-04 4.936942104196170931e+02 3.466231136895038958e+02 0.000000000000000000e+00 1.000000000000000000e+00 2.145492552567978273e+05 2.989158198011362515e+02 
4.470071100390504010e-03 -7.580005256754293597e-02 4.001923001015835618e-02 3.243187958354537601e-08 5.752869858472690369e-03 4.668303879416033197e+01 -1.314147374277892417e-03 4.937160965142127793e+02 3.466254021169224302e+02 0.000000000000000000e+00 1.000000000000000000e+00 2.145520882012824877e+05 2.989197667359418347e+02 
4.480116228613918727e-03 -7.580005256754293597e-02 4.001923001015835618e-02 3.243187958354537601e-08 5.752935038863321235e-03 4.662519052674128517e+01 -1.619943384332339165e-03 4.937234106708637000e+02 3.466260060061979402e+02 0.000000000000000000e+00 1.000000000000000000e+00 2.145528357853727939e+05 2.989208082902970887e+02 
4.490161429537654902e-03 -7.580005256754293597e-02 4.001923001015835618e-02 3.243187958354537601e-08 5.752910932600090003e-03 4.660400705966272028e+01 -1.962248068428215121e-03 4.937200669553455441e+02 3.466255584765760318e+02 0.000000000000000000e+00 1.000000000000000000e+00 2.145522817664254690e+05 2.989200364161293919e+02 
4.500205505026054140e-03 -7.580005256754293597e-02 4.001923001015835618e-02 3.243187958354537601e-08 5.752846529188458506e-03 4.661070062627923960e+01 -1.903333198594911457e-03 4.937119271799240892e+02 3.466246413467829370e+02 0.000000000000000000e+00 1.000000000000000000e+00 2.145511464085462794e+05 2.989184546048534230e+02 
4.510247464448320295e-03 -7.580005256754293597e-02 4.001923001015835618e-02 3.243187958354537601e-08 5.752864848713051121e-03 4.661432826245256678e+01 -1.793126281097404823e-03 4.937143491549631449e+02 3.466249396537034499e+02 0.000000000000000000e+00 1.000000000000000000e+00 2.145515156963099726e+05 2.989189691065443526e+02 
4.520287540195570136e-03 -7.580005256754293597e-02 4.001923001015835618e-02 3.243187958354537601e-08 5.752982304125403047e-03 4.658942549581136916e+01 -1.967327651053770408e-03 4.937289156242754302e+02 3.466265145056905794e+02 0.000000000000000000e+00 1.000000000000000000e+00 2.145534652827924001e+05 2.989216853231118307e+02 
4.530326688828207465e-03 -7.580005256754293597e-02 4.001923001015835618e-02 3.243187958354537601e-08 5.753159597923308832e-03 4.653094104248687302e+01 -2.392265599975044663e-03 4.937508305090365184e+02 3.466288660698723447e+02 0.000000000000000000e+00 1.000000000000000000e+00 2.145563764158670092e+05 2.989257411923736640e+02 
4.540366139178450555e-03 -7.580005256754293597e-02 4.001923001015835618e-02 3.243187958354537601e-08 5.753316767683794644e-03 4.645232796582526191e+01 -3.326860186502703966e-03 4.937704345324612518e+02 3.466310125774372750e+02 0.000000000000000000e+00 1.000000000000000000e+00 2.145590337151062267e+05 2.989294434134771450e+02 
4.550406827595093046e-03 -7.580005256754293597e-02 4.001923001015835618e-02 3.243187958354537601e-08 5.753310988325819816e-03 4.640652810109538251e+01 -3.891170868855769235e-03 4.937699562210589193e+02 3.466310187881060756e+02 0.000000000000000000e+00 1.000000000000000000e+00 2.145590414037149167e+05 2.989294541254545265e+02 
4.560449253132127512e-03 -7.580005256754293597e-02 4.001923001015835618e-02 3.243187958354537601e-08 5.753140801389911366e-03 4.642934023541117483e+01 -3.838692389649604568e-03 4.937486958789661458e+02 3.466286830271565691e+02 0.000000000000000000e+00 1.000000000000000000e+00 2.145561498163231881e+05 2.989254254877662333e+02 
4.570036897023906086e-03 -7.580005256754293597e-02 4.001923001015835618e-02 3.243187958354537601e-08 5.752950304036995831e-03 4.651023095655907724e+01 -3.292083848456142485e-03 4.937234306231442815e+02 3.466255531321645549e+02 0.000000000000000000e+00 1.000000000000000000e+00 2.145522751503196778e+05 2.989200271983920629e+02 
4.580082589522690290e-03 -7.580005256754293597e-02 4.001923001015835618e-02 3.243187958354537601e-08 5.752741604120667138e-03 4.661354463217740829e+01 -2.612415530669881612e-03 4.936965719942080568e+02 3.466224120346100221e+02 0.000000000000000000e+00 1.000000000000000000e+00 2.145483866512338864e+05 2.989146096363938341e+02 
4.590128964813389514e-03 -7.580005256754293597e-02 4.001923001015835618e-02 3.243187958354537601e-08 5.752579106871469859e-03 4.670443123068592683e+01 -2.210027126048624488e-03 4.936763261256445503e+02 3.466202002012173011e+02 0.000000000000000000e+00 1.000000000000000000e+00 2.145456485491642379e+05 2.989107948386035787e+02 
4.600174951841911990e-03 -7.580005256754293597e-02 4.001923001015835618e-02 3.243187958354537601e-08 5.752446119902054900e-03 4.677711202219116871e+01 -1.962452053591596818e-03 4.936601753528461245e+02 3.466185368136762008e+02 0.000000000000000000e+00 1.000000000000000000e+00 2.145435893979531829e+05 2.989079259734956509e+02 
4.610219796347762508e-03 -7.580005256754293597e-02 4.001923001015835618e-02 3.243187958354537601e-08 5.752319069848303018e-03 4.684100314744385685e+01 -1.694603633953479377e-03 4.936448673927752111e+02 3.466169903653791948e+02 0.000000000000000000e+00 1.000000000000000000e+00 2.145416750177739304e+05 2.989052588073010384e+02 
4.620263399645517521e-03 -7.580005256754293597e-02 4.001923001015835618e-02 3.243187958354537601e-08 5.752236454513739994e-03 4.689296505249515690e+01 -1.254088316860399888e-03 4.936350470579849343e+02 3.466160317065256322e+02 0.000000000000000000e+00 1.000000000000000000e+00 2.145404882785342634e+05 2.989036054101252375e+02 
4.630306227612644709e-03 -7.580005256754293597e-02 4.001923001015835618e-02 3.243187958354537601e-08 5.752234045899031270e-03 4.691521389493927785e+01 -8.491466041746581700e-04 4.936350412653673061e+02 3.466161022415301431e+02 0.000000000000000000e+00 1.000000000000000000e+00 2.145405755948408332e+05 2.989037270615629609e+02 
4.640348959495765695e-03 -7.580005256754293597e-02 4.001923001015835618e-02 3.243187958354537601e-08 5.752375573738029851e-03 4.689366252585175943e+01 -3.516221839157882543e-04 4.936536009752792324e+02 3.466183541543574052e+02 0.000000000000000000e+00 1.000000000000000000e+00 2.145433632797777536e+05 2.989076109395436447e+02 
4.650392021792003686e-03 -7.580005256754293597e-02 4.001923001015835618e-02 3.243187958354537601e-08 5.752650762024482355e-03 4.680382841247100600e+01 -6.287067932133915977e-04 4.936886101660260806e+02 3.466223538235655610e+02 0.000000000000000000e+00 1.000000000000000000e+00 2.145483145896233909e+05 2.989145092382108828e+02 
4.660435245276798970e-03 -7.580005256754293597e-02 4.001923001015835618e-02 3.243187958354537601e-08 5.752959177114045849e-03 4.667384421505674652e+01 -1.264260354113146047e-03 4.937273229014306821e+02 3.466266521339914561e+02 0.000000000000000000e+00 1.000000000000000000e+00 2.145536356600341387e+05 2.989219226972888350e+02 
4.670021483743250212e-03 -7.580005256754293597e-02 4.001923001015835618e-02 3.243187958354537601e-08 5.753178096154327840e-03 4.655217119470185594e+01 -2.224273026797321876e-03 4.937543786365045548e+02 3.466295542556092073e+02 0.000000000000000000e+00 1.000000000000000000e+00 2.145572283632898761e+05 2.989269281485438796e+02 
4.680063057598242079e-03 -7.580005256754293597e-02 4.001923001015835618e-02 3.243187958354537601e-08 5.753295224103576258e-03 4.646202925422322494e+01 -3.141338107625702217e-03 4.937684000178254564e+02 3.466309474424804762e+02 0.000000000000000000e+00 1.000000000000000000e+00 2.145589530801280052e+05 2.989293310706466400e+02 
4.690103541597186523e-03 -7.580005256754293597e-02 4.001923001015835618e-02 3.243187958354537601e-08 5.753242106486868360e-03 4.642915547811220733e+01 -3.618394624048078441e-03 4.937618775625329590e+02 3.466302581618024874e+02 0.000000000000000000e+00 1.000000000000000000e+00 2.145580997737818980e+05 2.989281422211878976e+02 
4.700144037875430073e-03 -7.580005256754293597e-02 4.001923001015835618e-02 3.243187958354537601e-08 5.753164391121267165e-03 4.643550481567750410e+01 -3.322033725907419955e-03 4.937523486318381742e+02 3.466292545591930434e+02 0.000000000000000000e+00 1.000000000000000000e+00 2.145568573504675878e+05 2.989264112434546519e+02 
4.710185926854506752e-03 -7.580005256754293597e-02 4.001923001015835618e-02 3.243187958354537601e-08 5.753176910156786346e-03 4.644433250259653789e+01 -2.803316268551781214e-03 4.937539331635015856e+02 3.466294336164677361e+02 0.000000000000000000e+00 1.000000000000000000e+00 2.145570790165592916e+05 2.989267200746432991e+02 
4.720230135065868818e-03 -7.580005256754293597e-02 4.001923001015835618e-02 3.243187958354537601e-08 5.753258431638653449e-03 4.643143680326961231e+01 -2.641832705399943526e-03 4.937636181284381109e+02 3.466303773251412395e+02 0.000000000000000000e+00 1.000000000000000000e+00 2.145582472938746214e+05 2.989283477501672337e+02 
4.730275841413058083e-03 -7.580005256754293597e-02 4.001923001015835618e-02 3.243187958354537601e-08 5.753259322477609870e-03 4.641774618667966479e+01 -3.001272762074411529e-03 4.937632291406974900e+02 3.466302139508978257e+02 0.000000000000000000e+00 1.000000000000000000e+00 2.145580450422235881e+05 2.989280659677019685e+02 
4.740321544220131231e-03 -7.580005256754293597e-02 4.001923001015835618e-02 3.243187958354537601e-08 5.753058787486124183e-03 4.646744720643552284e+01 -3.447704685535739940e-03 4.937369921066555207e+02 3.466270454559610243e+02 0.000000000000000000e+00 1.000000000000000000e+00 2.145541225741587405e+05 2.989226010792042416e+02 
4.750366158729972532e-03 -7.580005256754293597e-02 4.001923001015835618e-02 3.243187958354537601e-08 5.752609705819652398e-03 4.661575808770823670e+01 -3.386245898922461174e-03 4.936795313102737168e+02 3.466204035468254574e+02 0.000000000000000000e+00 1.000000000000000000e+00 2.145459002767216880e+05 2.989111455522386223e+02 
4.760409596191480033e-03 -7.580005256754293597e-02 4.001923001015835618e-02 3.243187958354537601e-08 5.752116200182080807e-03 4.682926061048830491e+01 -2.437848805006687450e-03 4.936175107184189983e+02 3.466134980124231788e+02 0.000000000000000000e+00 1.000000000000000000e+00 2.145373517935858981e+05 2.988992355745435816e+02 
4.770452388052745865e-03 -7.580005256754293597e-02 4.001923001015835618e-02 3.243187958354537601e-08 5.751832694430109895e-03 4.701103087801648428e+01 -1.274454343011374897e-03 4.935830298830708216e+02 3.466099335678264310e+02 0.000000000000000000e+00 1.000000000000000000e+00 2.145329393712376477e+05 2.988930880684990825e+02 
4.780038584293920881e-03 -7.580005256754293597e-02 4.001923001015835618e-02 3.243187958354537601e-08 5.751851274594173453e-03 4.708386619200384615e+01 -2.972158585117562393e-04 4.935866972322663742e+02 3.466106614025900399e+02 0.000000000000000000e+00 1.000000000000000000e+00 2.145338403534659592e+05 2.988943433412852073e+02 
4.790081628963824452e-03 -7.580005256754293597e-02 4.001923001015835618e-02 3.243187958354537601e-08 5.752170129425434805e-03 4.702508093830106617e+01 -1.363002571618854070e-04 4.936291477031130057e+02 3.466159588245301961e+02 0.000000000000000000e+00 1.000000000000000000e+00 2.145403980568721890e+05 2.989034797108677139e+02 
4.800125296056945157e-03 -7.580005256754293597e-02 4.001923001015835618e-02 3.243187958354537601e-08 5.752579078488292974e-03 4.687176035513165573e+01 -5.415985951492666888e-04 4.936814130341300029e+02 3.466219868627425171e+02 0.000000000000000000e+00 1.000000000000000000e+00 2.145478603154914745e+05 2.989138763312153060e+02 
4.810169354248792183e-03 -7.580005256754293597e-02 4.001923001015835618e-02 3.243187958354537601e-08 5.752910613455002910e-03 4.670518808037306258e+01 -1.340635015355160029e-03 4.937226526207746815e+02 3.466264757477941885e+02 0.000000000000000000e+00 1.000000000000000000e+00 2.145534173023860203e+05 2.989216184755131849e+02 
4.820213358910149272e-03 -7.580005256754293597e-02 4.001923001015835618e-02 3.243187958354537601e-08 5.753063937309512224e-03 4.658874045897870531e+01 -2.116455758949036588e-03 4.937408668855070459e+02 3.466282504522907857e+02 0.000000000000000000e+00 1.000000000000000000e+00 2.145556143064571952e+05 2.989246794009508221e+02 
4.830256880951513780e-03 -7.580005256754293597e-02 4.001923001015835618e-02 3.243187958354537601e-08 5.753094492577418353e-03 4.653613415457908076e+01 -2.429376608254261646e-03 4.937437868259010543e+02 3.466283549225575484e+02 0.000000000000000000e+00 1.000000000000000000e+00 2.145557436362830922e+05 2.989248595867588847e+02 
4.840299769685298299e-03 -7.580005256754293597e-02 4.001923001015835618e-02 3.243187958354537601e-08 5.753092231011172446e-03 4.651452004575234156e+01 -2.531262914886390440e-03 4.937431603503721931e+02 3.466282031472786684e+02 0.000000000000000000e+00 1.000000000000000000e+00 2.145555557448412001e+05 2.989245978113250430e+02 
4.850342210378746216e-03 -7.580005256754293597e-02 4.001923001015835618e-02 3.243187958354537601e-08 5.753132710745866019e-03 4.649568288417112427e+01 -2.563623088399968886e-03 4.937478706605700722e+02 3.466286370931660485e+02 0.000000000000000000e+00 1.000000000000000000e+00 2.145560929519032652e+05 2.989253462627198701e+02 
4.860384595452486509e-03 -7.580005256754293597e-02 4.001923001015835618e-02 3.243187958354537601e-08 5.753210947986171254e-03 4.646723431833555651e+01 -2.730486164274428980e-03 4.937573431322804822e+02 3.466296051722283096e+02 0.000000000000000000e+00 1.000000000000000000e+00 2.145572913961694867e+05 2.989270159676549383e+02 
4.870427258778276675e-03 -7.580005256754293597e-02 4.001923001015835618e-02 3.243187958354537601e-08 5.753260339457926670e-03 4.644003414194250468e+01 -2.786035611507918161e-03 4.937632800483029882e+02 3.466302011836952488e+02 0.000000000000000000e+00 1.000000000000000000e+00 2.145580292368733499e+05 2.989280439472609032e+02 
4.880013725988570361e-03 -7.580005256754293597e-02 4.001923001015835618e-02 3.243187958354537601e-08 5.753280061545267519e-03 4.642006603177810575e+01 -2.968193232028657619e-03 4.937656178156129272e+02 3.466304276375247468e+02 0.000000000000000000e+00 1.000000000000000000e+00 2.145583095788809296e+05 2.989284345273210306e+02 
4.890056537084635710e-03 -7.580005256754293597e-02 4.001923001015835618e-02 3.243187958354537601e-08 5.753179617171736218e-03 4.643108826566453473e+01 -3.220841299144607418e-03 4.937530710946487602e+02 3.466290494689471871e+02 0.000000000000000000e+00 1.000000000000000000e+00 2.145566034566889866e+05 2.989260575117817780e+02 
4.900098891491238770e-03 -7.580005256754293597e-02 4.001923001015835618e-02 3.243187958354537601e-08 5.752944577309386347e-03 4.650737334539458345e+01 -3.526882155774445707e-03 4.937223475573989617e+02 3.466253454638384710e+02 0.000000000000000000e+00 1.000000000000000000e+00 2.145520180677238968e+05 2.989196690239729151e+02 
4.910141117068472782e-03 -7.580005256754293597e-02 4.001923001015835618e-02 3.243187958354537601e-08 5.752512435344394638e-03 4.666301749806790866e+01 -3.340513026434291637e-03 4.936675366270296763e+02 3.466191231820992016e+02 0.000000000000000000e+00 1.000000000000000000e+00 2.145443152777272335e+05 2.989089372888109892e+02 
4.920183855681692017e-03 -7.580005256754293597e-02 4.001923001015835618e-02 3.243187958354537601e-08 5.752160353315690158e-03 4.684317535845084990e+01 -2.181430487366433496e-03 4.936236802451350627e+02 3.466143337970649441e+02 0.000000000000000000e+00 1.000000000000000000e+00 2.145383864171128080e+05 2.989006770399980724e+02 
4.930227587101872894e-03 -7.580005256754293597e-02 4.001923001015835618e-02 3.243187958354537601e-08 5.752072446203362888e-03 4.695041987347097745e+01 -1.288917191876069387e-03 4.936136936592444613e+02 3.466134761340787236e+02 0.000000000000000000e+00 1.000000000000000000e+00 2.145373247102671012e+05 2.988991978413320112e+02 
4.940272013267995102e-03 -7.580005256754293597e-02 4.001923001015835618e-02 3.243187958354537601e-08 5.752194763877126020e-03 4.695438019239497862e+01 -1.067635203701301208e-03 4.936307552296756853e+02 3.466157809958252187e+02 0.000000000000000000e+00 1.000000000000000000e+00 2.145401779202604666e+05 2.989031730105919564e+02 
4.950316758560327143e-03 -7.580005256754293597e-02 4.001923001015835618e-02 3.243187958354537601e-08 5.752412155977730014e-03 4.688904670140610165e+01 -1.059937842963614221e-03 4.936592897481806972e+02 3.466192491705202769e+02 0.000000000000000000e+00 1.000000000000000000e+00 2.145444712420272117e+05 2.989091545824880427e+02 
4.960361549472864715e-03 -7.580005256754293597e-02 4.001923001015835618e-02 3.243187958354537601e-08 5.752631629986868465e-03 4.679677042654864039e+01 -1.120232543341823225e-03 4.936868824634385646e+02 3.466223237016525331e+02 0.000000000000000000e+00 1.000000000000000000e+00 2.145482773005949857e+05 2.989144572861289362e+02 
4.970406120838516406e-03 -7.580005256754293597e-02 4.001923001015835618e-02 3.243187958354537601e-08 5.752762874304844475e-03 4.671859605422117312e+01 -1.320047835149931606e-03 4.937027217259821441e+02 3.466239300760860829e+02 0.000000000000000000e+00 1.000000000000000000e+00 2.145502658953418722e+05 2.989172278500644779e+02 
4.980450305475305622e-03 -7.580005256754293597e-02 4.001923001015835618e-02 3.243187958354537601e-08 5.752847313463540016e-03 4.666794425940923219e+01 -1.350478601047068027e-03 4.937124412892948158e+02 3.466247981919995595e+02 0.000000000000000000e+00 1.000000000000000000e+00 2.145513405743650510e+05 2.989187251219187260e+02 
4.990037570557241328e-03 -7.580005256754293597e-02 4.001923001015835618e-02 3.243187958354537601e-08 5.752911235615236832e-03 4.663106132452560360e+01 -1.586430979939898759e-03 4.937197511646264729e+02 3.466254384944577964e+02 0.000000000000000000e+00 1.000000000000000000e+00 2.145521332347770804e+05 2.989198294778233844e+02 
5.000081008574413718e-03 -7.580005256754293597e-02 4.001923001015835618e-02 3.243187958354537601e-08 5.752983919099305919e-03 4.659595657374247679e+01 -1.816036650158735482e-03 4.937284632228374335e+02 3.466263070471816832e+02 0.000000000000000000e+00 1.000000000000000000e+00 2.145532084592269093e+05 2.989213275095807489e+02 
