time pos.x pos.y vol rho vel.x vel.y p a shock-detector massf-air e T
1.030242007810294417e-05 7.581385888698113917e-02 3.812781917032453949e-02 2.844860856342282421e-08 5.805112588314485420e-05 -5.003622816287842533e-14 8.839955980112141104e-14 5.000000000000002665e+00 3.472511529997684079e+02 0.000000000000000000e+00 1.000000000000000000e+00 2.153274343922653352e+05 3.000000000000001137e+02 
2.013876839773370907e-05 7.581385888698113917e-02 3.812781917032453949e-02 2.844860856342282421e-08 5.805112588314485420e-05 -1.175677543404060123e-13 6.143669101830186076e-14 5.000000000000002665e+00 3.472511529997684079e+02 0.000000000000000000e+00 1.000000000000000000e+00 2.153274343922653352e+05 3.000000000000001137e+02 
3.007550235306815295e-05 7.581385888698113917e-02 3.812781917032453949e-02 2.844860856342282421e-08 5.805112588314485420e-05 -1.126659671305989282e-13 8.226995722447101504e-14 5.000000000000002665e+00 3.472511529997684079e+02 0.000000000000000000e+00 1.000000000000000000e+00 2.153274343922653352e+05 3.000000000000001137e+02 
4.016622283583687450e-05 7.581385888698113917e-02 3.812781917032453949e-02 2.844860856342282421e-08 5.805112588314485420e-05 -1.011987568779102604e-13 7.846465714754887369e-14 5.000000000000002665e+00 3.472511529997684079e+02 0.000000000000000000e+00 1.000000000000000000e+00 2.153274343922653352e+05 3.000000000000001137e+02 
5.030849476213667619e-05 7.581385888698113917e-02 3.812781917032453949e-02 2.844860856342282421e-08 5.805112588314485420e-05 -1.227836356045720582e-13 8.014174395083907328e-14 5.000000000000002665e+00 3.472511529997684079e+02 0.000000000000000000e+00 1.000000000000000000e+00 2.153274343922653352e+05 3.000000000000001137e+02 
6.031245663854024127e-05 7.581385888698113917e-02 3.812781917032453949e-02 2.844860856342282421e-08 5.805112588314484065e-05 -2.150321979093697160e-13 1.180270909690564858e-13 5.000000000000002665e+00 3.472511529997684647e+02 0.000000000000000000e+00 1.000000000000000000e+00 2.153274343922653643e+05 3.000000000000001705e+02 
7.006709937667456500e-05 7.581385888698113917e-02 3.812781917032453949e-02 2.844860856342282421e-08 5.805112588314484065e-05 -2.728016237689838325e-13 9.936733009524755617e-14 5.000000000000002665e+00 3.472511529997684647e+02 0.000000000000000000e+00 1.000000000000000000e+00 2.153274343922653643e+05 3.000000000000001705e+02 
8.034568785279535641e-05 7.581385888698113917e-02 3.812781917032453949e-02 2.844860856342282421e-08 5.805112588314482710e-05 -3.225913729631174489e-13 1.099827227508356175e-13 5.000000000000000888e+00 3.472511529997684079e+02 0.000000000000000000e+00 1.000000000000000000e+00 2.153274343922653061e+05 3.000000000000001137e+02 
9.006979036885210679e-05 7.581385888698113917e-02 3.812781917032453949e-02 2.844860856342282421e-08 5.805112588314519301e-05 5.595339166127138708e-12 2.822756055127047212e-13 5.000000000000043521e+00 3.472511529997688058e+02 0.000000000000000000e+00 1.000000000000000000e+00 2.153274343922658009e+05 3.000000000000007958e+02 
1.003251286349560796e-04 7.581385888698113917e-02 3.812781917032453949e-02 2.844860856342282421e-08 5.805125126121010428e-05 1.206349574569050113e-03 7.873136699066446312e-05 5.000015118545493742e+00 3.472513029983896331e+02 0.000000000000000000e+00 1.000000000000000000e+00 2.153276204179989873e+05 3.000002591760788846e+02 
1.103529825277350918e-04 7.581385888698113917e-02 3.812781917032453949e-02 2.844860856342282421e-08 1.174527524062882742e-04 3.926929316725397143e+02 8.926989862979921497e+01 1.548818521927934810e+01 4.296676785024697551e+02 0.000000000000000000e+00 1.000000000000000000e+00 3.296684177673245431e+05 4.593029476681953156e+02 
1.201553947069434981e-04 7.581385888698113917e-02 3.812781917032453949e-02 2.844860856342282421e-08 1.234833186763664335e-04 4.376475015793709531e+02 1.113157911989801505e+02 1.645761229184744678e+01 4.319597537473671878e+02 0.000000000000000000e+00 1.000000000000000000e+00 3.331950515312252101e+05 4.642163491219220646e+02 
1.300666434284320058e-04 7.581385888698113917e-02 3.812781917032453949e-02 2.844860856342282421e-08 1.171588741660241053e-04 4.352870003049205252e+02 1.133092671564353680e+02 1.536245394522868501e+01 4.284564843895071817e+02 0.000000000000000000e+00 1.000000000000000000e+00 3.278124268132428988e+05 4.567171309198744211e+02 
1.402129757461433263e-04 7.581385888698113917e-02 3.812781917032453949e-02 2.844860856342282421e-08 1.132780911977399475e-04 4.327596323064732928e+02 1.136659853672646250e+02 1.469370330710656170e+01 4.261443059731678318e+02 0.000000000000000000e+00 1.000000000000000000e+00 3.242838741309873876e+05 4.518010559772442321e+02 
1.501476368101251643e-04 7.581385888698113917e-02 3.812781917032453949e-02 2.844860856342282421e-08 1.089083773564316466e-04 4.370497682926342122e+02 1.148313035902569652e+02 1.417539939858867371e+01 4.268752999615486488e+02 0.000000000000000000e+00 1.000000000000000000e+00 3.253973602093966911e+05 4.533523948694090677e+02 
1.600962065201347675e-04 7.581385888698113917e-02 3.812781917032453949e-02 2.844860856342282421e-08 1.093779084471929660e-04 4.428286370834155719e+02 1.168430084840246508e+02 1.391826685712858591e+01 4.220771002044077136e+02 0.000000000000000000e+00 1.000000000000000000e+00 3.181233544945743633e+05 4.432180535551883054e+02 
1.700846840257066886e-04 7.581385888698113917e-02 3.812781917032453949e-02 2.844860856342282421e-08 2.482690304839950120e-04 4.537906553773898963e+02 1.170934776951735472e+02 1.380952785965558327e+01 2.790565103300360761e+02 0.000000000000000000e+00 1.000000000000000000e+00 1.390580999242456164e+05 1.937395023305595885e+02 
1.801925581783832872e-04 7.581385888698113917e-02 3.812781917032453949e-02 2.844860856342282421e-08 4.694347181543854250e-04 4.641325337688799664e+02 1.230024150513196162e+02 1.548329658615291038e+01 2.148860047734246166e+02 0.000000000000000000e+00 1.000000000000000000e+00 8.245713401336477546e+04 1.148815071977563775e+02 
1.903632185681682369e-04 7.581385888698113917e-02 3.812781917032453949e-02 2.844860856342282421e-08 4.351478471637439810e-04 5.042133206433477994e+02 1.337138403986988919e+02 1.386058408435286715e+01 2.111720150709165296e+02 0.000000000000000000e+00 1.000000000000000000e+00 7.963146419484179933e+04 1.109447076536136478e+02 
2.001038227518333560e-04 7.581385888698113917e-02 3.812781917032453949e-02 2.844860856342282421e-08 2.827109045919272250e-04 6.007573845720206691e+02 1.605764708617960821e+02 7.443909876929918568e+00 1.919964907959514733e+02 0.000000000000000000e+00 1.000000000000000000e+00 6.582616513921407750e+04 9.171079197362871582e+01 
2.103359787219981922e-04 7.581385888698113917e-02 3.812781917032453949e-02 2.844860856342282421e-08 2.474096373115349011e-04 6.346001915937415561e+02 1.674573417886921050e+02 6.069684852672782682e+00 1.853270371793400386e+02 0.000000000000000000e+00 1.000000000000000000e+00 6.133234055298659950e+04 8.544987413158401068e+01 
2.201213892424617915e-04 7.581385888698113917e-02 3.812781917032453949e-02 2.844860856342282421e-08 2.655070402070959577e-04 6.267950017996852239e+02 1.652146027506778978e+02 6.698369195115927432e+00 1.879362416710675632e+02 0.000000000000000000e+00 1.000000000000000000e+00 6.307148380972485757e+04 8.787289551060166559e+01 
2.304041349525091811e-04 7.581385888698113917e-02 3.812781917032453949e-02 2.844860856342282421e-08 2.802125151325036631e-04 6.196450126328572878e+02 1.630801935204920312e+02 7.222299465491241577e+00 1.899581799111633984e+02 0.000000000000000000e+00 1.000000000000000000e+00 6.443591091993200826e+04 8.977385222899391692e+01 
2.402454238656559406e-04 7.581385888698113917e-02 3.812781917032453949e-02 2.844860856342282421e-08 2.924101709846332452e-04 6.138683058200263076e+02 1.614857382276338171e+02 7.665414213898211315e+00 1.915735708198080545e+02 0.000000000000000000e+00 1.000000000000000000e+00 6.553648756545002107e+04 9.130720535042628683e+01 
2.500930157055760599e-04 7.581385888698113917e-02 3.812781917032453949e-02 2.844860856342282421e-08 3.043466099798750849e-04 6.092642454396944913e+02 1.602888323228834793e+02 8.106046796391449760e+00 1.931009172891671994e+02 0.000000000000000000e+00 1.000000000000000000e+00 6.658565046056749998e+04 9.276892744553963155e+01 
2.603938016515984955e-04 7.581385888698113917e-02 3.812781917032453949e-02 2.844860856342282421e-08 3.170385634033404294e-04 6.055255288382818435e+02 1.593370096505288416e+02 8.581828068276802668e+00 1.946694836157619193e+02 0.000000000000000000e+00 1.000000000000000000e+00 6.767179973433463601e+04 9.428217996280385194e+01 
2.702010753826200378e-04 7.581385888698113917e-02 3.812781917032453949e-02 2.844860856342282421e-08 3.287831141370930869e-04 6.028030330097896012e+02 1.586253199119816770e+02 9.028973510453138118e+00 1.960778133088915354e+02 0.000000000000000000e+00 1.000000000000000000e+00 6.865448012856522109e+04 9.565127684124492191e+01 
2.804463490450753997e-04 7.581385888698113917e-02 3.812781917032453949e-02 2.844860856342282421e-08 3.403414665240504832e-04 6.005682471700700944e+02 1.580456367307097310e+02 9.475233704435300552e+00 1.974247288297643479e+02 0.000000000000000000e+00 1.000000000000000000e+00 6.960093491697497666e+04 9.696990322679724272e+01 
2.901893046364596089e-04 7.581385888698113917e-02 3.812781917032453949e-02 2.844860856342282421e-08 3.505965845617542561e-04 5.988588761752050686e+02 1.576104946833527833e+02 9.875978731641943398e+00 1.985867417635294316e+02 0.000000000000000000e+00 1.000000000000000000e+00 7.042266786474059336e+04 9.811476377383091574e+01 
3.003571067494661029e-04 7.581385888698113917e-02 3.812781917032453949e-02 2.844860856342282421e-08 3.608839163902051949e-04 5.975277263270882031e+02 1.572965033072878214e+02 1.028301523773237847e+01 1.997287085839009251e+02 0.000000000000000000e+00 1.000000000000000000e+00 7.123492327248718357e+04 9.924641995601561462e+01 
3.100487821070546266e-04 7.581385888698113917e-02 3.812781917032453949e-02 2.844860856342282421e-08 3.705524789981257897e-04 5.966055124759853925e+02 1.570941223082895419e+02 1.067066397356968110e+01 2.007866705330824004e+02 0.000000000000000000e+00 1.000000000000000000e+00 7.199158404242960387e+04 1.003006201865779730e+02 
3.202053502016744642e-04 7.581385888698113917e-02 3.812781917032453949e-02 2.844860856342282421e-08 3.804528357000466353e-04 5.960699538471220649e+02 1.569716831170676983e+02 1.107296041290226363e+01 2.018577735404348630e+02 0.000000000000000000e+00 1.000000000000000000e+00 7.276171560482410132e+04 1.013735882891814697e+02 
3.303657243392065066e-04 7.581385888698113917e-02 3.812781917032453949e-02 2.844860856342282421e-08 3.898366388678385815e-04 5.958293870152897398e+02 1.569196377587356608e+02 1.145843095428895886e+01 2.028547899066023490e+02 0.000000000000000000e+00 1.000000000000000000e+00 7.348226033580675721e+04 1.023774706783665351e+02 
3.400630592891278471e-04 7.581385888698113917e-02 3.812781917032453949e-02 2.844860856342282421e-08 3.981785034429754675e-04 5.957001875802030781e+02 1.568955816226398667e+02 1.180408223636998244e+01 2.037235456328628800e+02 0.000000000000000000e+00 1.000000000000000000e+00 7.411300543790208758e+04 1.032562417980924465e+02 
3.502188194146043797e-04 7.581385888698113917e-02 3.812781917032453949e-02 2.844860856342282421e-08 4.062510503096557982e-04 5.955984362069941653e+02 1.568711418726658735e+02 1.214109436260377173e+01 2.045482115836746004e+02 0.000000000000000000e+00 1.000000000000000000e+00 7.471423368228520849e+04 1.040938892340729325e+02 
3.603731316672909349e-04 7.581385888698113917e-02 3.812781917032453949e-02 2.844860856342282421e-08 4.130787312484753373e-04 5.953786604824541655e+02 1.567832269197834876e+02 1.242755262198650534e+01 2.052297924759717489e+02 0.000000000000000000e+00 1.000000000000000000e+00 7.521297807094719610e+04 1.047887533930264254e+02 
3.700669491012121225e-04 7.581385888698113917e-02 3.812781917032453949e-02 2.844860856342282421e-08 4.175833528686369420e-04 5.948527329204041507e+02 1.565879652150136110e+02 1.261738619375199022e+01 2.056729263950048789e+02 0.000000000000000000e+00 1.000000000000000000e+00 7.553812973550910829e+04 1.052417634780807703e+02 
3.802249002523068076e-04 7.581385888698113917e-02 3.812781917032453949e-02 2.844860856342282421e-08 4.205244627398392588e-04 5.940519383456020250e+02 1.563526587111034303e+02 1.274154360430005539e+01 2.059583519130165428e+02 0.000000000000000000e+00 1.000000000000000000e+00 7.574793343343923334e+04 1.055340676591837479e+02 
3.903847942651110601e-04 7.581385888698113917e-02 3.812781917032453949e-02 2.844860856342282421e-08 4.226961910561278612e-04 5.931846136009575048e+02 1.561312710376029429e+02 1.283314873931084321e+01 2.061657245163318635e+02 0.000000000000000000e+00 1.000000000000000000e+00 7.590054636668579769e+04 1.057466921215667668e+02 
4.000834295283091043e-04 7.581385888698113917e-02 3.812781917032453949e-02 2.844860856342282421e-08 4.244411283788183291e-04 5.923460915150575374e+02 1.559222977908443966e+02 1.290664042904809783e+01 2.063297695648269325e+02 0.000000000000000000e+00 1.000000000000000000e+00 7.602138180120461038e+04 1.059150433140562768e+02 
4.102445348851006053e-04 7.581385888698113917e-02 3.812781917032453949e-02 2.844860856342282421e-08 4.259399623676436535e-04 5.914155933252168325e+02 1.556855702600712164e+02 1.296951910886266823e+01 2.064675291176986320e+02 0.000000000000000000e+00 1.000000000000000000e+00 7.612292960708524333e+04 1.060565224611522837e+02 
4.204075909463213657e-04 7.581385888698113917e-02 3.812781917032453949e-02 2.844860856342282421e-08 4.270716803441878921e-04 5.904203759278611869e+02 1.554262618081652079e+02 1.301690856210067970e+01 2.065701467398946249e+02 0.000000000000000000e+00 1.000000000000000000e+00 7.619861700739571825e+04 1.061619721924288768e+02 
4.301115246803412229e-04 7.581385888698113917e-02 3.812781917032453949e-02 2.844860856342282421e-08 4.279044855698611221e-04 5.894325980754451848e+02 1.551710002488192686e+02 1.305173556392798062e+01 2.066449190431726777e+02 0.000000000000000000e+00 1.000000000000000000e+00 7.625379029707034351e+04 1.062388411104518156e+02 
4.402817008447613978e-04 7.581385888698113917e-02 3.812781917032453949e-02 2.844860856342282421e-08 4.287080472302428041e-04 5.884006798527898354e+02 1.549086135103528363e+02 1.308540607264805189e+01 2.067172896784823308e+02 0.000000000000000000e+00 1.000000000000000000e+00 7.630721045003138715e+04 1.063132675110335299e+02 
4.504609083567932869e-04 7.581385888698113917e-02 3.812781917032453949e-02 2.844860856342282421e-08 4.296332327162150164e-04 5.874076937233268154e+02 1.546587159382300172e+02 1.312452901855848530e+01 2.068030539726593418e+02 0.000000000000000000e+00 1.000000000000000000e+00 7.637054130789046758e+04 1.064015017734782873e+02 
4.601941337784091189e-04 7.581385888698113917e-02 3.812781917032453949e-02 2.844860856342282421e-08 4.306933627953261749e-04 5.865510151334857483e+02 1.544378873224832489e+02 1.316957540370004409e+01 2.069025365052241341e+02 0.000000000000000000e+00 1.000000000000000000e+00 7.644403502195645706e+04 1.065038952018030471e+02 
4.704123261464500925e-04 7.581385888698113917e-02 3.812781917032453949e-02 2.844860856342282421e-08 4.319197623181997314e-04 5.857584256075703024e+02 1.542291071608066488e+02 1.322187369925354083e+01 2.070184164690430748e+02 0.000000000000000000e+00 1.000000000000000000e+00 7.652968706669672974e+04 1.066232279449558291e+02 
4.801815736296250717e-04 7.581385888698113917e-02 3.812781917032453949e-02 2.844860856342282421e-08 4.331788983029830975e-04 5.851252270052992799e+02 1.540552891195626160e+02 1.327571796007546290e+01 2.071378100055542859e+02 0.000000000000000000e+00 1.000000000000000000e+00 7.661798631053054123e+04 1.067462488374162319e+02 
4.904185637379656574e-04 7.581385888698113917e-02 3.812781917032453949e-02 2.844860856342282421e-08 4.351125089167457447e-04 5.848660614659022485e+02 1.539662759578525595e+02 1.335845811207382816e+01 2.073200953447259280e+02 0.000000000000000000e+00 1.000000000000000000e+00 7.675289631026115967e+04 1.069342090944704040e+02 
5.000911179922359158e-04 7.581385888698113917e-02 3.812781917032453949e-02 2.844860856342282421e-08 4.404355229386448410e-04 5.863631453292084643e+02 1.543107325812021031e+02 1.358756808506765346e+01 2.078230502809567497e+02 0.000000000000000000e+00 1.000000000000000000e+00 7.712575040728764725e+04 1.074536794974111444e+02 
5.100772747010431105e-04 7.581385888698113917e-02 3.812781917032453949e-02 2.844860856342282421e-08 4.504015049792962932e-04 5.901103072315266900e+02 1.552572095532121637e+02 1.401958656309720830e+01 2.087525092910046283e+02 0.000000000000000000e+00 1.000000000000000000e+00 7.781716095587675227e+04 1.084169713564450745e+02 
5.203963781739057203e-04 7.581385888698113917e-02 3.812781917032453949e-02 2.844860856342282421e-08 4.627390659712242406e-04 5.950679404095396876e+02 1.565410341822853866e+02 1.455973402943335415e+01 2.098807733607072521e+02 0.000000000000000000e+00 1.000000000000000000e+00 7.866060540444386424e+04 1.095920809530660875e+02 
5.301954482217039084e-04 7.581385888698113917e-02 3.812781917032453949e-02 2.844860856342282421e-08 4.760718594652401368e-04 6.004832492436704570e+02 1.579921485979109832e+02 1.515038224635428854e+01 2.110763411530159601e+02 0.000000000000000000e+00 1.000000000000000000e+00 7.955932463311497122e+04 1.108442008669186265e+02 
5.404147858829212595e-04 7.581385888698113917e-02 3.812781917032453949e-02 2.844860856342282421e-08 4.926832016708494527e-04 6.068488281091241561e+02 1.597317984892051470e+02 1.589712879945028590e+01 2.125394178998323014e+02 0.000000000000000000e+00 1.000000000000000000e+00 8.066607885928492760e+04 1.123861607606409052e+02 
5.501775616717183596e-04 7.581385888698113917e-02 3.812781917032453949e-02 2.844860856342282421e-08 5.148543713561837872e-04 6.146453510720015174e+02 1.618677777765131509e+02 1.691095726021896795e+01 2.144400558064200766e+02 0.000000000000000000e+00 1.000000000000000000e+00 8.211524559689385933e+04 1.144051790176953602e+02 
5.603523081960375563e-04 7.581385888698113917e-02 3.812781917032453949e-02 2.844860856342282421e-08 5.355608951246467429e-04 6.215422231695309847e+02 1.636371004965682801e+02 1.787351466156833268e+01 2.161546431486552819e+02 0.000000000000000000e+00 1.000000000000000000e+00 8.343362456200449378e+04 1.162419802160632258e+02 
5.700469536641016239e-04 7.581385888698113917e-02 3.812781917032453949e-02 2.844860856342282421e-08 5.374249919058698283e-04 6.224887453957616117e+02 1.638122080770587274e+02 1.796011517058142104e+01 2.163015577782660728e+02 0.000000000000000000e+00 1.000000000000000000e+00 8.354707838804388302e+04 1.164000471521593170e+02 
5.801479690626074352e-04 7.581385888698113917e-02 3.812781917032453949e-02 2.844860856342282421e-08 5.349983760117829786e-04 6.216794970942694363e+02 1.636636230664390439e+02 1.784568320644128292e+01 2.160998052901591677e+02 0.000000000000000000e+00 1.000000000000000000e+00 8.339129615436555468e+04 1.161830071347764743e+02 
5.902186187955237116e-04 7.581385888698113917e-02 3.812781917032453949e-02 2.844860856342282421e-08 5.347251566266279007e-04 6.211669920561847675e+02 1.635739471787570949e+02 1.783212384432734510e+01 2.160728724783772634e+02 0.000000000000000000e+00 1.000000000000000000e+00 8.337051110903051449e+04 1.161540488479789275e+02 
6.002474600558426387e-04 7.581385888698113917e-02 3.812781917032453949e-02 2.844860856342282421e-08 5.364064806603622204e-04 6.212045039642663369e+02 1.635948688896591250e+02 1.791018003557500649e+01 2.162056233629622284e+02 0.000000000000000000e+00 1.000000000000000000e+00 8.347298495315550826e+04 1.162968181765796487e+02 
6.102425016284335505e-04 7.581385888698113917e-02 3.812781917032453949e-02 2.844860856342282421e-08 5.393850779569434994e-04 6.214580536111584479e+02 1.637008088440617541e+02 1.804747444109614207e+01 2.164326474083963490e+02 0.000000000000000000e+00 1.000000000000000000e+00 8.364837654322717572e+04 1.165411784791579350e+02 
6.203009861368043295e-04 7.581385888698113917e-02 3.812781917032453949e-02 2.844860856342282421e-08 5.424656176661209455e-04 6.212354578998443912e+02 1.636392640459253869e+02 1.819088936172816062e+01 2.166730394186896831e+02 0.000000000000000000e+00 1.000000000000000000e+00 8.383429644809474121e+04 1.168002071143975229e+02 
6.304288861865268729e-04 7.581385888698113917e-02 3.812781917032453949e-02 2.844860856342282421e-08 5.447868681674179585e-04 6.210591180545054613e+02 1.635517563206510374e+02 1.830596331778054875e+01 2.168937294520902981e+02 0.000000000000000000e+00 1.000000000000000000e+00 8.400516049220811692e+04 1.170382595176070026e+02 
6.401485364258916594e-04 7.581385888698113917e-02 3.812781917032453949e-02 2.844860856342282421e-08 5.472161358762510060e-04 6.208739584451666360e+02 1.635156312088197126e+02 1.842471114445896063e+01 2.171125430378112924e+02 0.000000000000000000e+00 1.000000000000000000e+00 8.417474347204546211e+04 1.172745271074512488e+02 
6.503266739423095187e-04 7.581385888698113917e-02 3.812781917032453949e-02 2.844860856342282421e-08 5.502050346650400525e-04 6.204202962051350596e+02 1.634043087617671972e+02 1.856563796763528273e+01 2.173485146020970546e+02 0.000000000000000000e+00 1.000000000000000000e+00 8.435781571381786489e+04 1.175295883015193823e+02 
6.600692159516202999e-04 7.581385888698113917e-02 3.812781917032453949e-02 2.844860856342282421e-08 5.510264816788347638e-04 6.192760886829928495e+02 1.630109061953617129e+02 1.860044426023040032e+01 2.173899391219740096e+02 0.000000000000000000e+00 1.000000000000000000e+00 8.438997434188495390e+04 1.175743925711070261e+02 
6.702566006597753239e-04 7.581385888698113917e-02 3.812781917032453949e-02 2.844860856342282421e-08 5.455702105774709295e-04 6.167695369653298485e+02 1.622078652737523612e+02 1.833873442717678159e+01 2.169318770506850171e+02 0.000000000000000000e+00 1.000000000000000000e+00 8.403471300130986492e+04 1.170794328718316848e+02 
6.800030714962414236e-04 7.581385888698113917e-02 3.812781917032453949e-02 2.844860856342282421e-08 5.398284245833633770e-04 6.142183088543312124e+02 1.616040301756446240e+02 1.806577858667575498e+01 2.164534364786113940e+02 0.000000000000000000e+00 1.000000000000000000e+00 8.366444672035760595e+04 1.165635678841714480e+02 
6.902005807638550558e-04 7.581385888698113917e-02 3.812781917032453949e-02 2.844860856342282421e-08 5.369539561987071892e-04 6.120985947087067416e+02 1.611332241626454049e+02 1.792860955072680085e+01 2.162065262942823836e+02 0.000000000000000000e+00 1.000000000000000000e+00 8.347368216471467167e+04 1.162977895505633654e+02 
7.004131156906751293e-04 7.581385888698113917e-02 3.812781917032453949e-02 2.844860856342282421e-08 5.361307130761558534e-04 6.104180571010589347e+02 1.607281285933880213e+02 1.788859816024063321e+01 2.161308833444253423e+02 0.000000000000000000e+00 1.000000000000000000e+00 8.341528345578856533e+04 1.162164268912845841e+02 
7.101969813714277676e-04 7.581385888698113917e-02 3.812781917032453949e-02 2.844860856342282421e-08 5.362071813312267515e-04 6.090508306656327022e+02 1.603881035059633575e+02 1.789142982235866342e+01 2.161325758736287241e+02 0.000000000000000000e+00 1.000000000000000000e+00 8.341658991744622472e+04 1.162182470889681838e+02 
7.204399751863753551e-04 7.581385888698113917e-02 3.812781917032453949e-02 2.844860856342282421e-08 5.370185927665992610e-04 6.078606685848428697e+02 1.600804279682712945e+02 1.792862933656204305e+01 2.161936336851283613e+02 0.000000000000000000e+00 1.000000000000000000e+00 8.346372722496333881e+04 1.162839200595074374e+02 
7.302515160231131406e-04 7.581385888698113917e-02 3.812781917032453949e-02 2.844860856342282421e-08 5.381671426765103489e-04 6.069110348649139723e+02 1.598302370597120330e+02 1.798231613390493777e+01 2.162859172323384769e+02 0.000000000000000000e+00 1.000000000000000000e+00 8.353499641613211134e+04 1.163832142224225095e+02 
7.400939101811192114e-04 7.581385888698113917e-02 3.812781917032453949e-02 2.844860856342282421e-08 5.388188062688618321e-04 6.058580454423573656e+02 1.595324872734821327e+02 1.801248555781726424e+01 2.163363349939590421e+02 0.000000000000000000e+00 1.000000000000000000e+00 8.357394614039012231e+04 1.164374800307268885e+02 
7.504416139449544658e-04 7.581385888698113917e-02 3.812781917032453949e-02 2.844860856342282421e-08 5.381298016397964654e-04 6.045028525925300755e+02 1.591514903047104497e+02 1.798116835355568810e+01 2.162865182553031218e+02 0.000000000000000000e+00 1.000000000000000000e+00 8.353546067678852705e+04 1.163838610429139067e+02 
7.603834257561908287e-04 7.581385888698113917e-02 3.812781917032453949e-02 2.844860856342282421e-08 5.364428864586831894e-04 6.030687111183635807e+02 1.587588467164854080e+02 1.790396365691140090e+01 2.161607638294435105e+02 0.000000000000000000e+00 1.000000000000000000e+00 8.343834967737225816e+04 1.162485633744718569e+02 
7.703413709072636862e-04 7.581385888698113917e-02 3.812781917032453949e-02 2.844860856342282421e-08 5.340817425128250402e-04 6.015534092158916337e+02 1.583532545347743223e+02 1.779385997405194786e+01 2.159708990512471019e+02 0.000000000000000000e+00 1.000000000000000000e+00 8.329183792322137742e+04 1.160444392396661044e+02 
7.803068565143858170e-04 7.581385888698113917e-02 3.812781917032453949e-02 2.844860856342282421e-08 5.310106736142897275e-04 5.998984095815781075e+02 1.579125880254804883e+02 1.764948702895092225e+01 2.157140517195439315e+02 0.000000000000000000e+00 1.000000000000000000e+00 8.309384305225370917e+04 1.157685874353758351e+02 
7.902821837523363790e-04 7.581385888698113917e-02 3.812781917032453949e-02 2.844860856342282421e-08 5.269364803107631518e-04 5.980237193248124186e+02 1.574055836275530851e+02 1.745808533038671229e+01 2.153689995622683853e+02 0.000000000000000000e+00 1.000000000000000000e+00 8.282822495080778026e+04 1.153985211191227336e+02 
8.002699352908749586e-04 7.581385888698113917e-02 3.812781917032453949e-02 2.844860856342282421e-08 5.214630713167943800e-04 5.958236243829733212e+02 1.568026209097944843e+02 1.720235404120437650e+01 2.149048315545387595e+02 0.000000000000000000e+00 1.000000000000000000e+00 8.247158325979407527e+04 1.149016382783175914e+02 
8.102747940247819478e-04 7.581385888698113917e-02 3.812781917032453949e-02 2.844860856342282421e-08 5.152716134755925713e-04 5.935041394411854299e+02 1.561922981341527930e+02 1.691542536251894546e+01 2.143815322429525168e+02 0.000000000000000000e+00 1.000000000000000000e+00 8.207043101220732206e+04 1.143427421273664208e+02 
8.203035910714019836e-04 7.581385888698113917e-02 3.812781917032453949e-02 2.844860856342282421e-08 5.100499542056142034e-04 5.914391660495437009e+02 1.556922221082651845e+02 1.667487301809767430e+01 2.139384914235838266e+02 0.000000000000000000e+00 1.000000000000000000e+00 8.173156805821222952e+04 1.138706291033783486e+02 
8.303633523401622325e-04 7.581385888698113917e-02 3.812781917032453949e-02 2.844860856342282421e-08 5.065449103295455169e-04 5.897823796986951947e+02 1.552976961754522449e+02 1.651432354730409102e+01 2.136414093894411508e+02 0.000000000000000000e+00 1.000000000000000000e+00 8.150473536769070779e+04 1.135545996696532853e+02 
8.404559918349247807e-04 7.581385888698113917e-02 3.812781917032453949e-02 2.844860856342282421e-08 5.040565046287822423e-04 5.884337829992033448e+02 1.549491461605967686e+02 1.640106871318776172e+01 2.134324649678707715e+02 0.000000000000000000e+00 1.000000000000000000e+00 8.134538768260963843e+04 1.133325921690333900e+02 
8.501165158637074811e-04 7.581385888698113917e-02 3.812781917032453949e-02 2.844860856342282421e-08 5.018748922841829822e-04 5.872956226387879042e+02 1.546370980346578108e+02 1.630198179508528966e+01 2.132487455296884775e+02 0.000000000000000000e+00 1.000000000000000000e+00 8.120540619640328805e+04 1.131375661799836081e+02 
8.602611920662830937e-04 7.581385888698113917e-02 3.812781917032453949e-02 2.844860856342282421e-08 4.995764047636207890e-04 5.862040785539851413e+02 1.543366581330461997e+02 1.619743183847749179e+01 2.130522569566181801e+02 0.000000000000000000e+00 1.000000000000000000e+00 8.105582891840868979e+04 1.129291710745246604e+02 
8.704268012035761308e-04 7.581385888698113917e-02 3.812781917032453949e-02 2.844860856342282421e-08 4.970721008760345090e-04 5.851446181614949182e+02 1.540456649327359173e+02 1.608348582125713833e+01 2.128356695541282591e+02 0.000000000000000000e+00 1.000000000000000000e+00 8.089111113313227543e+04 1.126996818052060974e+02 
8.801518731812691754e-04 7.581385888698113917e-02 3.812781917032453949e-02 2.844860856342282421e-08 4.943855451340416034e-04 5.841124378673951014e+02 1.537652563084459700e+02 1.596141773409289399e+01 2.126017659453776503e+02 0.000000000000000000e+00 1.000000000000000000e+00 8.071341229123776429e+04 1.124521069770435133e+02 
8.903672143986333769e-04 7.581385888698113917e-02 3.812781917032453949e-02 2.844860856342282421e-08 4.911986839939311376e-04 5.829930698388216115e+02 1.534637362417717839e+02 1.581747585871576689e+01 2.123264070174928122e+02 0.000000000000000000e+00 1.000000000000000000e+00 8.050446985171074630e+04 1.121610027244199728e+02 
9.001398203581923970e-04 7.581385888698113917e-02 3.812781917032453949e-02 2.844860856342282421e-08 4.879746108941349883e-04 5.819242528790086908e+02 1.531833104310997555e+02 1.567261180337064097e+01 2.120489337061378308e+02 0.000000000000000000e+00 1.000000000000000000e+00 8.029419693912507500e+04 1.118680448207801419e+02 
9.103877885107465205e-04 7.581385888698113917e-02 3.812781917032453949e-02 2.844860856342282421e-08 4.847261234365881472e-04 5.809043933293675082e+02 1.529127704673022379e+02 1.552691792170436536e+01 2.117670728041188966e+02 0.000000000000000000e+00 1.000000000000000000e+00 8.008088057861605193e+04 1.115708467032558957e+02 
9.201743901559450434e-04 7.581385888698113917e-02 3.812781917032453949e-02 2.844860856342282421e-08 4.817159443516520170e-04 5.800458543290061471e+02 1.526771804233804062e+02 1.539188343477909982e+01 2.115019569281733425e+02 0.000000000000000000e+00 1.000000000000000000e+00 7.988049604365517735e+04 1.112916655545187155e+02 
9.304324158208533615e-04 7.581385888698113917e-02 3.812781917032453949e-02 2.844860856342282421e-08 4.785431282288812914e-04 5.792131896446650217e+02 1.524535080253290573e+02 1.524962150077171330e+01 2.112190125595367647e+02 0.000000000000000000e+00 1.000000000000000000e+00 7.966691297611742630e+04 1.109940958535552937e+02 
9.402285122283600806e-04 7.581385888698113917e-02 3.812781917032453949e-02 2.844860856342282421e-08 4.756320077100164656e-04 5.784980253985107765e+02 1.522623000053358169e+02 1.511944603797522113e+01 2.109582048098578753e+02 0.000000000000000000e+00 1.000000000000000000e+00 7.947029317249634187e+04 1.107201598302482637e+02 
9.500299288262014112e-04 7.581385888698113917e-02 3.812781917032453949e-02 2.844860856342282421e-08 4.729157610382970188e-04 5.779167453652764834e+02 1.521078695567096304e+02 1.499855461686636815e+01 2.107156674943304040e+02 0.000000000000000000e+00 1.000000000000000000e+00 7.928766522782359971e+04 1.104657176429048064e+02 
9.603051801920194563e-04 7.581385888698113917e-02 3.812781917032453949e-02 2.844860856342282421e-08 4.706291880869771689e-04 5.775424168934995350e+02 1.520235783972014758e+02 1.489727224732307320e+01 2.105125373722311224e+02 0.000000000000000000e+00 1.000000000000000000e+00 7.913487212659823126e+04 1.102528421656253670e+02 
9.701188313979187830e-04 7.581385888698113917e-02 3.812781917032453949e-02 2.844860856342282421e-08 4.693141938387736722e-04 5.774468340183923374e+02 1.520202989511170415e+02 1.483933411807178615e+01 2.103969210074403406e+02 0.000000000000000000e+00 1.000000000000000000e+00 7.904797208823409164e+04 1.101317706840335262e+02 
9.803955490614451890e-04 7.581385888698113917e-02 3.812781917032453949e-02 2.844860856342282421e-08 4.688535457603082890e-04 5.776745603897783212e+02 1.520838565609242039e+02 1.481939055644988557e+01 2.103587528430670375e+02 0.000000000000000000e+00 1.000000000000000000e+00 7.901929446016173461e+04 1.100918162376993195e+02 
9.901828899340687530e-04 7.581385888698113917e-02 3.812781917032453949e-02 2.844860856342282421e-08 4.694564178871811163e-04 5.783840006266223099e+02 1.522558467601027132e+02 1.484641020576225401e+01 2.104151981837836729e+02 0.000000000000000000e+00 1.000000000000000000e+00 7.906170647628742154e+04 1.101509058045890015e+02 
1.000411693111348576e-03 7.581385888698113917e-02 3.812781917032453949e-02 2.844860856342282421e-08 4.713498759682118421e-04 5.797385469505027231e+02 1.526010272203034219e+02 1.493061249861040629e+01 2.105867932547063504e+02 0.000000000000000000e+00 1.000000000000000000e+00 7.919070980946507188e+04 1.103306367341963892e+02 
1.010160380601145399e-03 7.581385888698113917e-02 3.812781917032453949e-02 2.844860856342282421e-08 4.731459263849693972e-04 5.810466913617457294e+02 1.529552734397702523e+02 1.501067541258162663e+01 2.107495141805159165e+02 0.000000000000000000e+00 1.000000000000000000e+00 7.931313879879194428e+04 1.105012081103042334e+02 
1.020363816745394015e-03 7.581385888698113917e-02 3.812781917032453949e-02 2.844860856342282421e-08 4.740159333986076399e-04 5.819479940107702305e+02 1.532045142192827143e+02 1.505001373700792655e+01 2.108317414186169003e+02 0.000000000000000000e+00 1.000000000000000000e+00 7.937504141001167591e+04 1.105874525009381273e+02 
1.030105029912438755e-03 7.581385888698113917e-02 3.812781917032453949e-02 2.844860856342282421e-08 4.749967321554696511e-04 5.828265232045690709e+02 1.534382126658989591e+02 1.509464154747999842e+01 2.109259962623100932e+02 0.000000000000000000e+00 1.000000000000000000e+00 7.944602839151438093e+04 1.106863534817208006e+02 
1.040314366983048416e-03 7.581385888698113917e-02 3.812781917032453949e-02 2.844860856342282421e-08 4.760985414233368765e-04 5.837784554002413415e+02 1.536832850742354992e+02 1.514466522021156969e+01 2.110305987265180931e+02 0.000000000000000000e+00 1.000000000000000000e+00 7.952484571227268316e+04 1.107961639027394938e+02 
1.050050786995397308e-03 7.581385888698113917e-02 3.812781917032453949e-02 2.844860856342282421e-08 4.765535077125021427e-04 5.845104317910961527e+02 1.538597188025614457e+02 1.516541709406772931e+01 2.110743021841763039e+02 0.000000000000000000e+00 1.000000000000000000e+00 7.955778757595887873e+04 1.108420593973556407e+02 
1.060228419559068559e-03 7.581385888698113917e-02 3.812781917032453949e-02 2.844860856342282421e-08 4.765859631768590895e-04 5.852089243110632424e+02 1.540251358616440029e+02 1.516691741862196707e+01 2.110775552357392257e+02 0.000000000000000000e+00 1.000000000000000000e+00 7.956023986481525935e+04 1.108454759924541264e+02 
1.070376256567181399e-03 7.581385888698113917e-02 3.812781917032453949e-02 2.844860856342282421e-08 4.765196126174781315e-04 5.859745389479414825e+02 1.542115074438035265e+02 1.516356627460708317e+01 2.110689281373118718e+02 0.000000000000000000e+00 1.000000000000000000e+00 7.955373647327450453e+04 1.108364152916301322e+02 
1.080032460883329198e-03 7.581385888698113917e-02 3.812781917032453949e-02 2.844860856342282421e-08 4.767775811875845553e-04 5.868381498512113694e+02 1.544475626820795924e+02 1.517470347830376198e+01 2.110892960408370698e+02 0.000000000000000000e+00 1.000000000000000000e+00 7.956909089824312832e+04 1.108578074913913412e+02 
1.090120476819515490e-03 7.581385888698113917e-02 3.812781917032453949e-02 2.844860856342282421e-08 4.784199921113037020e-04 5.881319392986730463e+02 1.548155532607819396e+02 1.524799491577301325e+01 2.112349261913212217e+02 0.000000000000000000e+00 1.000000000000000000e+00 7.967891793402307667e+04 1.110108214852977682e+02 
1.100188608459971851e-03 7.581385888698113917e-02 3.812781917032453949e-02 2.844860856342282421e-08 4.812214294587537620e-04 5.897120740105555114e+02 1.552520415860975618e+02 1.537356505000789397e+01 2.114846414686880394e+02 0.000000000000000000e+00 1.000000000000000000e+00 7.986741710203487310e+04 1.112734436196446666e+02 
1.110244675411899400e-03 7.581385888698113917e-02 3.812781917032453949e-02 2.844860856342282421e-08 4.844885418298920839e-04 5.913368438060562085e+02 1.556928564779309738e+02 1.552056598714442792e+01 2.117756580608057959e+02 0.000000000000000000e+00 1.000000000000000000e+00 8.008737383408454480e+04 1.115798932822301168e+02 
1.120290396681256117e-03 7.581385888698113917e-02 3.812781917032453949e-02 2.844860856342282421e-08 4.874342635529340024e-04 5.927529044321565834e+02 1.560684562696766875e+02 1.565365301407781473e+01 2.120380698269644597e+02 0.000000000000000000e+00 1.000000000000000000e+00 8.028596974275831599e+04 1.118565824684932863e+02 
1.130325431101715039e-03 7.581385888698113917e-02 3.812781917032453949e-02 2.844860856342282421e-08 4.899503757713000998e-04 5.939602293189567490e+02 1.563815278748837727e+02 1.576779988430597435e+01 2.122626197708977429e+02 0.000000000000000000e+00 1.000000000000000000e+00 8.045610670000841492e+04 1.120936218746381030e+02 
1.140347306971524694e-03 7.581385888698113917e-02 3.812781917032453949e-02 2.844860856342282421e-08 4.924589501187691225e-04 5.951124931064598513e+02 1.566784462102537816e+02 1.588190196211694527e+01 2.124859680568339684e+02 0.000000000000000000e+00 1.000000000000000000e+00 8.062551182330332813e+04 1.123296416699415374e+02 
1.150356526699653024e-03 7.581385888698113917e-02 3.812781917032453949e-02 2.844860856342282421e-08 4.944863259512996241e-04 5.960578257836292551e+02 1.569196567419081987e+02 1.597435398085079150e+01 2.126662271793991863e+02 0.000000000000000000e+00 1.000000000000000000e+00 8.076236461199968471e+04 1.125203086730792563e+02 
1.160360061525380964e-03 7.581385888698113917e-02 3.812781917032453949e-02 2.844860856342282421e-08 4.960757757028857236e-04 5.967975685749570403e+02 1.571118769733610634e+02 1.604675110998780951e+01 2.128058517646346957e+02 0.000000000000000000e+00 1.000000000000000000e+00 8.086844740227086004e+04 1.126681060829688619e+02 
1.170359622071469579e-03 7.581385888698113917e-02 3.812781917032453949e-02 2.844860856342282421e-08 4.980142598984845350e-04 5.976077189783668473e+02 1.573228961317014409e+02 1.613492030071259720e+01 2.129739770560798604e+02 0.000000000000000000e+00 1.000000000000000000e+00 8.099627661264935159e+04 1.128462011929662623e+02 
1.180353085781252198e-03 7.581385888698113917e-02 3.812781917032453949e-02 2.844860856342282421e-08 4.998310565759323670e-04 5.983834035611321269e+02 1.575093776749919812e+02 1.621723208325239440e+01 2.131281254771921567e+02 0.000000000000000000e+00 1.000000000000000000e+00 8.111356762396745034e+04 1.130096141992779764e+02 
1.190335270996605195e-03 7.581385888698113917e-02 3.812781917032453949e-02 2.844860856342282421e-08 5.002987143913400700e-04 5.987458614967607673e+02 1.575856826903788317e+02 1.623756023502092560e+01 2.131619634819593898e+02 0.000000000000000000e+00 1.000000000000000000e+00 8.113932620622176910e+04 1.130455017521023819e+02 
1.200299810360084532e-03 7.581385888698113917e-02 3.812781917032453949e-02 2.844860856342282421e-08 4.997739772524235295e-04 5.987532077192483939e+02 1.575885652775074846e+02 1.621247477273130144e+01 2.131090312900820436e+02 0.000000000000000000e+00 1.000000000000000000e+00 8.109903431678065681e+04 1.129893660029980111e+02 
1.210244635076006183e-03 7.581385888698113917e-02 3.812781917032453949e-02 2.844860856342282421e-08 4.995176005306781316e-04 5.987444930612290364e+02 1.576089446682873358e+02 1.619978181893674218e+01 2.130802525961754270e+02 0.000000000000000000e+00 1.000000000000000000e+00 8.107713222580344882e+04 1.129588514180278764e+02 
1.220175167818016637e-03 7.581385888698113917e-02 3.812781917032453949e-02 2.844860856342282421e-08 5.003637042998042208e-04 5.989586671553176984e+02 1.576905982078148440e+02 1.623761222783135949e+01 2.131484609764673905e+02 0.000000000000000000e+00 1.000000000000000000e+00 8.112904717256544973e+04 1.130311807246606151e+02 
1.230099286570719968e-03 7.581385888698113917e-02 3.812781917032453949e-02 2.844860856342282421e-08 5.023743539596824039e-04 5.994403491890702753e+02 1.578358382216828772e+02 1.632907323911062036e+01 2.133197450455987507e+02 0.000000000000000000e+00 1.000000000000000000e+00 8.125948861842724727e+04 1.132129152717190834e+02 
1.240023778141499406e-03 7.581385888698113917e-02 3.812781917032453949e-02 2.844860856342282421e-08 5.053005058388293502e-04 6.001242493326501517e+02 1.580279115180591418e+02 1.646307805358632237e+01 2.135721747367921068e+02 0.000000000000000000e+00 1.000000000000000000e+00 8.145191753893368877e+04 1.134810124434281420e+02 
1.250402318827498324e-03 7.581385888698113917e-02 3.812781917032453949e-02 2.844860856342282421e-08 5.085465819714599751e-04 6.008362475854186187e+02 1.582131260468791822e+02 1.661249206081259899e+01 2.138533418013885239e+02 0.000000000000000000e+00 1.000000000000000000e+00 8.166652107075270033e+04 1.137800038828023617e+02 
1.260336670423799080e-03 7.581385888698113917e-02 3.812781917032453949e-02 2.844860856342282421e-08 5.109301503282583480e-04 6.012635201158826703e+02 1.583105035360891861e+02 1.672242587131174574e+01 2.140587040695785106e+02 0.000000000000000000e+00 1.000000000000000000e+00 8.182344426419175579e+04 1.139986335161539444e+02 
1.270284857927058602e-03 7.581385888698113917e-02 3.812781917032453949e-02 2.844860856342282421e-08 5.120647672436641181e-04 6.013177845615399519e+02 1.583018572927543062e+02 1.677519297424282740e+01 2.141585080672120114e+02 0.000000000000000000e+00 1.000000000000000000e+00 8.189976174566807458e+04 1.141049610935363319e+02 
1.280244961873329293e-03 7.581385888698113917e-02 3.812781917032453949e-02 2.844860856342282421e-08 5.120291499491941203e-04 6.010580471242640215e+02 1.582136150571750193e+02 1.677437966787645252e+01 2.141607647519086299e+02 0.000000000000000000e+00 1.000000000000000000e+00 8.190148778414705885e+04 1.141073658569848845e+02 
1.290206465946390534e-03 7.581385888698113917e-02 3.812781917032453949e-02 2.844860856342282421e-08 5.112761227105211762e-04 6.006107054875083122e+02 1.580902961799743878e+02 1.674013952438434671e+01 2.140995719495298033e+02 0.000000000000000000e+00 1.000000000000000000e+00 8.185469055173551897e+04 1.140421666882719620e+02 
1.300163725809699031e-03 7.581385888698113917e-02 3.812781917032453949e-02 2.844860856342282421e-08 5.103292837961972755e-04 6.000903732757700482e+02 1.579594893256951593e+02 1.669634344693344374e+01 2.140175843364319519e+02 0.000000000000000000e+00 1.000000000000000000e+00 8.179201143786028842e+04 1.139548404531563932e+02 
1.310116429289940243e-03 7.581385888698113917e-02 3.812781917032453949e-02 2.844860856342282421e-08 5.094199741447811127e-04 5.995362185711700249e+02 1.578174072256923637e+02 1.665382083564363214e+01 2.139355594700763845e+02 0.000000000000000000e+00 1.000000000000000000e+00 8.172932786745464546e+04 1.138675080090822433e+02 
1.320064467564947613e-03 7.581385888698113917e-02 3.812781917032453949e-02 2.844860856342282421e-08 5.084793833630046932e-04 5.989733942094543409e+02 1.576640052624676116e+02 1.660963119229100826e+01 2.138490562843019518e+02 0.000000000000000000e+00 1.000000000000000000e+00 8.166324798872598330e+04 1.137754437364801561e+02 
1.330009829194160652e-03 7.581385888698113917e-02 3.812781917032453949e-02 2.844860856342282421e-08 5.075169156755380629e-04 5.984368303440883210e+02 1.575206761480746707e+02 1.656457032896204851e+01 2.137611830661694512e+02 0.000000000000000000e+00 1.000000000000000000e+00 8.159614890330072376e+04 1.136819594775681850e+02 
1.340409865200538038e-03 7.581385888698113917e-02 3.812781917032453949e-02 2.844860856342282421e-08 5.070578609246309499e-04 5.980326696991450035e+02 1.574333417904385328e+02 1.654288794863801471e+01 2.137179116962124397e+02 0.000000000000000000e+00 1.000000000000000000e+00 8.156311746391083580e+04 1.136359391836612076e+02 
1.350366366970400878e-03 7.581385888698113917e-02 3.812781917032453949e-02 2.844860856342282421e-08 5.074497368085134933e-04 5.978273774506844802e+02 1.574032512278602951e+02 1.656064209165831258e+01 2.137499824263700532e+02 0.000000000000000000e+00 1.000000000000000000e+00 8.158759819155983860e+04 1.136700463949203197e+02 
1.360334278014894678e-03 7.581385888698113917e-02 3.812781917032453949e-02 2.844860856342282421e-08 5.083639711648789417e-04 5.977217655986340787e+02 1.573859530105117130e+02 1.660271901854025245e+01 2.138288228186435163e+02 0.000000000000000000e+00 1.000000000000000000e+00 8.164779547858366277e+04 1.137539148818045760e+02 
1.370312777999107895e-03 7.581385888698113917e-02 3.812781917032453949e-02 2.844860856342282421e-08 5.092393089921880452e-04 5.975815058265250173e+02 1.573472700003919442e+02 1.664309164684381770e+01 2.139045684581525109e+02 0.000000000000000000e+00 1.000000000000000000e+00 8.170565072726510698e+04 1.138345203775855481e+02 
1.380299769501560324e-03 7.581385888698113917e-02 3.812781917032453949e-02 2.844860856342282421e-08 5.097338639414633523e-04 5.973244667917532524e+02 1.572716669342440241e+02 1.666584104342636863e+01 2.139468477793909074e+02 0.000000000000000000e+00 1.000000000000000000e+00 8.173795299060334219e+04 1.138795247637141443e+02 
1.390294223349648924e-03 7.581385888698113917e-02 3.812781917032453949e-02 2.844860856342282421e-08 5.097280169423639437e-04 5.969409242230215114e+02 1.571579782021503320e+02 1.666552756708779270e+01 2.139460627100114607e+02 0.000000000000000000e+00 1.000000000000000000e+00 8.173735312342172256e+04 1.138786890125475821e+02 
1.400299675662910852e-03 7.581385888698113917e-02 3.812781917032453949e-02 2.844860856342282421e-08 5.091240145363852380e-04 5.964303068230964300e+02 1.570066054918196699e+02 1.663769781586792362e+01 2.138941184141961287e+02 0.000000000000000000e+00 1.000000000000000000e+00 8.169766766461814404e+04 1.138233981589938963e+02 
1.410319585953283229e-03 7.581385888698113917e-02 3.812781917032453949e-02 2.844860856342282421e-08 5.077719309736699682e-04 5.957640168464619137e+02 1.568170558695071577e+02 1.657576523583604811e+01 2.137797015614900147e+02 0.000000000000000000e+00 1.000000000000000000e+00 8.161028714235668303e+04 1.137016572542530639e+02 
1.420351317569271696e-03 7.581385888698113917e-02 3.812781917032453949e-02 2.844860856342282421e-08 5.059834468386571098e-04 5.950098794170386327e+02 1.566167284599876837e+02 1.649406950764112523e+01 2.136287864553133602e+02 0.000000000000000000e+00 1.000000000000000000e+00 8.149510428994620452e+04 1.135411813918964157e+02 
1.430387439432302156e-03 7.581385888698113917e-02 3.812781917032453949e-02 2.844860856342282421e-08 5.041927255047027418e-04 5.942828983319548115e+02 1.564301102379934605e+02 1.641219117915309766e+01 2.134759789345056049e+02 0.000000000000000000e+00 1.000000000000000000e+00 8.137855996793837403e+04 1.133788086933082013e+02 
1.440423226557413158e-03 7.581385888698113917e-02 3.812781917032453949e-02 2.844860856342282421e-08 5.025224352615716150e-04 5.936064431251817268e+02 1.562584408027529150e+02 1.633560719265784655e+01 2.133309811991950653e+02 0.000000000000000000e+00 1.000000000000000000e+00 8.126804917752020992e+04 1.132248420739639414e+02 
1.450004010725765508e-03 7.581385888698113917e-02 3.812781917032453949e-02 2.844860856342282421e-08 5.010162728910050019e-04 5.929765025286487798e+02 1.560974354110290676e+02 1.626641944672973494e+01 2.131984708021458630e+02 0.000000000000000000e+00 1.000000000000000000e+00 8.116712134352402063e+04 1.130842266884497178e+02 
1.460045651140227984e-03 7.581385888698113917e-02 3.812781917032453949e-02 2.844860856342282421e-08 4.994562529329419623e-04 5.923200396864306185e+02 1.559247570292736214e+02 1.619500090227855083e+01 2.130618917701416422e+02 0.000000000000000000e+00 1.000000000000000000e+00 8.106316022262777551e+04 1.129393852456633027e+02 
1.470093692517928209e-03 7.581385888698113917e-02 3.812781917032453949e-02 2.844860856342282421e-08 4.980046068255053427e-04 5.917248739036181178e+02 1.557691804661724859e+02 1.612902024951733893e+01 2.129370981356227617e+02 0.000000000000000000e+00 1.000000000000000000e+00 8.096822814717830624e+04 1.128071233129689261e+02 
1.480150770934562455e-03 7.581385888698113917e-02 3.812781917032453949e-02 2.844860856342282421e-08 4.969367917125391831e-04 5.912723713707940760e+02 1.556581033268082876e+02 1.608093464932019145e+01 2.128477606915063802e+02 0.000000000000000000e+00 1.000000000000000000e+00 8.090030219890852459e+04 1.127124870463991471e+02 
1.490218858313133209e-03 7.581385888698113917e-02 3.812781917032453949e-02 2.844860856342282421e-08 4.964865121707633501e-04 5.909937130760300761e+02 1.555966415017343252e+02 1.606130335830298250e+01 2.128142392584498452e+02 0.000000000000000000e+00 1.000000000000000000e+00 8.087482219848703244e+04 1.126769876213118522e+02 
1.500295525151380946e-03 7.581385888698113917e-02 3.812781917032453949e-02 2.844860856342282421e-08 4.966166338703977565e-04 5.909052001932615212e+02 1.555744493171811200e+02 1.606831373192383339e+01 2.128327900261232912e+02 0.000000000000000000e+00 1.000000000000000000e+00 8.088892233982836478e+04 1.126966323192312700e+02 
1.510376331747545356e-03 7.581385888698113917e-02 3.812781917032453949e-02 2.844860856342282421e-08 4.970661753873624033e-04 5.909879808301069488e+02 1.555868931927558947e+02 1.608981235087906114e+01 2.128787943371480083e+02 0.000000000000000000e+00 1.000000000000000000e+00 8.092389478292458807e+04 1.127453568719501504e+02 
1.520000731672208148e-03 7.581385888698113917e-02 3.812781917032453949e-02 2.844860856342282421e-08 4.974991660021226263e-04 5.911190353275000007e+02 1.556151572404440913e+02 1.611030153905685225e+01 2.129215769210268263e+02 0.000000000000000000e+00 1.000000000000000000e+00 8.095642485452990513e+04 1.127906786467120952e+02 
1.530086760999661887e-03 7.581385888698113917e-02 3.812781917032453949e-02 2.844860856342282421e-08 4.973730076320368853e-04 5.910788121419656136e+02 1.555997416696074538e+02 1.610519732963014761e+01 2.129148421186104656e+02 0.000000000000000000e+00 1.000000000000000000e+00 8.095130356141575612e+04 1.127835435227620025e+02 
1.540178301992218462e-03 7.581385888698113917e-02 3.812781917032453949e-02 2.844860856342282421e-08 4.962614738999726605e-04 5.907203468278677292e+02 1.554991652694720301e+02 1.605514721354627738e+01 2.128216879291164503e+02 0.000000000000000000e+00 1.000000000000000000e+00 8.088048366606826312e+04 1.126848753309256495e+02 
1.550277378348072351e-03 7.581385888698113917e-02 3.812781917032453949e-02 2.844860856342282421e-08 4.944905595790652581e-04 5.901706087006391499e+02 1.553485700782754577e+02 1.597507167178971166e+01 2.126700940242505169e+02 0.000000000000000000e+00 1.000000000000000000e+00 8.076530159336348879e+04 1.125244005548760526e+02 
1.560384209362289604e-03 7.581385888698113917e-02 3.812781917032453949e-02 2.844860856342282421e-08 4.926209341639462133e-04 5.896195910736644237e+02 1.552025092409013780e+02 1.589047960859093678e+01 2.125083938014317653e+02 0.000000000000000000e+00 1.000000000000000000e+00 8.064253113582928199e+04 1.123533534360348654e+02 
1.570033971581731276e-03 7.581385888698113917e-02 3.812781917032453949e-02 2.844860856342282421e-08 4.910499338127903525e-04 5.891933967362070916e+02 1.550928111536556457e+02 1.581931615574434602e+01 2.123709169838677155e+02 0.000000000000000000e+00 1.000000000000000000e+00 8.053822567958719446e+04 1.122080322559402674e+02 
1.580139094247356600e-03 7.581385888698113917e-02 3.812781917032453949e-02 2.844860856342282421e-08 4.900250697665373264e-04 5.889731548594591004e+02 1.550386933076920570e+02 1.577261998749850846e+01 2.122788803004013118e+02 0.000000000000000000e+00 1.000000000000000000e+00 8.046843396712877438e+04 1.121107965562876814e+02 
1.590237042893473266e-03 7.581385888698113917e-02 3.812781917032453949e-02 2.844860856342282421e-08 4.895740276243874768e-04 5.889644782353195751e+02 1.550377590935290470e+02 1.575166035110720664e+01 2.122354869895333422e+02 0.000000000000000000e+00 1.000000000000000000e+00 8.043553917443638784e+04 1.120649666422520312e+02 
1.600327203648614595e-03 7.581385888698113917e-02 3.812781917032453949e-02 2.844860856342282421e-08 4.894454223717484981e-04 5.890764638792999222e+02 1.550699485626050489e+02 1.574525471098530005e+01 2.122202039765189170e+02 0.000000000000000000e+00 1.000000000000000000e+00 8.042395531399160973e+04 1.120488276948706101e+02 
1.610413005858149027e-03 7.581385888698113917e-02 3.812781917032453949e-02 2.844860856342282421e-08 4.895723763053380943e-04 5.892550311204307718e+02 1.551253788760657244e+02 1.575048265738085007e+01 2.122279107273440673e+02 0.000000000000000000e+00 1.000000000000000000e+00 8.042979659230986726e+04 1.120569659216619272e+02 
1.620043030963675247e-03 7.581385888698113917e-02 3.812781917032453949e-02 2.844860856342282421e-08 4.899094194894145198e-04 5.894586220779362975e+02 1.551861629128008246e+02 1.576533848338051058e+01 2.122549233760317122e+02 0.000000000000000000e+00 1.000000000000000000e+00 8.045027231672339258e+04 1.120854932541934090e+02 
1.630140330032233721e-03 7.581385888698113917e-02 3.812781917032453949e-02 2.844860856342282421e-08 4.905746249667466714e-04 5.897566161659688078e+02 1.552673068681935433e+02 1.579515598998482773e+01 2.123114601829804258e+02 0.000000000000000000e+00 1.000000000000000000e+00 8.049313593755228794e+04 1.121452120089584952e+02 
1.640243371028662434e-03 7.581385888698113917e-02 3.812781917032453949e-02 2.844860856342282421e-08 4.912859200938799343e-04 5.900851790173247764e+02 1.553493829230206131e+02 1.582717749932809248e+01 2.123726544972703323e+02 0.000000000000000000e+00 1.000000000000000000e+00 8.053954353253028239e+04 1.122098683242705306e+02 
1.650343627521917971e-03 7.581385888698113917e-02 3.812781917032453949e-02 2.844860856342282421e-08 4.917718800077417038e-04 5.903684620475207794e+02 1.554164247566584436e+02 1.584882880131244853e+01 2.124128368172293904e+02 0.000000000000000000e+00 1.000000000000000000e+00 8.057002365132665727e+04 1.122523340493868886e+02 
1.660435821077057943e-03 7.581385888698113917e-02 3.812781917032453949e-02 2.844860856342282421e-08 4.920035362934033207e-04 5.905961134940376951e+02 1.554675142939011891e+02 1.585873812912953262e+01 2.124292029431058211e+02 0.000000000000000000e+00 1.000000000000000000e+00 8.058243975543434499e+04 1.122696325011277025e+02 
1.670060378980578594e-03 7.581385888698113917e-02 3.812781917032453949e-02 2.844860856342282421e-08 4.919649975203384739e-04 5.907637614740531262e+02 1.555051468138928499e+02 1.585640410743965667e+01 2.124218898497956616e+02 0.000000000000000000e+00 1.000000000000000000e+00 8.057689158456915175e+04 1.122619026395601054e+02 
1.680137292275335177e-03 7.581385888698113917e-02 3.812781917032453949e-02 2.844860856342282421e-08 4.917416510031516344e-04 5.908988595769088761e+02 1.555406592731838771e+02 1.584575904492517395e+01 2.123987928529656415e+02 0.000000000000000000e+00 1.000000000000000000e+00 8.055937000963752507e+04 1.122374911079114526e+02 
1.690214376687443386e-03 7.581385888698113917e-02 3.812781917032453949e-02 2.844860856342282421e-08 4.916473925834717032e-04 5.910715416471336994e+02 1.555907367530830641e+02 1.584111133259057880e+01 2.123879978114418918e+02 0.000000000000000000e+00 1.000000000000000000e+00 8.055118145420186920e+04 1.122260825912139524e+02 
1.700294542680259218e-03 7.581385888698113917e-02 3.812781917032453949e-02 2.844860856342282421e-08 4.915819053713069457e-04 5.912379914499849747e+02 1.556385910909378367e+02 1.583802411634053797e+01 2.123814460706826992e+02 0.000000000000000000e+00 1.000000000000000000e+00 8.054621184834698215e+04 1.122191588020522204e+02 
1.710372248447778127e-03 7.581385888698113917e-02 3.812781917032453949e-02 2.844860856342282421e-08 4.914375475939448566e-04 5.913738802715456586e+02 1.556754731618645735e+02 1.583148583064608950e+01 2.123687880357996676e+02 0.000000000000000000e+00 1.000000000000000000e+00 8.053661094963288633e+04 1.122057825705359875e+02 
1.720438701096891178e-03 7.581385888698113917e-02 3.812781917032453949e-02 2.844860856342282421e-08 4.912681482463400083e-04 5.914925726479640389e+02 1.557069712090186613e+02 1.582367159549214009e+01 2.123529725666813022e+02 0.000000000000000000e+00 1.000000000000000000e+00 8.052461599626019597e+04 1.121890708773791800e+02 
1.730033784195492141e-03 7.581385888698113917e-02 3.812781917032453949e-02 2.844860856342282421e-08 4.912765766958463679e-04 5.916573328353445049e+02 1.557496735611241547e+02 1.582386589384728204e+01 2.123524546940861626e+02 0.000000000000000000e+00 1.000000000000000000e+00 8.052422324036413920e+04 1.121885236792520573e+02 
1.740075589935945145e-03 7.581385888698113917e-02 3.812781917032453949e-02 2.844860856342282421e-08 4.917986838618214427e-04 5.919891961571096317e+02 1.558426814510798124e+02 1.584750081269117139e+01 2.123981492282769352e+02 0.000000000000000000e+00 1.000000000000000000e+00 8.055888177785251173e+04 1.122368108901959687e+02 
1.750112302964959175e-03 7.581385888698113917e-02 3.812781917032453949e-02 2.844860856342282421e-08 4.931274650653357395e-04 5.925527328157746751e+02 1.560035687758876293e+02 1.590814605384768576e+01 2.125172595114595708e+02 0.000000000000000000e+00 1.000000000000000000e+00 8.064925998260904453e+04 1.123627282471899065e+02 
1.760150022013555297e-03 7.581385888698113917e-02 3.812781917032453949e-02 2.844860856342282421e-08 4.950010336397349994e-04 5.932288255691156564e+02 1.561921045501319156e+02 1.599388627901654303e+01 2.126855412626657937e+02 0.000000000000000000e+00 1.000000000000000000e+00 8.077703475391629036e+04 1.125407475112022411e+02 
1.770192401905305553e-03 7.581385888698113917e-02 3.812781917032453949e-02 2.844860856342282421e-08 4.968061057343165117e-04 5.938311564973639634e+02 1.563492522708972672e+02 1.607671936178441996e+01 2.128478515576888412e+02 0.000000000000000000e+00 1.000000000000000000e+00 8.090037127272132784e+04 1.127125832819016011e+02 
1.780238388534175495e-03 7.581385888698113917e-02 3.812781917032453949e-02 2.844860856342282421e-08 4.979469948986911879e-04 5.942241136710803175e+02 1.564352070365655152e+02 1.612919982242946304e+01 2.129506015108343320e+02 0.000000000000000000e+00 1.000000000000000000e+00 8.097849764968958334e+04 1.128214310613618778e+02 
1.790284565674461542e-03 7.581385888698113917e-02 3.812781917032453949e-02 2.844860856342282421e-08 4.980777449565659256e-04 5.943384557172997802e+02 1.564464166225683357e+02 1.613540330447915139e+01 2.129635912708120031e+02 0.000000000000000000e+00 1.000000000000000000e+00 8.098837715528835543e+04 1.128351954555181322e+02 
1.800328722332774451e-03 7.581385888698113917e-02 3.812781917032453949e-02 2.844860856342282421e-08 4.975128442889203279e-04 5.942624792548630239e+02 1.564173676328145177e+02 1.610970015564839741e+01 2.129146758686969463e+02 0.000000000000000000e+00 1.000000000000000000e+00 8.095117714334337506e+04 1.127833673936875982e+02 
1.810369001263321086e-03 7.581385888698113917e-02 3.812781917032453949e-02 2.844860856342282421e-08 4.967456691404490386e-04 5.941192356740822333e+02 1.563799914740608301e+02 1.607467929433823173e+01 2.128472932432494815e+02 0.000000000000000000e+00 1.000000000000000000e+00 8.089994685888898675e+04 1.127119919770822207e+02 
1.820401648222332285e-03 7.581385888698113917e-02 3.812781917032453949e-02 2.844860856342282421e-08 4.962165429845363015e-04 5.940411889895312925e+02 1.563663241425131218e+02 1.605035113735949892e+01 2.127995314845276198e+02 0.000000000000000000e+00 1.000000000000000000e+00 8.086364392863298417e+04 1.126614137537009697e+02 
1.830423702273416796e-03 7.581385888698113917e-02 3.812781917032453949e-02 2.844860856342282421e-08 4.962044117388082851e-04 5.941075627392231127e+02 1.563941889139595958e+02 1.604926518479841135e+01 2.127949336149263786e+02 0.000000000000000000e+00 1.000000000000000000e+00 8.086014959318022011e+04 1.126565453511270647e+02 
1.840436233208711872e-03 7.581385888698113917e-02 3.812781917032453949e-02 2.844860856342282421e-08 4.967742862128147986e-04 5.943300666608555503e+02 1.564609749163053323e+02 1.607445109554450724e+01 2.128396517678738462e+02 0.000000000000000000e+00 1.000000000000000000e+00 8.089413815119609353e+04 1.127038991285662490e+02 
1.850445005258548846e-03 7.581385888698113917e-02 3.812781917032453949e-02 2.844860856342282421e-08 4.975401793587426848e-04 5.945809124217765884e+02 1.565283919372423611e+02 1.610856965936419627e+01 2.129013564199599102e+02 0.000000000000000000e+00 1.000000000000000000e+00 8.094104922403360251e+04 1.127692569028367302e+02 
1.860453785578780389e-03 7.581385888698113917e-02 3.812781917032453949e-02 2.844860856342282421e-08 4.982205534241755836e-04 5.948052727988539345e+02 1.565868610027270336e+02 1.613912573782463511e+01 2.129576278412065733e+02 0.000000000000000000e+00 1.000000000000000000e+00 8.098384152813185938e+04 1.128288762972056389e+02 
1.870008972287734309e-03 7.581385888698113917e-02 3.812781917032453949e-02 2.844860856342282421e-08 4.988360264584604286e-04 5.949936331505036833e+02 1.566413962239061561e+02 1.616711223749207349e+01 2.130106604573779236e+02 0.000000000000000000e+00 1.000000000000000000e+00 8.102418119372919318e+04 1.128850786093418321e+02 
1.880020691665750541e-03 7.581385888698113917e-02 3.812781917032453949e-02 2.844860856342282421e-08 4.996613929972211227e-04 5.951924424130560283e+02 1.567047946559531226e+02 1.620494154995699176e+01 2.130835163984570784e+02 0.000000000000000000e+00 1.000000000000000000e+00 8.107961600130630541e+04 1.129623118811730365e+02 
1.890033532299193820e-03 7.581385888698113917e-02 3.812781917032453949e-02 2.844860856342282421e-08 5.007099194492074237e-04 5.953967202425102414e+02 1.567644957503918590e+02 1.625306001960777635e+01 2.131760887912795681e+02 0.000000000000000000e+00 1.000000000000000000e+00 8.115008005776340724e+04 1.130604843086521214e+02 
1.900047185505329391e-03 7.581385888698113917e-02 3.812781917032453949e-02 2.844860856342282421e-08 5.017198822361971546e-04 5.955649136709446339e+02 1.568020636752052326e+02 1.629933843373081714e+01 2.132643928888717255e+02 0.000000000000000000e+00 1.000000000000000000e+00 8.121732370403400273e+04 1.131541699736400233e+02 
1.910062838307434235e-03 7.581385888698113917e-02 3.812781917032453949e-02 2.844860856342282421e-08 5.023185091074054004e-04 5.956300015529427583e+02 1.568033228722742933e+02 1.632670870279836706e+01 2.133161562084369223e+02 0.000000000000000000e+00 1.000000000000000000e+00 8.125675446346832905e+04 1.132091059731501872e+02 
1.920082129104595759e-03 7.581385888698113917e-02 3.812781917032453949e-02 2.844860856342282421e-08 5.023286911513478699e-04 5.955637622001362388e+02 1.567693547430448859e+02 1.632716470808311016e+01 2.133169731830785452e+02 0.000000000000000000e+00 1.000000000000000000e+00 8.125737687141116476e+04 1.132099731287143527e+02 
1.930105348843945369e-03 7.581385888698113917e-02 3.812781917032453949e-02 2.844860856342282421e-08 5.017371468093009736e-04 5.953565067014307033e+02 1.567058441117395660e+02 1.630019326035664662e+01 2.132663158935588967e+02 0.000000000000000000e+00 1.000000000000000000e+00 8.121878838359154179e+04 1.131562106047769731e+02 
1.940131237039265490e-03 7.581385888698113917e-02 3.812781917032453949e-02 2.844860856342282421e-08 5.008922447695849864e-04 5.950774616592213988e+02 1.566336782312525884e+02 1.626162843154184401e+01 2.131934613625395230e+02 0.000000000000000000e+00 1.000000000000000000e+00 8.116330708525114460e+04 1.130789125607581269e+02 
1.950156636804827601e-03 7.581385888698113917e-02 3.812781917032453949e-02 2.844860856342282421e-08 5.000422344577715780e-04 5.947808106612671963e+02 1.565626460931866575e+02 1.622272080270922245e+01 2.131191725018714749e+02 0.000000000000000000e+00 1.000000000000000000e+00 8.110675301407580264e+04 1.130001199006380261e+02 
1.960178132057808619e-03 7.581385888698113917e-02 3.812781917032453949e-02 2.844860856342282421e-08 4.993952561175155676e-04 5.945226555502749761e+02 1.565033524951981576e+02 1.619277762589728553e+01 2.130602770686745657e+02 0.000000000000000000e+00 1.000000000000000000e+00 8.106193154389353003e+04 1.129376734172503802e+02 
1.970193400356389391e-03 7.581385888698113917e-02 3.812781917032453949e-02 2.844860856342282421e-08 4.990103669898886003e-04 5.943298504734841572e+02 1.564591125402882881e+02 1.617460308189459539e+01 2.130227808438964416e+02 0.000000000000000000e+00 1.000000000000000000e+00 8.103340206869060057e+04 1.128979253814971315e+02 
1.980203864688791313e-03 7.581385888698113917e-02 3.812781917032453949e-02 2.844860856342282421e-08 4.989423933087451047e-04 5.942162568692685909e+02 1.564345097088473153e+02 1.617097174683588534e+01 2.130133753070536784e+02 0.000000000000000000e+00 1.000000000000000000e+00 8.102624653518520063e+04 1.128879560988663400e+02 
1.990215620700881791e-03 7.581385888698113917e-02 3.812781917032453949e-02 2.844860856342282421e-08 4.991474045071736575e-04 5.941689524566842238e+02 1.564255053279137258e+02 1.617997628363557183e+01 2.130289121399721637e+02 0.000000000000000000e+00 1.000000000000000000e+00 8.103806679917854490e+04 1.129044244100595336e+02 
2.000233987440015303e-03 7.581385888698113917e-02 3.812781917032453949e-02 2.844860856342282421e-08 4.995821120703288626e-04 5.941995017630250686e+02 1.564343950315747236e+02 1.619981762406405679e+01 2.130667299806335677e+02 0.000000000000000000e+00 1.000000000000000000e+00 8.106684182971468545e+04 1.129445145601382023e+02 
2.010259464664509912e-03 7.581385888698113917e-02 3.812781917032453949e-02 2.844860856342282421e-08 5.001896803806073818e-04 5.943014676934966474e+02 1.564617020834988352e+02 1.622787970276656111e+01 2.131216373018827142e+02 0.000000000000000000e+00 1.000000000000000000e+00 8.110862908256295486e+04 1.130027336899479451e+02 
2.020289506711120311e-03 7.581385888698113917e-02 3.812781917032453949e-02 2.844860856342282421e-08 5.009788018424261294e-04 5.944598071495012164e+02 1.565071098732984183e+02 1.626428617592679871e+01 2.131924628035263538e+02 0.000000000000000000e+00 1.000000000000000000e+00 8.116254677898745285e+04 1.130778532815271689e+02 
2.030321789993462436e-03 7.581385888698113917e-02 3.812781917032453949e-02 2.844860856342282421e-08 5.017786914957422101e-04 5.946020433904873244e+02 1.565440694716236862e+02 1.630107321913455820e+01 2.132632432637925319e+02 0.000000000000000000e+00 1.000000000000000000e+00 8.121644808462777291e+04 1.131529500370229755e+02 
2.040355912890499512e-03 7.581385888698113917e-02 3.812781917032453949e-02 2.844860856342282421e-08 5.021296105459355620e-04 5.946023009304449261e+02 1.565341046111765593e+02 1.631723539802151279e+01 2.132943694321833448e+02 0.000000000000000000e+00 1.000000000000000000e+00 8.124015719905841979e+04 1.131859822158963738e+02 
2.050392319266143310e-03 7.581385888698113917e-02 3.812781917032453949e-02 2.844860856342282421e-08 5.015736352870398288e-04 5.943420273231494093e+02 1.564512925495455704e+02 1.629188238040520886e+01 2.132466909641484847e+02 0.000000000000000000e+00 1.000000000000000000e+00 8.120384144135544193e+04 1.131353861209694003e+02 
2.060431733639880771e-03 7.581385888698113917e-02 3.812781917032453949e-02 2.844860856342282421e-08 5.002487906065460630e-04 5.938641450956578183e+02 1.563170925597555083e+02 1.623143491258271354e+01 2.131323882523944633e+02 0.000000000000000000e+00 1.000000000000000000e+00 8.111681236101681134e+04 1.130141348546118252e+02 
2.070018039395516655e-03 7.581385888698113917e-02 3.812781917032453949e-02 2.844860856342282421e-08 4.988020915676158072e-04 5.933613900562919525e+02 1.561851181497676180e+02 1.616555543865811373e+01 2.130076497480572755e+02 0.000000000000000000e+00 1.000000000000000000e+00 8.102189080569829093e+04 1.128818875788481648e+02 
2.080063864335506430e-03 7.581385888698113917e-02 3.812781917032453949e-02 2.844860856342282421e-08 4.976152034265077066e-04 5.929548979713214294e+02 1.560818983714576689e+02 1.611159461308531249e+01 2.129052939754726594e+02 0.000000000000000000e+00 1.000000000000000000e+00 8.094404321925435215e+04 1.127734282178796121e+02 
2.090111253315304462e-03 7.581385888698113917e-02 3.812781917032453949e-02 2.844860856342282421e-08 4.969979613923695754e-04 5.927528010022167564e+02 1.560355002844200101e+02 1.608357784796439560e+01 2.128521527501090986e+02 0.000000000000000000e+00 1.000000000000000000e+00 8.090364094706389005e+04 1.127171386805461708e+02 
2.100156394887717302e-03 7.581385888698113917e-02 3.812781917032453949e-02 2.844860856342282421e-08 4.968082541795270941e-04 5.926810665914160836e+02 1.560260945692784560e+02 1.607496023589519396e+01 2.128357460535079042e+02 0.000000000000000000e+00 1.000000000000000000e+00 8.089116928241660935e+04 1.126997628203602915e+02 
2.110196299862423901e-03 7.581385888698113917e-02 3.812781917032453949e-02 2.844860856342282421e-08 4.969292607984899125e-04 5.926901233342624664e+02 1.560341401290946521e+02 1.608035822656138336e+01 2.128455586907855661e+02 0.000000000000000000e+00 1.000000000000000000e+00 8.089862831141543575e+04 1.127101549411133306e+02 
2.120234201206979818e-03 7.581385888698113917e-02 3.812781917032453949e-02 2.844860856342282421e-08 4.970993003753750505e-04 5.926954843915383435e+02 1.560380473719290251e+02 1.608804699154487139e+01 2.128600231000951055e+02 0.000000000000000000e+00 1.000000000000000000e+00 8.090962398959469283e+04 1.127254744170690373e+02 
2.130276176477282832e-03 7.581385888698113917e-02 3.812781917032453949e-02 2.844860856342282421e-08 4.972151160740276299e-04 5.926726765093145559e+02 1.560320349272651868e+02 1.609345880930279193e+01 2.128710255907780322e+02 0.000000000000000000e+00 1.000000000000000000e+00 8.091798845726728905e+04 1.127371280194484200e+02 
2.140327805574283090e-03 7.581385888698113917e-02 3.812781917032453949e-02 2.844860856342282421e-08 4.973783125929111173e-04 5.926691470232759684e+02 1.560302428916077702e+02 1.610129900674175119e+01 2.128879368203996023e+02 0.000000000000000000e+00 1.000000000000000000e+00 8.093084579222582397e+04 1.127550412059332103e+02 
2.150388877301161010e-03 7.581385888698113917e-02 3.812781917032453949e-02 2.844860856342282421e-08 4.975668765218855226e-04 5.926952885041799846e+02 1.560335747927460091e+02 1.611053501682101086e+01 2.129086316648155446e+02 0.000000000000000000e+00 1.000000000000000000e+00 8.094658113818589482e+04 1.127769641151126478e+02 
2.160452994567731329e-03 7.581385888698113917e-02 3.812781917032453949e-02 2.844860856342282421e-08 4.976201610188495626e-04 5.927011059767365850e+02 1.560312760124944305e+02 1.611354032825639848e+01 2.129170887188340373e+02 0.000000000000000000e+00 1.000000000000000000e+00 8.095301190804259386e+04 1.127859236374440854e+02 
2.170056596594477447e-03 7.581385888698113917e-02 3.812781917032453949e-02 2.844860856342282421e-08 4.975257818040789044e-04 5.926698957551706144e+02 1.560181938017471737e+02 1.610954342248843218e+01 2.129108718402047202e+02 0.000000000000000000e+00 1.000000000000000000e+00 8.094828454956444330e+04 1.127793373538734443e+02 
2.180112522633817409e-03 7.581385888698113917e-02 3.812781917032453949e-02 2.844860856342282421e-08 4.972332088079149974e-04 5.925903581749990963e+02 1.559914562391589072e+02 1.609632424057753397e+01 2.128861023008534517e+02 0.000000000000000000e+00 1.000000000000000000e+00 8.092945098723116098e+04 1.127530979259253456e+02 
2.190165767413515107e-03 7.581385888698113917e-02 3.812781917032453949e-02 2.844860856342282421e-08 4.968556286453815586e-04 5.925106883949785015e+02 1.559649056846907342e+02 1.607907901692746577e+01 2.128528627247297607e+02 0.000000000000000000e+00 1.000000000000000000e+00 8.090418066091544461e+04 1.127178906244678700e+02 
2.200219520596867918e-03 7.581385888698113917e-02 3.812781917032453949e-02 2.844860856342282421e-08 4.963587710105057862e-04 5.924144255722443404e+02 1.559385821668502103e+02 1.605645606702841377e+01 2.128095019039316185e+02 0.000000000000000000e+00 1.000000000000000000e+00 8.087122160821335274e+04 1.126719711816503064e+02 
2.210276832895717841e-03 7.581385888698113917e-02 3.812781917032453949e-02 2.844860856342282421e-08 4.956840263375021996e-04 5.922525683842499120e+02 1.559017600850991698e+02 1.602587409772716143e+01 2.127513963706655886e+02 0.000000000000000000e+00 1.000000000000000000e+00 8.082706546012155013e+04 1.126104516429768978e+02 
2.220338479991892672e-03 7.581385888698113917e-02 3.812781917032453949e-02 2.844860856342282421e-08 4.949349608613038678e-04 5.920325994494005499e+02 1.558513551638789636e+02 1.599195644116456805e+01 2.126869046600126580e+02 0.000000000000000000e+00 1.000000000000000000e+00 8.077807038188807201e+04 1.125421903760764337e+02 
2.230400101062941873e-03 7.581385888698113917e-02 3.812781917032453949e-02 2.844860856342282421e-08 4.943751139542958920e-04 5.918596417704619626e+02 1.558089391928752150e+02 1.596661386079659017e+01 2.126386119031863302e+02 0.000000000000000000e+00 1.000000000000000000e+00 8.074139155734624364e+04 1.124910884466190737e+02 
2.240456695250499144e-03 7.581385888698113917e-02 3.812781917032453949e-02 2.844860856342282421e-08 4.942716633130919647e-04 5.918570665699537585e+02 1.558088296180532950e+02 1.596183824126083373e+01 2.126290574337254213e+02 0.000000000000000000e+00 1.000000000000000000e+00 8.073413583063305123e+04 1.124809795721038341e+02 
2.250051168660612694e-03 7.581385888698113917e-02 3.812781917032453949e-02 2.844860856342282421e-08 4.945704360239591832e-04 5.919968450408839544e+02 1.558481507195031668e+02 1.597521390796892682e+01 2.126538661966711743e+02 0.000000000000000000e+00 1.000000000000000000e+00 8.075297644355666125e+04 1.125072288231248905e+02 
2.260100060576974990e-03 7.581385888698113917e-02 3.812781917032453949e-02 2.844860856342282421e-08 4.952809706754725781e-04 5.922696711187712708e+02 1.559240134081242388e+02 1.600741924307584441e+01 2.127153626598991139e+02 0.000000000000000000e+00 1.000000000000000000e+00 8.079968841345072724e+04 1.125723092017945817e+02 
2.270150188200989808e-03 7.581385888698113917e-02 3.812781917032453949e-02 2.844860856342282421e-08 4.961190075648174228e-04 5.925640477223391827e+02 1.560054999933048236e+02 1.604566775596251915e+01 2.127893962798007692e+02 0.000000000000000000e+00 1.000000000000000000e+00 8.085594137343231705e+04 1.126506823456631565e+02 
2.280204650382067731e-03 7.581385888698113917e-02 3.812781917032453949e-02 2.844860856342282421e-08 4.967737771513666386e-04 5.927771268597489325e+02 1.560604182573391938e+02 1.607570059210994273e+01 2.128480328716993029e+02 0.000000000000000000e+00 1.000000000000000000e+00 8.090050910241427482e+04 1.127127753099541394e+02 
2.290265493995962288e-03 7.581385888698113917e-02 3.812781917032453949e-02 2.844860856342282421e-08 4.969707346502801786e-04 5.928380862828328191e+02 1.560689570574628249e+02 1.608484647027955461e+01 2.128663778862054983e+02 0.000000000000000000e+00 1.000000000000000000e+00 8.091445506141579244e+04 1.127322051968715328e+02 
2.300330879587853244e-03 7.581385888698113917e-02 3.812781917032453949e-02 2.844860856342282421e-08 4.966754534433037629e-04 5.927687184117185097e+02 1.560396018644516118e+02 1.607146504095667439e+01 2.128410551908988850e+02 0.000000000000000000e+00 1.000000000000000000e+00 8.089520495495584328e+04 1.127053854283906418e+02 
2.310395930365628531e-03 7.581385888698113917e-02 3.812781917032453949e-02 2.844860856342282421e-08 4.960425804217094255e-04 5.926269716431868346e+02 1.559951825638117384e+02 1.604260902365531294e+01 2.127855040823661454e+02 0.000000000000000000e+00 1.000000000000000000e+00 8.085298347783333156e+04 1.126465613255887774e+02 
2.320456451525031594e-03 7.581385888698113917e-02 3.812781917032453949e-02 2.844860856342282421e-08 4.953886254350935072e-04 5.924942190619472058e+02 1.559590203712107268e+02 1.601263408886132922e+01 2.127268906962022470e+02 0.000000000000000000e+00 1.000000000000000000e+00 8.080844647370354505e+04 1.125845111679920620e+02 
2.330053600579840966e-03 7.581385888698113917e-02 3.812781917032453949e-02 2.844860856342282421e-08 4.948993081032678669e-04 5.924109737507438922e+02 1.559373436428718378e+02 1.599005116287621142e+01 2.126818949798266374e+02 0.000000000000000000e+00 1.000000000000000000e+00 8.077426509323215578e+04 1.125368887450975564e+02 
2.340100450818762435e-03 7.581385888698113917e-02 3.812781917032453949e-02 2.844860856342282421e-08 4.946763869922565912e-04 5.924189291642899207e+02 1.559441122794053172e+02 1.597956367443545211e+01 2.126600374820235686e+02 0.000000000000000000e+00 1.000000000000000000e+00 8.075766346759942826e+04 1.125137589116702657e+02 
2.350140894878506494e-03 7.581385888698113917e-02 3.812781917032453949e-02 2.844860856342282421e-08 4.948343296635604330e-04 5.925467056775960373e+02 1.559853986692440628e+02 1.598642192704448739e+01 2.126717195401999447e+02 0.000000000000000000e+00 1.000000000000000000e+00 8.076653623604547465e+04 1.125261206924221113e+02 
2.360179599309078068e-03 7.581385888698113917e-02 3.812781917032453949e-02 2.844860856342282421e-08 4.952202732855437092e-04 5.927144914140840228e+02 1.560373503839255420e+02 1.600364846214670678e+01 2.127033410305128598e+02 0.000000000000000000e+00 1.000000000000000000e+00 8.079055586704047164e+04 1.125595854913634923e+02 
2.370222017911654318e-03 7.581385888698113917e-02 3.812781917032453949e-02 2.844860856342282421e-08 4.956454908058547954e-04 5.928627289638920956e+02 1.560812858760548636e+02 1.602290155796746518e+01 2.127399340771313234e+02 0.000000000000000000e+00 1.000000000000000000e+00 8.081835634132532869e+04 1.125983178633392043e+02 
2.380268235342530240e-03 7.581385888698113917e-02 3.812781917032453949e-02 2.844860856342282421e-08 4.961411827188158454e-04 5.930291708816839673e+02 1.561257357011201634e+02 1.604564529710157927e+01 2.127844919734172322e+02 0.000000000000000000e+00 1.000000000000000000e+00 8.085221432925941190e+04 1.126454897270122757e+02 
2.390314076648055678e-03 7.581385888698113917e-02 3.812781917032453949e-02 2.844860856342282421e-08 4.966637805346571424e-04 5.932087163201495059e+02 1.561730083283109991e+02 1.606966056083210859e+01 2.128316071253077553e+02 0.000000000000000000e+00 1.000000000000000000e+00 8.088802319918098510e+04 1.126953796121854907e+02 
2.400356620848959673e-03 7.581385888698113917e-02 3.812781917032453949e-02 2.844860856342282421e-08 4.972025222228623666e-04 5.933769743881043723e+02 1.562193160251204063e+02 1.609430531557258348e+01 2.128793199647857932e+02 0.000000000000000000e+00 1.000000000000000000e+00 8.092429440833866829e+04 1.127459136408754006e+02 
2.410397235312441728e-03 7.581385888698113917e-02 3.812781917032453949e-02 2.844860856342282421e-08 4.976880377282332261e-04 5.935071971747951238e+02 1.562519758229684044e+02 1.611646767296376836e+01 2.129219070888026408e+02 0.000000000000000000e+00 1.000000000000000000e+00 8.095667592559411423e+04 1.127910284457029917e+02 
2.420438355693238768e-03 7.581385888698113917e-02 3.812781917032453949e-02 2.844860856342282421e-08 4.979724417442007436e-04 5.935840049303659498e+02 1.562635243255098771e+02 1.612947966020118074e+01 2.129470077223088254e+02 0.000000000000000000e+00 1.000000000000000000e+00 8.097576446050903178e+04 1.128176231083414933e+02 
2.430025516299237458e-03 7.581385888698113917e-02 3.812781917032453949e-02 2.844860856342282421e-08 4.980219927100354525e-04 5.936241189250154093e+02 1.562642401303120039e+02 1.613183658993445135e+01 2.129519709815551778e+02 0.000000000000000000e+00 1.000000000000000000e+00 8.097953918737344793e+04 1.128228821598066247e+02 
2.440072827230460074e-03 7.581385888698113917e-02 3.812781917032453949e-02 2.844860856342282421e-08 4.978037027714839148e-04 5.936080111488370221e+02 1.562552799088014979e+02 1.612200542878860432e+01 2.129337428743547207e+02 0.000000000000000000e+00 1.000000000000000000e+00 8.096567652586038457e+04 1.128035683252009420e+02 
2.450121660690852705e-03 7.581385888698113917e-02 3.812781917032453949e-02 2.844860856342282421e-08 4.974223137536027111e-04 5.935405985411046004e+02 1.562370206532044108e+02 1.610466075673852160e+01 2.129007427810039417e+02 0.000000000000000000e+00 1.000000000000000000e+00 8.094058263697000802e+04 1.127686068411319980e+02 
2.460167857900642536e-03 7.581385888698113917e-02 3.812781917032453949e-02 2.844860856342282421e-08 4.969011025260625146e-04 5.934272426223734556e+02 1.562061559916883482e+02 1.608078704145256310e+01 2.128544273834734497e+02 0.000000000000000000e+00 1.000000000000000000e+00 8.090537010133281001e+04 1.127195477849974452e+02 
2.470208260096097650e-03 7.581385888698113917e-02 3.812781917032453949e-02 2.844860856342282421e-08 4.963551298187199833e-04 5.932956215295288303e+02 1.561738706765301572e+02 1.605559119365310394e+01 2.128045509333186942e+02 0.000000000000000000e+00 1.000000000000000000e+00 8.086745874630613253e+04 1.126667286607641358e+02 
2.480242418492605277e-03 7.581385888698113917e-02 3.812781917032453949e-02 2.844860856342282421e-08 4.960224018720129236e-04 5.932107529661519720e+02 1.561569649888492393e+02 1.604000057367153431e+01 2.127725321746778491e+02 0.000000000000000000e+00 1.000000000000000000e+00 8.084312580004343181e+04 1.126328273425256441e+02 
2.490271313911579087e-03 7.581385888698113917e-02 3.812781917032453949e-02 2.844860856342282421e-08 4.960978136063018277e-04 5.932455509109520335e+02 1.561729165468628651e+02 1.604312370180468506e+01 2.127770715561077566e+02 0.000000000000000000e+00 1.000000000000000000e+00 8.084657532141607953e+04 1.126376333089122141e+02 
2.500298209994658571e-03 7.581385888698113917e-02 3.812781917032453949e-02 2.844860856342282421e-08 4.965890470803431761e-04 5.933910136496443783e+02 1.562188219508643670e+02 1.606529613892979924e+01 2.128187153947014565e+02 0.000000000000000000e+00 1.000000000000000000e+00 8.087822432544809999e+04 1.126817275565235548e+02 
2.510328191865052096e-03 7.581385888698113917e-02 3.812781917032453949e-02 2.844860856342282421e-08 4.973827654452737772e-04 5.936036789061033687e+02 1.562804923557173709e+02 1.610138167330452319e+01 2.128875303682156073e+02 0.000000000000000000e+00 1.000000000000000000e+00 8.093053676121059107e+04 1.127546106555724066e+02 
2.520362824252981356e-03 7.581385888698113917e-02 3.812781917032453949e-02 2.844860856342282421e-08 4.983086873834773273e-04 5.938549922948695894e+02 1.563461107038890816e+02 1.614372508416669660e+01 2.129691341143056036e+02 0.000000000000000000e+00 1.000000000000000000e+00 8.099259300963766873e+04 1.128410690977150210e+02 
2.530399548351267621e-03 7.581385888698113917e-02 3.812781917032453949e-02 2.844860856342282421e-08 4.991050108275424347e-04 5.940818377284272174e+02 1.564010975406629029e+02 1.618019465807233104e+01 2.130393968594282796e+02 0.000000000000000000e+00 1.000000000000000000e+00 8.104604395398031920e+04 1.129155383976816296e+02 
2.540436280804832161e-03 7.581385888698113917e-02 3.812781917032453949e-02 2.844860856342282421e-08 4.996015637364837258e-04 5.942189819388531760e+02 1.564344957174830029e+02 1.620291501205850793e+01 2.130829498287300225e+02 0.000000000000000000e+00 1.000000000000000000e+00 8.107918483520191512e+04 1.129617111689057793e+02 
2.550017223596489756e-03 7.581385888698113917e-02 3.812781917032453949e-02 2.844860856342282421e-08 4.997174645575228752e-04 5.942245677847198522e+02 1.564341812021660019e+02 1.620826744034999223e+01 2.130934255868004357e+02 0.000000000000000000e+00 1.000000000000000000e+00 8.108715719342368538e+04 1.129728184738030023e+02 
2.560055079601059134e-03 7.581385888698113917e-02 3.812781917032453949e-02 2.844860856342282421e-08 4.993775818119448266e-04 5.940763046235088041e+02 1.563893988981351413e+02 1.619285350301905169e+01 2.130645466150492382e+02 0.000000000000000000e+00 1.000000000000000000e+00 8.106518040049372939e+04 1.129421998120537722e+02 
2.570093628160309649e-03 7.581385888698113917e-02 3.812781917032453949e-02 2.844860856342282421e-08 4.986950366290513088e-04 5.938346001963799381e+02 1.563186635293037909e+02 1.616181613136904360e+01 2.130058718975164425e+02 0.000000000000000000e+00 1.000000000000000000e+00 8.102053832646639785e+04 1.128800032682366776e+02 
2.580132837381600864e-03 7.581385888698113917e-02 3.812781917032453949e-02 2.844860856342282421e-08 4.979111129960096544e-04 5.935790816584715230e+02 1.562486355859016953e+02 1.612615536363433577e+01 2.129381751388087309e+02 0.000000000000000000e+00 1.000000000000000000e+00 8.096904719901067438e+04 1.128082644381135538e+02 
2.590172160216875751e-03 7.581385888698113917e-02 3.812781917032453949e-02 2.844860856342282421e-08 4.973726108946598850e-04 5.934131828150605088e+02 1.562058957246003388e+02 1.610161343985025795e+01 2.128912357372140036e+02 0.000000000000000000e+00 1.000000000000000000e+00 8.093335402449648245e+04 1.127585357429081228e+02 
2.600210692678579360e-03 7.581385888698113917e-02 3.812781917032453949e-02 2.844860856342282421e-08 4.971597941949833796e-04 5.933645265378066824e+02 1.561952011350255418e+02 1.609186963231211820e+01 2.128723579567739819e+02 0.000000000000000000e+00 1.000000000000000000e+00 8.091900139656593092e+04 1.127385392738501224e+02 
2.610247083586042603e-03 7.581385888698113917e-02 3.812781917032453949e-02 2.844860856342282421e-08 4.971802789846278868e-04 5.933908842932863763e+02 1.562060522741849695e+02 1.609275416392453195e+01 2.128738228764937617e+02 0.000000000000000000e+00 1.000000000000000000e+00 8.092011511795150000e+04 1.127400909405785825e+02 
2.620280620198529257e-03 7.581385888698113917e-02 3.812781917032453949e-02 2.844860856342282421e-08 4.973268628345008709e-04 5.934312815667597079e+02 1.562231567663991427e+02 1.609934595744605446e+01 2.128860359814375443e+02 0.000000000000000000e+00 1.000000000000000000e+00 8.092940056408915552e+04 1.127530276750414089e+02 
2.630312586994789249e-03 7.581385888698113917e-02 3.812781917032453949e-02 2.844860856342282421e-08 4.975150871428475402e-04 5.934505779799931133e+02 1.562324669847026257e+02 1.610780284112968630e+01 2.129016576284112148e+02 0.000000000000000000e+00 1.000000000000000000e+00 8.094127825165219838e+04 1.127695759903035650e+02 
2.640345313290249751e-03 7.581385888698113917e-02 3.812781917032453949e-02 2.844860856342282421e-08 4.978011490769191846e-04 5.934881553011276765e+02 1.562441876048338258e+02 1.612078827749410692e+01 2.129262510191551598e+02 0.000000000000000000e+00 1.000000000000000000e+00 8.095997923762907158e+04 1.127956307092895401e+02 
2.650382503938862166e-03 7.581385888698113917e-02 3.812781917032453949e-02 2.844860856342282421e-08 4.981991943214631683e-04 5.935528507190705341e+02 1.562621262806025868e+02 1.613890455424865067e+01 2.129607335098778265e+02 0.000000000000000000e+00 1.000000000000000000e+00 8.098620360190214706e+04 1.128321672022084670e+02 
2.660425431102817189e-03 7.581385888698113917e-02 3.812781917032453949e-02 2.844860856342282421e-08 4.985434553482023410e-04 5.936083651437654680e+02 1.562732970242852844e+02 1.615467070808109895e+01 2.129911522849423591e+02 0.000000000000000000e+00 1.000000000000000000e+00 8.100934098512056516e+04 1.128644028297081121e+02 
2.670014493577251187e-03 7.581385888698113917e-02 3.812781917032453949e-02 2.844860856342282421e-08 4.987260297310651663e-04 5.936374338954651648e+02 1.562771739035104019e+02 1.616311495851878632e+01 2.130078117754107154e+02 0.000000000000000000e+00 1.000000000000000000e+00 8.102201406669430435e+04 1.128820593093984712e+02 
2.680058431723858405e-03 7.581385888698113917e-02 3.812781917032453949e-02 2.844860856342282421e-08 4.987332685208911882e-04 5.936315746397400517e+02 1.562715284393567003e+02 1.616345219910888886e+01 2.130084880925099355e+02 0.000000000000000000e+00 1.000000000000000000e+00 8.102252857045884593e+04 1.128827761299457251e+02 
2.690099544782626178e-03 7.581385888698113917e-02 3.812781917032453949e-02 2.844860856342282421e-08 4.985691404463971641e-04 5.935779136696436353e+02 1.562565590634220882e+02 1.615585647583973028e+01 2.129934823439982949e+02 0.000000000000000000e+00 1.000000000000000000e+00 8.101111343039842905e+04 1.128668722483628244e+02 
2.700139169737867263e-03 7.581385888698113917e-02 3.812781917032453949e-02 2.844860856342282421e-08 4.983546024427164874e-04 5.935061635159833031e+02 1.562374132249070726e+02 1.614593141017875766e+01 2.129738749474784356e+02 0.000000000000000000e+00 1.000000000000000000e+00 8.099619894668605411e+04 1.128460929866475624e+02 
2.710179639287764279e-03 7.581385888698113917e-02 3.812781917032453949e-02 2.844860856342282421e-08 4.980494634244502644e-04 5.934077906477712077e+02 1.562095863746129396e+02 1.613192898181430124e+01 2.129467078496631700e+02 0.000000000000000000e+00 1.000000000000000000e+00 8.097553640001750318e+04 1.128173053683022289e+02 
2.720222294431385961e-03 7.581385888698113917e-02 3.812781917032453949e-02 2.844860856342282421e-08 4.975601888005768162e-04 5.932547144272992909e+02 1.561685638797696640e+02 1.610966704015999440e+01 2.129043270309314551e+02 0.000000000000000000e+00 1.000000000000000000e+00 8.094330797945323866e+04 1.127724038619216458e+02 
2.730266363763778504e-03 7.581385888698113917e-02 3.812781917032453949e-02 2.844860856342282421e-08 4.969970503324204134e-04 5.930662691636862291e+02 1.561220640960010542e+02 1.608411956148057698e+01 2.128559323693258136e+02 0.000000000000000000e+00 1.000000000000000000e+00 8.090651418716966873e+04 1.127211417562999145e+02 
2.740310322952917155e-03 7.581385888698113917e-02 3.812781917032453949e-02 2.844860856342282421e-08 4.965381583565681286e-04 5.928957650046711478e+02 1.560797207171308116e+02 1.606334960693200387e+01 2.128167266837045020e+02 0.000000000000000000e+00 1.000000000000000000e+00 8.087671277922604349e+04 1.126796216294831936e+02 
2.750353326185907363e-03 7.581385888698113917e-02 3.812781917032453949e-02 2.844860856342282421e-08 4.964000480585651883e-04 5.928342180226318305e+02 1.560638621661441903e+02 1.605717917499406866e+01 2.128054455892741146e+02 0.000000000000000000e+00 1.000000000000000000e+00 8.086813870080269407e+04 1.126676759917419304e+02 
2.760394841957522580e-03 7.581385888698113917e-02 3.812781917032453949e-02 2.844860856342282421e-08 4.966680208237456368e-04 5.929213482990521698e+02 1.560877382203632351e+02 1.606950920946975714e+01 2.128296963310193064e+02 0.000000000000000000e+00 1.000000000000000000e+00 8.088657078634624486e+04 1.126933560713781901e+02 
2.770435778659616731e-03 7.581385888698113917e-02 3.812781917032453949e-02 2.844860856342282421e-08 4.972699638917415415e-04 5.931177907580683950e+02 1.561436629260876430e+02 1.609705721694681557e+01 2.128830814012715393e+02 0.000000000000000000e+00 1.000000000000000000e+00 8.092715419089357601e+04 1.127498979672056407e+02 
2.780021495295509609e-03 7.581385888698113917e-02 3.812781917032453949e-02 2.844860856342282421e-08 4.978349409380474801e-04 5.932786200719268663e+02 1.561897745861132591e+02 1.612296350729043937e+01 2.129333888705114362e+02 0.000000000000000000e+00 1.000000000000000000e+00 8.096540731407221756e+04 1.128031932520632523e+02 
2.790066544499919445e-03 7.581385888698113917e-02 3.812781917032453949e-02 2.844860856342282421e-08 4.981811194425181518e-04 5.933511074240552716e+02 1.562075224972278136e+02 1.613891079860810862e+01 2.129646379674836680e+02 0.000000000000000000e+00 1.000000000000000000e+00 8.098917325825247099e+04 1.128363046076793950e+02 
2.800116156835531171e-03 7.581385888698113917e-02 3.812781917032453949e-02 2.844860856342282421e-08 4.981543447297875774e-04 5.933107050983543331e+02 1.561898852446453247e+02 1.613779738350421411e+01 2.129630145994619568e+02 0.000000000000000000e+00 1.000000000000000000e+00 8.098793854873330565e+04 1.128345843770139680e+02 
2.810170138240619762e-03 7.581385888698113917e-02 3.812781917032453949e-02 2.844860856342282421e-08 4.977270590675533660e-04 5.931689038456557910e+02 1.561462803977213412e+02 1.611839232346283879e+01 2.129262733193097858e+02 0.000000000000000000e+00 1.000000000000000000e+00 8.095999619580252329e+04 1.127956543358750281e+02 
2.820225482960632846e-03 7.581385888698113917e-02 3.812781917032453949e-02 2.844860856342282421e-08 4.971350289987052414e-04 5.929974280104897844e+02 1.560986421994984994e+02 1.609142072553093428e+01 2.128746908066742947e+02 0.000000000000000000e+00 1.000000000000000000e+00 8.092077497506639338e+04 1.127410102713411817e+02 
2.830277802685268480e-03 7.581385888698113917e-02 3.812781917032453949e-02 2.844860856342282421e-08 4.966467557702892348e-04 5.928744639212114862e+02 1.560662022993282960e+02 1.606907751122188088e+01 2.128313938195852302e+02 0.000000000000000000e+00 1.000000000000000000e+00 8.088786106283462141e+04 1.126951537194466084e+02 
2.840325340196246055e-03 7.581385888698113917e-02 3.812781917032453949e-02 2.844860856342282421e-08 4.963119712082152352e-04 5.928055220364821025e+02 1.560495541713972898e+02 1.605362079217140803e+01 2.128007442797355679e+02 0.000000000000000000e+00 1.000000000000000000e+00 8.086456565358824446e+04 1.126626979258147543e+02 
2.850367851601705738e-03 7.581385888698113917e-02 3.812781917032453949e-02 2.844860856342282421e-08 4.961838842061691958e-04 5.927943840740435917e+02 1.560500888076888941e+02 1.604754747812016191e+01 2.127879473644968584e+02 0.000000000000000000e+00 1.000000000000000000e+00 8.085484025642121560e+04 1.126491482396897936e+02 
2.860406615612120975e-03 7.581385888698113917e-02 3.812781917032453949e-02 2.844860856342282421e-08 4.962785347102905385e-04 5.928446990503884990e+02 1.560673880501902602e+02 1.605166850664565814e+01 2.127949726168058362e+02 0.000000000000000000e+00 1.000000000000000000e+00 8.086017923390562646e+04 1.126565866473866322e+02 
2.870445332366138632e-03 7.581385888698113917e-02 3.812781917032453949e-02 2.844860856342282421e-08 4.964614306974608933e-04 5.929088048470308649e+02 1.560869132994272945e+02 1.605988391088876810e+01 2.128102105585802803e+02 0.000000000000000000e+00 1.000000000000000000e+00 8.087176021069157287e+04 1.126727215771766453e+02 
2.880031439338419288e-03 7.581385888698113917e-02 3.812781917032453949e-02 2.844860856342282421e-08 4.966235584408627444e-04 5.929480422953656671e+02 1.560997849704558575e+02 1.606734936783913525e+01 2.128249194336417247e+02 0.000000000000000000e+00 1.000000000000000000e+00 8.088293987845731317e+04 1.126882973923958673e+02 
2.890078799698770230e-03 7.581385888698113917e-02 3.812781917032453949e-02 2.844860856342282421e-08 4.968152210628044071e-04 5.929848197596523960e+02 1.561105073944501669e+02 1.607633538945742302e+01 2.128433571391806254e+02 0.000000000000000000e+00 1.000000000000000000e+00 8.089695478263712721e+04 1.127078233355986470e+02 
2.900128720735642256e-03 7.581385888698113917e-02 3.812781917032453949e-02 2.844860856342282421e-08 4.970518992355380103e-04 5.930427995114005171e+02 1.561243275206208807e+02 1.608743067287134920e+01 2.128660950383482771e+02 0.000000000000000000e+00 1.000000000000000000e+00 8.091424003013415495e+04 1.127319056094795542e+02 
2.910177363711252425e-03 7.581385888698113917e-02 3.812781917032453949e-02 2.844860856342282421e-08 4.973093468504971408e-04 5.931129209175184087e+02 1.561413978574866235e+02 1.609936676096069519e+01 2.128899225794404515e+02 0.000000000000000000e+00 1.000000000000000000e+00 8.093235559978598030e+04 1.127571447106228248e+02 
2.920223272240781136e-03 7.581385888698113917e-02 3.812781917032453949e-02 2.844860856342282421e-08 4.975411147962140916e-04 5.931811356757436897e+02 1.561570662300044319e+02 1.610998805798786648e+01 2.129105293049514671e+02 0.000000000000000000e+00 1.000000000000000000e+00 8.094802408734749770e+04 1.127789744708748003e+02 
2.930268093565191381e-03 7.581385888698113917e-02 3.812781917032453949e-02 2.844860856342282421e-08 4.975915407874077203e-04 5.931974001774163980e+02 1.561580608745822758e+02 1.611226996707089754e+01 2.129148184642225772e+02 0.000000000000000000e+00 1.000000000000000000e+00 8.095128557438010466e+04 1.127835184627379022e+02 
2.940314484005395954e-03 7.581385888698113917e-02 3.812781917032453949e-02 2.844860856342282421e-08 4.974760341402294402e-04 5.931808811883111048e+02 1.561492959277171337e+02 1.610702435156010282e+01 2.129048690680421032e+02 0.000000000000000000e+00 1.000000000000000000e+00 8.094372013014313416e+04 1.127729780813996143e+02 
2.950364948396787777e-03 7.581385888698113917e-02 3.812781917032453949e-02 2.844860856342282421e-08 4.972252961595840636e-04 5.931411959153753060e+02 1.561373428610143037e+02 1.609566864875510106e+01 2.128834607587745893e+02 0.000000000000000000e+00 1.000000000000000000e+00 8.092744261541558080e+04 1.127502998080432803e+02 
2.960418367466690574e-03 7.581385888698113917e-02 3.812781917032453949e-02 2.844860856342282421e-08 4.968663547593370287e-04 5.930695086909449856e+02 1.561192687239827990e+02 1.607935621902842271e+01 2.128523999851563246e+02 0.000000000000000000e+00 1.000000000000000000e+00 8.090382889185889508e+04 1.127174005303130571e+02 
2.970013839660499196e-03 7.581385888698113917e-02 3.812781917032453949e-02 2.844860856342282421e-08 4.964412354156077156e-04 5.929721395325865387e+02 1.560934938944461692e+02 1.605990445006071710e+01 2.128146751709213049e+02 0.000000000000000000e+00 1.000000000000000000e+00 8.087515351447276771e+04 1.126774492196957311e+02 
2.980061320373224038e-03 7.581385888698113917e-02 3.812781917032453949e-02 2.844860856342282421e-08 4.959817652741510628e-04 5.928606516431237878e+02 1.560640936515111719e+02 1.603874053537778721e+01 2.127728906109897196e+02 0.000000000000000000e+00 1.000000000000000000e+00 8.084339817670750199e+04 1.126332068250539749e+02 
2.990103140432772647e-03 7.581385888698113917e-02 3.812781917032453949e-02 2.844860856342282421e-08 4.956777461846166230e-04 5.927916843951006740e+02 1.560480301282704261e+02 1.602457871129316302e+01 2.127441454527439930e+02 0.000000000000000000e+00 1.000000000000000000e+00 8.082155611503266846e+04 1.126027758745299820e+02 
3.000141092068021615e-03 7.581385888698113917e-02 3.812781917032453949e-02 2.844860856342282421e-08 4.957245849435945508e-04 5.928273844714082088e+02 1.560620565541578060e+02 1.602647491869598184e+01 2.127466807690151427e+02 0.000000000000000000e+00 1.000000000000000000e+00 8.082348246113079949e+04 1.126054597119660627e+02 
3.010177859146756073e-03 7.581385888698113917e-02 3.812781917032453949e-02 2.844860856342282421e-08 4.961930599584844911e-04 5.929823076480392956e+02 1.561092680221728415e+02 1.604772601849343516e+01 2.127871635801742798e+02 0.000000000000000000e+00 1.000000000000000000e+00 8.085424461517116288e+04 1.126483183762052818e+02 
3.020216410229691843e-03 7.581385888698113917e-02 3.812781917032453949e-02 2.844860856342282421e-08 4.969412660900935199e-04 5.932074162421993151e+02 1.561723342013554543e+02 1.608183825786556298e+01 2.128527824509536117e+02 0.000000000000000000e+00 1.000000000000000000e+00 8.090411963770177681e+04 1.127178056052776611e+02 
3.030257820419204971e-03 7.581385888698113917e-02 3.812781917032453949e-02 2.844860856342282421e-08 4.976936194025738348e-04 5.934243023083264461e+02 1.562285129409111164e+02 1.611623308313482283e+01 2.129191634843702161e+02 0.000000000000000000e+00 1.000000000000000000e+00 8.095458960514995852e+04 1.127881217276853221e+02 
3.040301850591581572e-03 7.581385888698113917e-02 3.812781917032453949e-02 2.844860856342282421e-08 4.982065147647489001e-04 5.935675000627384179e+02 1.562618456027661864e+02 1.613971457133997234e+01 2.129645131044491677e+02 0.000000000000000000e+00 1.000000000000000000e+00 8.098907828895555576e+04 1.128361722938887510e+02 
3.050347595516136965e-03 7.581385888698113917e-02 3.812781917032453949e-02 2.844860856342282421e-08 4.983766800027706993e-04 5.936103068829592075e+02 1.562687055393662661e+02 1.614757858802339285e+01 2.129800207177927689e+02 0.000000000000000000e+00 1.000000000000000000e+00 8.100087361598471762e+04 1.128526058622296233e+02 
3.060393635130929848e-03 7.581385888698113917e-02 3.812781917032453949e-02 2.844860856342282421e-08 4.982130129426243573e-04 5.935523014017888954e+02 1.562506099130274322e+02 1.614023319659755629e+01 2.129665458510077656e+02 0.000000000000000000e+00 1.000000000000000000e+00 8.099062437805248192e+04 1.128383263469957711e+02 
3.070438688852516248e-03 7.581385888698113917e-02 3.812781917032453949e-02 2.844860856342282421e-08 4.978021690471538677e-04 5.934182138348032822e+02 1.562139862821637735e+02 1.612159439239774983e+01 2.129313564645599115e+02 0.000000000000000000e+00 1.000000000000000000e+00 8.096386172470980091e+04 1.128010398951998496e+02 
3.080026151191244017e-03 7.581385888698113917e-02 3.812781917032453949e-02 2.844860856342282421e-08 4.973456410544524172e-04 5.932727587052778517e+02 1.561755523827173988e+02 1.610082521274037148e+01 2.128917968757063761e+02 0.000000000000000000e+00 1.000000000000000000e+00 8.093378067315541557e+04 1.127591301613483097e+02 
3.090069759819375796e-03 7.581385888698113917e-02 3.812781917032453949e-02 2.844860856342282421e-08 4.969674508160855939e-04 5.931627364998275880e+02 1.561456780787481193e+02 1.608360533457509334e+01 2.128588684064270069e+02 0.000000000000000000e+00 1.000000000000000000e+00 8.090874617725823191e+04 1.127242514252023540e+02 
3.100113609811236490e-03 7.581385888698113917e-02 3.812781917032453949e-02 2.844860856342282421e-08 4.967241200180313575e-04 5.931124259823741340e+02 1.561310536645065667e+02 1.607249466226556933e+01 2.128374457852063415e+02 0.000000000000000000e+00 1.000000000000000000e+00 8.089246130066187470e+04 1.127015628950914703e+02 
3.110157303191633804e-03 7.581385888698113917e-02 3.812781917032453949e-02 2.844860856342282421e-08 4.966108329771512075e-04 5.931166473489830651e+02 1.561328035127466194e+02 1.606729352977175296e+01 2.128272763799444647e+02 0.000000000000000000e+00 1.000000000000000000e+00 8.088473137733084150e+04 1.126907933570349059e+02 
3.120199286923569255e-03 7.581385888698113917e-02 3.812781917032453949e-02 2.844860856342282421e-08 4.966146206554296512e-04 5.931552198297998757e+02 1.561454895683099835e+02 1.606742002573419370e+01 2.128273025394320541e+02 0.000000000000000000e+00 1.000000000000000000e+00 8.088475126109097619e+04 1.126908210596268134e+02 
3.130239104137591717e-03 7.581385888698113917e-02 3.812781917032453949e-02 2.844860856342282421e-08 4.966788477545877383e-04 5.931941513219409217e+02 1.561593505925737304e+02 1.607027814100704788e+01 2.128324684884558167e+02 0.000000000000000000e+00 1.000000000000000000e+00 8.088867793373132008e+04 1.126962918060527272e+02 
3.140277276661784106e-03 7.581385888698113917e-02 3.812781917032453949e-02 2.844860856342282421e-08 4.968100084244323573e-04 5.932271743580420207e+02 1.561714035924716768e+02 1.607615009064586786e+01 2.128432470896906921e+02 0.000000000000000000e+00 1.000000000000000000e+00 8.089687112800558680e+04 1.127077067857055397e+02 
3.150315196282727805e-03 7.581385888698113917e-02 3.812781917032453949e-02 2.844860856342282421e-08 4.970882143041988662e-04 5.932861917833731695e+02 1.561893251965439333e+02 1.608873639865715077e+01 2.128669574459761407e+02 0.000000000000000000e+00 1.000000000000000000e+00 8.091489566483395174e+04 1.127328190574593521e+02 
3.160354515724524485e-03 7.581385888698113917e-02 3.812781917032453949e-02 2.844860856342282421e-08 4.975241651730516164e-04 5.933900397096477946e+02 1.562160061178826425e+02 1.610853782955557278e+01 2.129045724554478056e+02 0.000000000000000000e+00 1.000000000000000000e+00 8.094349459363755886e+04 1.127726638578457710e+02 
3.170395855226391339e-03 7.581385888698113917e-02 3.812781917032453949e-02 2.844860856342282421e-08 4.979447258423115499e-04 5.934965659142227423e+02 1.562405937187595839e+02 1.612766832526441618e+01 2.129409764130818985e+02 0.000000000000000000e+00 1.000000000000000000e+00 8.097117756385126268e+04 1.128112325199744532e+02 
3.180438701103993279e-03 7.581385888698113917e-02 3.812781917032453949e-02 2.844860856342282421e-08 4.981920468188251331e-04 5.935633039951043202e+02 1.562540235138195044e+02 1.613893224827444683e+01 2.129624438850185584e+02 0.000000000000000000e+00 1.000000000000000000e+00 8.098750447407085449e+04 1.128339796124650292e+02 
3.190025575662861542e-03 7.581385888698113917e-02 3.812781917032453949e-02 2.844860856342282421e-08 4.982513956013303507e-04 5.935813177750779914e+02 1.562574097956646710e+02 1.614163092645515007e+01 2.129675635855258804e+02 0.000000000000000000e+00 1.000000000000000000e+00 8.099139846349108848e+04 1.128394048237455536e+02 
3.200068369722175541e-03 7.581385888698113917e-02 3.812781917032453949e-02 2.844860856342282421e-08 4.981735491536665259e-04 5.935637265130786773e+02 1.562519648895163300e+02 1.613805736002231939e+01 2.129606250880612208e+02 0.000000000000000000e+00 1.000000000000000000e+00 8.098612113910316839e+04 1.128320523128086847e+02 
3.210109950149237553e-03 7.581385888698113917e-02 3.812781917032453949e-02 2.844860856342282421e-08 4.979762286180083311e-04 5.935111277948293491e+02 1.562388398652087176e+02 1.612900517793664079e+01 2.129430658889310735e+02 0.000000000000000000e+00 1.000000000000000000e+00 8.097276662531722104e+04 1.128134464433471749e+02 
3.220150795680329966e-03 7.581385888698113917e-02 3.812781917032453949e-02 2.844860856342282421e-08 4.976902484633573785e-04 5.934232656777866168e+02 1.562177635587910345e+02 1.611591029450132950e+01 2.129177522772775717e+02 0.000000000000000000e+00 1.000000000000000000e+00 8.095351649072882719e+04 1.127866266356769671e+02 
3.230191553699683204e-03 7.581385888698113917e-02 3.812781917032453949e-02 2.844860856342282421e-08 4.973809266070654484e-04 5.933172549410209058e+02 1.561913079390797066e+02 1.610177987885559858e+01 2.128905563593552586e+02 0.000000000000000000e+00 1.000000000000000000e+00 8.093283747677825158e+04 1.127578160746693499e+02 
3.240232264109486459e-03 7.581385888698113917e-02 3.812781917032453949e-02 2.844860856342282421e-08 4.970533110795178440e-04 5.932051710171664354e+02 1.561610055751093000e+02 1.608687304417203734e+01 2.128621034728679717e+02 0.000000000000000000e+00 1.000000000000000000e+00 8.091120552659634268e+04 1.127276778571547595e+02 
3.250273298340926754e-03 7.581385888698113917e-02 3.812781917032453949e-02 2.844860856342282421e-08 4.967657436990945271e-04 5.931101063135386084e+02 1.561357344455196028e+02 1.607383437801082948e+01 2.128373987718231604e+02 0.000000000000000000e+00 1.000000000000000000e+00 8.089242556420728215e+04 1.127015131060972948e+02 
3.260314465790150208e-03 7.581385888698113917e-02 3.812781917032453949e-02 2.844860856342282421e-08 4.966712911103912881e-04 5.930809381901203778e+02 1.561290469300970187e+02 1.606963778870672854e+01 2.128298471187104326e+02 0.000000000000000000e+00 1.000000000000000000e+00 8.088668540102438419e+04 1.126935157556448104e+02 
3.270354933296640548e-03 7.581385888698113917e-02 3.812781917032453949e-02 2.844860856342282421e-08 4.969306847189577762e-04 5.931698161550069699e+02 1.561548889958027360e+02 1.608158630267388034e+01 2.128533812110724455e+02 0.000000000000000000e+00 1.000000000000000000e+00 8.090457480890379520e+04 1.127184397620955849e+02 
3.280394799370583894e-03 7.581385888698113917e-02 3.812781917032453949e-02 2.844860856342282421e-08 4.974575126146386483e-04 5.933390406516099347e+02 1.562015282274072092e+02 1.610569212758144175e+01 2.129000274021969972e+02 0.000000000000000000e+00 1.000000000000000000e+00 8.094003869260041392e+04 1.127678490031382523e+02 
3.290435489675356661e-03 7.581385888698113917e-02 3.812781917032453949e-02 2.844860856342282421e-08 4.979828493978402616e-04 5.934901444282039620e+02 1.562419431005761226e+02 1.612969268547847790e+01 2.129461886522405791e+02 0.000000000000000000e+00 1.000000000000000000e+00 8.097514153842077940e+04 1.128167552364560464e+02 
3.300021698411950439e-03 7.581385888698113917e-02 3.812781917032453949e-02 2.844860856342282421e-08 4.982163859552524599e-04 5.935321114829514499e+02 1.562499042977875376e+02 1.614039801303473354e+01 2.129669122897134059e+02 0.000000000000000000e+00 1.000000000000000000e+00 8.099090308966871817e+04 1.128387146555506320e+02 
3.310066435069577984e-03 7.581385888698113917e-02 3.812781917032453949e-02 2.844860856342282421e-08 4.981502730553969164e-04 5.934837989743690514e+02 1.562314723978911388e+02 1.613740868531381167e+01 2.129613201728614342e+02 0.000000000000000000e+00 1.000000000000000000e+00 8.098664980315713910e+04 1.128327888618538140e+02 
3.320113278387937239e-03 7.581385888698113917e-02 3.812781917032453949e-02 2.844860856342282421e-08 4.978227365498271838e-04 5.933700015749343493e+02 1.561974634465915415e+02 1.612244955092864984e+01 2.129326050037536220e+02 0.000000000000000000e+00 1.000000000000000000e+00 8.096481120300816838e+04 1.128023627340211732e+02 
3.330161058957429535e-03 7.581385888698113917e-02 3.812781917032453949e-02 2.844860856342282421e-08 4.974124803376781890e-04 5.932421534155089375e+02 1.561631092269503256e+02 1.610369491570936873e+01 2.128964629207811754e+02 0.000000000000000000e+00 1.000000000000000000e+00 8.093732843603493529e+04 1.127640730004568468e+02 
3.340207627664091260e-03 7.581385888698113917e-02 3.812781917032453949e-02 2.844860856342282421e-08 4.970978003044710779e-04 5.931591736970727879e+02 1.561423869439765042e+02 1.608925832765921626e+01 2.128683576896070520e+02 0.000000000000000000e+00 1.000000000000000000e+00 8.091596018834016286e+04 1.127343021803728931e+02 
3.350250715194443094e-03 7.581385888698113917e-02 3.812781917032453949e-02 2.844860856342282421e-08 4.969458363036892163e-04 5.931312205623755744e+02 1.561389886591096570e+02 1.608217583654161231e+01 2.128540376936367693e+02 0.000000000000000000e+00 1.000000000000000000e+00 8.090507386157882866e+04 1.127191350557674383e+02 
3.360289436317783363e-03 7.581385888698113917e-02 3.812781917032453949e-02 2.844860856342282421e-08 4.969544772294683718e-04 5.931467438071413198e+02 1.561476187207099144e+02 1.608236353985259015e+01 2.128534293078250812e+02 0.000000000000000000e+00 1.000000000000000000e+00 8.090461137160944054e+04 1.127184907022450631e+02 
3.370325455508279069e-03 7.581385888698113917e-02 3.812781917032453949e-02 2.844860856342282421e-08 4.970962510613425450e-04 5.931876931946223976e+02 1.561624067523582369e+02 1.608862919658077573e+01 2.128645275052982413e+02 0.000000000000000000e+00 1.000000000000000000e+00 8.091304833938193042e+04 1.127302453137226479e+02 
3.380362209834696964e-03 7.581385888698113917e-02 3.812781917032453949e-02 2.844860856342282421e-08 4.972210740595904392e-04 5.932087420209825268e+02 1.561688160045015650e+02 1.609422383298278802e+01 2.128748096774484395e+02 0.000000000000000000e+00 1.000000000000000000e+00 8.092086534858911182e+04 1.127411361821750262e+02 
3.390402536678480561e-03 7.581385888698113917e-02 3.812781917032453949e-02 2.844860856342282421e-08 4.972875427290636332e-04 5.932094617218109533e+02 1.561683283511926277e+02 1.609734108089400451e+01 2.128811957234006513e+02 0.000000000000000000e+00 1.000000000000000000e+00 8.092572052254431765e+04 1.127479005417220179e+02 
3.400447274689311680e-03 7.581385888698113917e-02 3.812781917032453949e-02 2.844860856342282421e-08 4.973524198348676676e-04 5.932137719324790623e+02 1.561686924787786097e+02 1.610053701035645446e+01 2.128884406803066440e+02 0.000000000000000000e+00 1.000000000000000000e+00 8.093122888445080025e+04 1.127555749403726537e+02 
3.410037764025832929e-03 7.581385888698113917e-02 3.812781917032453949e-02 2.844860856342282421e-08 4.974292695659729207e-04 5.932228040430741203e+02 1.561701556887538231e+02 1.610431411431535409e+01 2.128969629530402869e+02 0.000000000000000000e+00 1.000000000000000000e+00 8.093770863326467224e+04 1.127646027015107109e+02 
3.420084330930716742e-03 7.581385888698113917e-02 3.812781917032453949e-02 2.844860856342282421e-08 4.975745164287260396e-04 5.932528731100884443e+02 1.561764165516765104e+02 1.611113660941549952e+01 2.129109722305263404e+02 0.000000000000000000e+00 1.000000000000000000e+00 8.094836088597850176e+04 1.127794437078282215e+02 
3.430128531391518198e-03 7.581385888698113917e-02 3.812781917032453949e-02 2.844860856342282421e-08 4.977457955177369293e-04 5.932981753287666606e+02 1.561848796754404702e+02 1.611903409205154603e+01 2.129265045369621987e+02 0.000000000000000000e+00 1.000000000000000000e+00 8.096017202558746794e+04 1.127958993066825428e+02 
3.440171228832525092e-03 7.581385888698113917e-02 3.812781917032453949e-02 2.844860856342282421e-08 4.978148982969630336e-04 5.933213460235771208e+02 1.561869122765575071e+02 1.612217014043096341e+01 2.129324362034041371e+02 0.000000000000000000e+00 1.000000000000000000e+00 8.096468283485138090e+04 1.128021838880364811e+02 
3.450214914716767233e-03 7.581385888698113917e-02 3.812781917032453949e-02 2.844860856342282421e-08 4.976964278282668998e-04 5.932946077802730542e+02 1.561773825515496412e+02 1.611675950955945780e+01 2.129220401439980890e+02 0.000000000000000000e+00 1.000000000000000000e+00 8.095677710550418124e+04 1.127911694122877009e+02 
3.460261891678535328e-03 7.581385888698113917e-02 3.812781917032453949e-02 2.844860856342282421e-08 4.974350286267828665e-04 5.932284098270424693e+02 1.561596073243853198e+02 1.610488642042651364e+01 2.128995133918446641e+02 0.000000000000000000e+00 1.000000000000000000e+00 8.093964786157902563e+04 1.127673044867985368e+02 
3.470311845433217152e-03 7.581385888698113917e-02 3.812781917032453949e-02 2.844860856342282421e-08 4.970759693961607087e-04 5.931327726374173608e+02 1.561351702496502867e+02 1.608856459378480963e+01 2.128684427234589691e+02 0.000000000000000000e+00 1.000000000000000000e+00 8.091602483484023833e+04 1.127343922476236315e+02 
3.480361694012764750e-03 7.581385888698113917e-02 3.812781917032453949e-02 2.844860856342282421e-08 4.966706246547814051e-04 5.930216994427070176e+02 1.561076423659262105e+02 1.607006161877457373e+01 2.128327965442167624e+02 0.000000000000000000e+00 1.000000000000000000e+00 8.088892729434280773e+04 1.126966392219946727e+02 
3.490407710593948758e-03 7.581385888698113917e-02 3.812781917032453949e-02 2.844860856342282421e-08 4.963442602145951140e-04 5.929325383712687199e+02 1.560869634702963538e+02 1.605502782780319393e+01 2.128031474937158976e+02 0.000000000000000000e+00 1.000000000000000000e+00 8.086639211291464744e+04 1.126652425983014183e+02 
3.500449093629190000e-03 7.581385888698113917e-02 3.812781917032453949e-02 2.844860856342282421e-08 4.962140924367653035e-04 5.929044225322608099e+02 1.560819848043335014e+02 1.604884183379041573e+01 2.127900513176981860e+02 0.000000000000000000e+00 1.000000000000000000e+00 8.085643917819397757e+04 1.126513759007083877e+02 
3.510030707692293576e-03 7.581385888698113917e-02 3.812781917032453949e-02 2.844860856342282421e-08 4.963424513189244923e-04 5.929569049923904913e+02 1.560994579124896404e+02 1.605449995630665683e+01 2.128000368678814311e+02 0.000000000000000000e+00 1.000000000000000000e+00 8.086402801959231147e+04 1.126619488796041111e+02 
3.520068021863091094e-03 7.581385888698113917e-02 3.812781917032453949e-02 2.844860856342282421e-08 4.967780697497656620e-04 5.930953611930672196e+02 1.561407704182611269e+02 1.607427230292805831e+01 2.128376575735181291e+02 0.000000000000000000e+00 1.000000000000000000e+00 8.089262228818243602e+04 1.127017871872551922e+02 
3.530107214026874992e-03 7.581385888698113917e-02 3.812781917032453949e-02 2.844860856342282421e-08 4.973813672325191068e-04 5.932735500598397493e+02 1.561897530790788267e+02 1.610182241210296894e+01 2.128907432379769773e+02 0.000000000000000000e+00 1.000000000000000000e+00 8.093297956503258320e+04 1.127580140358646759e+02 
3.540149450254459831e-03 7.581385888698113917e-02 3.812781917032453949e-02 2.844860856342282421e-08 4.978814164559931029e-04 5.934137096670681331e+02 1.562241263301598622e+02 1.612475677144917086e+01 2.129352911326896560e+02 0.000000000000000000e+00 1.000000000000000000e+00 8.096685394600589643e+04 1.128052087387629712e+02 
3.550194631263129882e-03 7.581385888698113917e-02 3.812781917032453949e-02 2.844860856342282421e-08 4.980938912232345511e-04 5.934631129787660484e+02 1.562330269985408790e+02 1.613460616056330821e+01 2.129548789738502421e+02 0.000000000000000000e+00 1.000000000000000000e+00 8.098175085494143423e+04 1.128259635148242523e+02 
3.560241843706870440e-03 7.581385888698113917e-02 3.812781917032453949e-02 2.844860856342282421e-08 4.980323749791862971e-04 5.934263096835031774e+02 1.562200910035442689e+02 1.613198945668784035e+01 2.129507602736255478e+02 0.000000000000000000e+00 1.000000000000000000e+00 8.097861839484845405e+04 1.128215992867799002e+02 
3.570289446303129798e-03 7.581385888698113917e-02 3.812781917032453949e-02 2.844860856342282421e-08 4.978021900176961192e-04 5.933396391348532006e+02 1.561939705160558276e+02 1.612164808349695022e+01 2.129317065508427333e+02 0.000000000000000000e+00 1.000000000000000000e+00 8.096412795473966980e+04 1.128014108140713176e+02 
3.580336049118529925e-03 7.581385888698113917e-02 3.812781917032453949e-02 2.844860856342282421e-08 4.974937875792074735e-04 5.932377420517482278e+02 1.561638457853598254e+02 1.610768056453529695e+01 2.129054070344184879e+02 0.000000000000000000e+00 1.000000000000000000e+00 8.094412918659183197e+04 1.127735479898971249e+02 
3.590381183857810181e-03 7.581385888698113917e-02 3.812781917032453949e-02 2.844860856342282421e-08 4.971811822082210274e-04 5.931464558439771508e+02 1.561382428837085001e+02 1.609345305310100827e+01 2.128782518877468988e+02 0.000000000000000000e+00 1.000000000000000000e+00 8.092348236925539095e+04 1.127447822860823123e+02 
3.600425367411073333e-03 7.581385888698113917e-02 3.812781917032453949e-02 2.844860856342282421e-08 4.969074798507741239e-04 5.930767713256327625e+02 1.561202800888380295e+02 1.608094387032015504e+01 2.128540994179828374e+02 0.000000000000000000e+00 1.000000000000000000e+00 8.090512078400093014e+04 1.127192004293538190e+02 
3.610013163063887070e-03 7.581385888698113917e-02 3.812781917032453949e-02 2.844860856342282421e-08 4.967050133711508209e-04 5.930349274536731627e+02 1.561107569244914828e+02 1.607165469911366884e+01 2.128359776137527888e+02 0.000000000000000000e+00 1.000000000000000000e+00 8.089134529786050553e+04 1.127000080498328742e+02 
3.620058323615852214e-03 7.581385888698113917e-02 3.812781917032453949e-02 2.844860856342282421e-08 4.965776207332338018e-04 5.930231426080764550e+02 1.561094953042632767e+02 1.606579952138906009e+01 2.128244980737016476e+02 0.000000000000000000e+00 1.000000000000000000e+00 8.088261960771970917e+04 1.126878511825501334e+02 
3.630103375577697824e-03 7.581385888698113917e-02 3.812781917032453949e-02 2.844860856342282421e-08 4.965380845668676503e-04 5.930380207199647202e+02 1.561164630097397605e+02 1.606395471927723406e+01 2.128207509019873669e+02 0.000000000000000000e+00 1.000000000000000000e+00 8.087977145443885820e+04 1.126838830584387523e+02 
3.640146853223235907e-03 7.581385888698113917e-02 3.812781917032453949e-02 2.844860856342282421e-08 4.965841999823680146e-04 5.930693417328310488e+02 1.561281284952920601e+02 1.606598085593079261e+01 2.128242892748569091e+02 0.000000000000000000e+00 1.000000000000000000e+00 8.088246090240709600e+04 1.126876300700201909e+02 
3.650188265428501184e-03 7.581385888698113917e-02 3.812781917032453949e-02 2.844860856342282421e-08 4.967227240420972250e-04 5.931133757478136204e+02 1.561428561173000560e+02 1.607217110367508894e+01 2.128356025109656571e+02 0.000000000000000000e+00 1.000000000000000000e+00 8.089106017179603805e+04 1.126996108044954070e+02 
3.660228577907812062e-03 7.581385888698113917e-02 3.812781917032453949e-02 2.844860856342282421e-08 4.969756376640417726e-04 5.931777560692609086e+02 1.561615730660515737e+02 1.608359247285316940e+01 2.128570300423968717e+02 0.000000000000000000e+00 1.000000000000000000e+00 8.090734864012472099e+04 1.127223043387048165e+02 
3.670269367871134471e-03 7.581385888698113917e-02 3.812781917032453949e-02 2.844860856342282421e-08 4.973015887248828778e-04 5.932615832387734827e+02 1.561822094226522211e+02 1.609839643573930701e+01 2.128851674687520017e+02 0.000000000000000000e+00 1.000000000000000000e+00 8.092874022892606445e+04 1.127521076782491463e+02 
3.680311429787988097e-03 7.581385888698113917e-02 3.812781917032453949e-02 2.844860856342282421e-08 4.976255074819113319e-04 5.933539790980677253e+02 1.562033301136886507e+02 1.611317142539501646e+01 2.129135076713292563e+02 0.000000000000000000e+00 1.000000000000000000e+00 8.095028883733783732e+04 1.127821297817575896e+02 
3.690354898937227898e-03 7.581385888698113917e-02 3.812781917032453949e-02 2.844860856342282421e-08 4.978641783632066801e-04 5.934295639679249916e+02 1.562205137039979945e+02 1.612410159916360186e+01 2.129346513919421398e+02 0.000000000000000000e+00 1.000000000000000000e+00 8.096636743465700420e+04 1.128045309180055824e+02 
3.700399436666108269e-03 7.581385888698113917e-02 3.812781917032453949e-02 2.844860856342282421e-08 4.979630411685444062e-04 5.934619616427620485e+02 1.562277189139442157e+02 1.612866745292291526e+01 2.129436560861288399e+02 0.000000000000000000e+00 1.000000000000000000e+00 8.097321547737056972e+04 1.128140717961564121e+02 
3.710444382241570669e-03 7.581385888698113917e-02 3.812781917032453949e-02 2.844860856342282421e-08 4.979063532731494487e-04 5.934429333176451564e+02 1.562211084737483873e+02 1.612611829792138707e+01 2.129389482060319381e+02 0.000000000000000000e+00 1.000000000000000000e+00 8.096963511266277055e+04 1.128090835352997772e+02 
3.720032263521207312e-03 7.581385888698113917e-02 3.812781917032453949e-02 2.844860856342282421e-08 4.977046819739959016e-04 5.933777438472538961e+02 1.562022660737767694e+02 1.611691988122332475e+01 2.129213338830966507e+02 0.000000000000000000e+00 1.000000000000000000e+00 8.095624004028056515e+04 1.127904211585060210e+02 
3.730075412973058325e-03 7.581385888698113917e-02 3.812781917032453949e-02 2.844860856342282421e-08 4.974090530011799228e-04 5.932858446005702717e+02 1.561778201779556241e+02 1.610339732847744543e+01 2.128952292687324359e+02 0.000000000000000000e+00 1.000000000000000000e+00 8.093639043818955543e+04 1.127627661565128392e+02 
3.740117310741907734e-03 7.581385888698113917e-02 3.812781917032453949e-02 2.844860856342282421e-08 4.970783296346313043e-04 5.931828713986864159e+02 1.561516347594980800e+02 1.608826698483481721e+01 2.128659685071013712e+02 0.000000000000000000e+00 1.000000000000000000e+00 8.091414383654692210e+04 1.127317715899745565e+02 
3.750158932331464599e-03 7.581385888698113917e-02 3.812781917032453949e-02 2.844860856342282421e-08 4.967725263314650992e-04 5.930861665278133614e+02 1.561278372423286953e+02 1.607432459392581592e+01 2.128391912750106769e+02 0.000000000000000000e+00 1.000000000000000000e+00 8.089378811178676551e+04 1.127034114442026862e+02 
3.760201549191460879e-03 7.581385888698113917e-02 3.812781917032453949e-02 2.844860856342282421e-08 4.965953286376945976e-04 5.930317818100129443e+02 1.561154155032327537e+02 1.606631127383596436e+01 2.128240930443209891e+02 0.000000000000000000e+00 1.000000000000000000e+00 8.088231175024606637e+04 1.126874222671991816e+02 
3.770244803870993928e-03 7.581385888698113917e-02 3.812781917032453949e-02 2.844860856342282421e-08 4.966438321298178053e-04 5.930553533380716544e+02 1.561236968804324192e+02 1.606861543961104388e+01 2.128289602166827024e+02 0.000000000000000000e+00 1.000000000000000000e+00 8.088601126234699041e+04 1.126925765274234266e+02 
3.780287418536100105e-03 7.581385888698113917e-02 3.812781917032453949e-02 2.844860856342282421e-08 4.969202622519015974e-04 5.931555382777174827e+02 1.561522757954708993e+02 1.608127414146454015e+01 2.128535475155858592e+02 0.000000000000000000e+00 1.000000000000000000e+00 8.090470123208887526e+04 1.127186158982931516e+02 
3.790329301089594930e-03 7.581385888698113917e-02 3.812781917032453949e-02 2.844860856342282421e-08 4.973395318102933563e-04 5.932955117879447471e+02 1.561907804731933425e+02 1.610036270446196838e+01 2.128900466581328033e+02 0.000000000000000000e+00 1.000000000000000000e+00 8.093244993946779869e+04 1.127572761472167144e+02 
3.800371404655517732e-03 7.581385888698113917e-02 3.812781917032453949e-02 2.844860856342282421e-08 4.976917466008164105e-04 5.934029872878569449e+02 1.562181551409684630e+02 1.611637607684772533e+01 2.129205086671767049e+02 0.000000000000000000e+00 1.000000000000000000e+00 8.095561251980229281e+04 1.127895468800193299e+02 
3.810414546105824439e-03 7.581385888698113917e-02 3.812781917032453949e-02 2.844860856342282421e-08 4.978148257950765947e-04 5.934325849962408483e+02 1.562227987115137751e+02 1.612197664488022042e+01 2.129311739157588477e+02 0.000000000000000000e+00 1.000000000000000000e+00 8.096372290204133606e+04 1.128008464837069909e+02 
3.820002582677222303e-03 7.581385888698113917e-02 3.812781917032453949e-02 2.844860856342282421e-08 4.977079603119999611e-04 5.933893145543346463e+02 1.562077195935334260e+02 1.611711769666609939e+01 2.129219393052120779e+02 0.000000000000000000e+00 1.000000000000000000e+00 8.095670042409360758e+04 1.127910625776744666e+02 
3.830048132704061675e-03 7.581385888698113917e-02 3.812781917032453949e-02 2.844860856342282421e-08 4.974878069911171756e-04 5.933133655169435769e+02 1.561853638026182978e+02 1.610707477819428846e+01 2.129026831675548976e+02 0.000000000000000000e+00 1.000000000000000000e+00 8.094205803561475477e+04 1.127706624063908976e+02 
3.840093439535728712e-03 7.581385888698113917e-02 3.812781917032453949e-02 2.844860856342282421e-08 4.972893114873212219e-04 5.932531404912250537e+02 1.561682046763553160e+02 1.609798682644036916e+01 2.128850869540803785e+02 0.000000000000000000e+00 1.000000000000000000e+00 8.092867901329707820e+04 1.127520223909807271e+02 
3.850137290818294363e-03 7.581385888698113917e-02 3.812781917032453949e-02 2.844860856342282421e-08 4.972018123345494115e-04 5.932364267492752106e+02 1.561645279107060560e+02 1.609390494504530622e+01 2.128768240676218966e+02 0.000000000000000000e+00 1.000000000000000000e+00 8.092239683056651847e+04 1.127432698842484200e+02 
3.860179152095469506e-03 7.581385888698113917e-02 3.812781917032453949e-02 2.844860856342282421e-08 4.972012755188688540e-04 5.932465408157218008e+02 1.561689227413055789e+02 1.609375843685396035e+01 2.128759700393219987e+02 0.000000000000000000e+00 1.000000000000000000e+00 8.092174753603985300e+04 1.127423652695691629e+02 
3.870218641850554833e-03 7.581385888698113917e-02 3.812781917032453949e-02 2.844860856342282421e-08 4.972423668041719503e-04 5.932660366240044141e+02 1.561761555195056985e+02 1.609551892192884992e+01 2.128788163767669346e+02 0.000000000000000000e+00 1.000000000000000000e+00 8.092391153923797538e+04 1.127453802172987309e+02 
3.880256511822134050e-03 7.581385888698113917e-02 3.812781917032453949e-02 2.844860856342282421e-08 4.972713239058000525e-04 5.932732076221652733e+02 1.561803333410374819e+02 1.609677572526692657e+01 2.128809289234334017e+02 0.000000000000000000e+00 1.000000000000000000e+00 8.092551767732840381e+04 1.127476179322860901e+02 
3.890295035306398207e-03 7.581385888698113917e-02 3.812781917032453949e-02 2.844860856342282421e-08 4.972669326721838477e-04 5.932574179940661452e+02 1.561786181786693248e+02 1.609658330092274170e+01 2.128805964473386894e+02 0.000000000000000000e+00 1.000000000000000000e+00 8.092526489959761966e+04 1.127472657555212123e+02 
3.900336178062342989e-03 7.581385888698113917e-02 3.812781917032453949e-02 2.844860856342282421e-08 4.972764607156062366e-04 5.932378355555600820e+02 1.561751289958892528e+02 1.609712356875547812e+01 2.128821295049123705e+02 0.000000000000000000e+00 1.000000000000000000e+00 8.092643046883266652e+04 1.127488896580745461e+02 
3.910380548117920602e-03 7.581385888698113917e-02 3.812781917032453949e-02 2.844860856342282421e-08 4.973319436295044497e-04 5.932362282082840466e+02 1.561744557749009630e+02 1.609983724978043895e+01 2.128881967504808301e+02 0.000000000000000000e+00 1.000000000000000000e+00 8.093104342084185919e+04 1.127553165474612342e+02 
3.920426486097925226e-03 7.581385888698113917e-02 3.812781917032453949e-02 2.844860856342282421e-08 4.974198824454923590e-04 5.932541086306570151e+02 1.561781936200844143e+02 1.610402291995647062e+01 2.128970469963076084e+02 0.000000000000000000e+00 1.000000000000000000e+00 8.093777253526431741e+04 1.127646917315033193e+02 
3.930014721134862665e-03 7.581385888698113917e-02 3.812781917032453949e-02 2.844860856342282421e-08 4.975396489665671928e-04 5.932899318780724798e+02 1.561863998120657016e+02 1.610957476188103499e+01 2.129081118444792367e+02 0.000000000000000000e+00 1.000000000000000000e+00 8.094618587353799376e+04 1.127764134217246692e+02 
3.940057847218544733e-03 7.581385888698113917e-02 3.812781917032453949e-02 2.844860856342282421e-08 4.976368143259398812e-04 5.933201255743670117e+02 1.561920638311984533e+02 1.611400890527114882e+01 2.129166217859994674e+02 0.000000000000000000e+00 1.000000000000000000e+00 8.095265684421846527e+04 1.127854289529300615e+02 
3.950100203247915685e-03 7.581385888698113917e-02 3.812781917032453949e-02 2.844860856342282421e-08 4.976596095619251463e-04 5.933310832046998939e+02 1.561919301983372463e+02 1.611500967023977182e+01 2.129183567892783628e+02 0.000000000000000000e+00 1.000000000000000000e+00 8.095397617472580168e+04 1.127872670798427635e+02 
3.960143744409480408e-03 7.581385888698113917e-02 3.812781917032453949e-02 2.844860856342282421e-08 4.975598364329099788e-04 5.933103811090986710e+02 1.561837362407657679e+02 1.611043481676904321e+01 2.129094758040151021e+02 0.000000000000000000e+00 1.000000000000000000e+00 8.094722301275088103e+04 1.127778583921007964e+02 
3.970189643391794539e-03 7.581385888698113917e-02 3.812781917032453949e-02 2.844860856342282421e-08 4.973717123684270837e-04 5.932631737673376620e+02 1.561709496864478126e+02 1.610185019043133536e+01 2.128929931584827102e+02 0.000000000000000000e+00 1.000000000000000000e+00 8.093469024281745078e+04 1.127603973983791121e+02 
3.980237082663305205e-03 7.581385888698113917e-02 3.812781917032453949e-02 2.844860856342282421e-08 4.971291470733937368e-04 5.931944880982407540e+02 1.561530639405852980e+02 1.609077523783145125e+01 2.128716804745040463e+02 0.000000000000000000e+00 1.000000000000000000e+00 8.091848633578454610e+04 1.127378216772519295e+02 
3.990283495933404437e-03 7.581385888698113917e-02 3.812781917032453949e-02 2.844860856342282421e-08 4.968831255996099695e-04 5.931219779893754094e+02 1.561345661312938660e+02 1.607948704814154084e+01 2.128496737655946163e+02 0.000000000000000000e+00 1.000000000000000000e+00 8.090175646807154408e+04 1.127145131734931596e+02 
4.000326769840137180e-03 7.581385888698113917e-02 3.812781917032453949e-02 2.844860856342282421e-08 4.967166771781528732e-04 5.930743993484773000e+02 1.561226886382923169e+02 1.607174066132298407e+01 2.128340479008073203e+02 0.000000000000000000e+00 1.000000000000000000e+00 8.088987847471990972e+04 1.126979644321980771e+02 
4.010366783818461109e-03 7.581385888698113917e-02 3.812781917032453949e-02 2.844860856342282421e-08 4.966715941395514295e-04 5.930683508738335377e+02 1.561227846661924445e+02 1.606951374722035908e+01 2.128289607750380696e+02 0.000000000000000000e+00 1.000000000000000000e+00 8.088601168675482040e+04 1.126925771187198819e+02 
4.020404689752152087e-03 7.581385888698113917e-02 3.812781917032453949e-02 2.844860856342282421e-08 4.968326605028253965e-04 5.931261338263012703e+02 1.561418064069489446e+02 1.607676052659077470e+01 2.128424358170310029e+02 0.000000000000000000e+00 1.000000000000000000e+00 8.089625443665529019e+04 1.127068475946525581e+02 
4.030442514005518236e-03 7.581385888698113917e-02 3.812781917032453949e-02 2.844860856342282421e-08 4.971895006599514168e-04 5.932365753670420645e+02 1.561756106754504856e+02 1.609303244003566391e+01 2.128736892007768233e+02 0.000000000000000000e+00 1.000000000000000000e+00 8.092001348919453449e+04 1.127399493486482385e+02 
4.040025722896464083e-03 7.581385888698113917e-02 3.812781917032453949e-02 2.844860856342282421e-08 4.976058273621103856e-04 5.933525197936645554e+02 1.562095269392962109e+02 1.611209245650347910e+01 2.129105891446125725e+02 0.000000000000000000e+00 1.000000000000000000e+00 8.094806958911789116e+04 1.127790378651708210e+02 
4.050067937768487072e-03 7.581385888698113917e-02 3.812781917032453949e-02 2.844860856342282421e-08 4.979352446906806090e-04 5.934320673762924798e+02 1.562296658780860241e+02 1.612725269763079794e+01 2.129402597962531729e+02 0.000000000000000000e+00 1.000000000000000000e+00 8.097063257517106831e+04 1.128104732270189601e+02 
4.060112687341273577e-03 7.581385888698113917e-02 3.812781917032453949e-02 2.844860856342282421e-08 4.980345136078259292e-04 5.934407173796903407e+02 1.562283995047937992e+02 1.613193567335050105e+01 2.129499480694923648e+02 0.000000000000000000e+00 1.000000000000000000e+00 8.097800068357054261e+04 1.128207386747362051e+02 
4.070158877075534531e-03 7.581385888698113917e-02 3.812781917032453949e-02 2.844860856342282421e-08 4.978950844672084446e-04 5.933829898099841103e+02 1.562093833786984476e+02 1.612572127617539408e+01 2.129387366020119430e+02 0.000000000000000000e+00 1.000000000000000000e+00 8.096947418868041132e+04 1.128088593316591925e+02 
4.080205288442988187e-03 7.581385888698113917e-02 3.812781917032453949e-02 2.844860856342282421e-08 4.976349684845399060e-04 5.932947965417698697e+02 1.561835522359446031e+02 1.611396436881736349e+01 2.129167224298451799e+02 0.000000000000000000e+00 1.000000000000000000e+00 8.095273337547809933e+04 1.127855355783489557e+02 
4.090251299146989775e-03 7.581385888698113917e-02 3.812781917032453949e-02 2.844860856342282421e-08 4.973758522868853681e-04 5.932151744067754180e+02 1.561601396519301090e+02 1.610221392059860790e+01 2.128945116794745616e+02 0.000000000000000000e+00 1.000000000000000000e+00 8.093584482721774839e+04 1.127620059965638575e+02 
4.100296449840149307e-03 7.581385888698113917e-02 3.812781917032453949e-02 2.844860856342282421e-08 4.971618102462874687e-04 5.931592271631474205e+02 1.561435210297116498e+02 1.609248506554027358e+01 2.128759969470864917e+02 0.000000000000000000e+00 1.000000000000000000e+00 8.092176799324282911e+04 1.127423937710971273e+02 
4.110340519154362382e-03 7.581385888698113917e-02 3.812781917032453949e-02 2.844860856342282421e-08 4.969960281208589230e-04 5.931255322817956994e+02 1.561339902104091948e+02 1.608489655288006048e+01 2.128612925318852263e+02 0.000000000000000000e+00 1.000000000000000000e+00 8.091058903275860939e+04 1.127268189412816355e+02 
4.120384161823118646e-03 7.581385888698113917e-02 3.812781917032453949e-02 2.844860856342282421e-08 4.968617209916027094e-04 5.931007681908738505e+02 1.561284742820959650e+02 1.607869430509727593e+01 2.128490113732396480e+02 0.000000000000000000e+00 1.000000000000000000e+00 8.090125293315268937e+04 1.127138116350380983e+02 
4.130428096809760086e-03 7.581385888698113917e-02 3.812781917032453949e-02 2.844860856342282421e-08 4.967766539356937780e-04 5.930865205765844621e+02 1.561260681478215986e+02 1.607473642577646089e+01 2.128410335488848375e+02 0.000000000000000000e+00 1.000000000000000000e+00 8.089518850385272526e+04 1.127053625082692463e+02 
4.140015619672436122e-03 7.581385888698113917e-02 3.812781917032453949e-02 2.844860856342282421e-08 4.967387648875592554e-04 5.930840553612503072e+02 1.561265505639597109e+02 1.607295258149943606e+01 2.128373402164962727e+02 0.000000000000000000e+00 1.000000000000000000e+00 8.089238105434391764e+04 1.127014510937529366e+02 
4.150059066279480381e-03 7.581385888698113917e-02 3.812781917032453949e-02 2.844860856342282421e-08 4.967693265092650327e-04 5.931025735275127317e+02 1.561337099724908626e+02 1.607428491078697519e+01 2.128396140285109084e+02 0.000000000000000000e+00 1.000000000000000000e+00 8.089410946393839549e+04 1.127038591607036579e+02 
4.160101358064979826e-03 7.581385888698113917e-02 3.812781917032453949e-02 2.844860856342282421e-08 4.968850500230168402e-04 5.931378838589141651e+02 1.561461707102836556e+02 1.607949251269340252e+01 2.128492977524550156e+02 0.000000000000000000e+00 1.000000000000000000e+00 8.090147063163082930e+04 1.127141149384403036e+02 
4.170142656468010106e-03 7.581385888698113917e-02 3.812781917032453949e-02 2.844860856342282421e-08 4.970882754749511405e-04 5.931908275009036515e+02 1.561624701742337322e+02 1.608870335927684536e+01 2.128667257795492560e+02 0.000000000000000000e+00 1.000000000000000000e+00 8.091471954304611427e+04 1.127325736798255065e+02 
4.180183529627554129e-03 7.581385888698113917e-02 3.812781917032453949e-02 2.844860856342282421e-08 4.973541554481413201e-04 5.932603463069319787e+02 1.561814478638841877e+02 1.610079593318098290e+01 2.128897810086789093e+02 0.000000000000000000e+00 1.000000000000000000e+00 8.093224796057725325e+04 1.127569947447686900e+02 
4.190224905217788953e-03 7.581385888698113917e-02 3.812781917032453949e-02 2.844860856342282421e-08 4.976403723322025442e-04 5.933402333257173495e+02 1.562018113647750681e+02 1.611384249339231900e+01 2.129147612234407632e+02 0.000000000000000000e+00 1.000000000000000000e+00 8.095124204791928059e+04 1.127834578204965510e+02 
4.200267704323368441e-03 7.581385888698113917e-02 3.812781917032453949e-02 2.844860856342282421e-08 4.978659274522072688e-04 5.934069453882374319e+02 1.562178400863294598e+02 1.612415633625628786e+01 2.129346387811917793e+02 0.000000000000000000e+00 1.000000000000000000e+00 8.096635784442254226e+04 1.128045175566317795e+02 
4.210312027539130607e-03 7.581385888698113917e-02 3.812781917032453949e-02 2.844860856342282421e-08 4.979450615925332287e-04 5.934311093109425883e+02 1.562224585842089368e+02 1.612782296257318393e+01 2.129419254937843675e+02 0.000000000000000000e+00 1.000000000000000000e+00 8.097189934464360704e+04 1.128122381244777301e+02 
4.220357284934309755e-03 7.581385888698113917e-02 3.812781917032453949e-02 2.844860856342282421e-08 4.978197564116652223e-04 5.933915338112873314e+02 1.562101553729223440e+02 1.612217268184913621e+01 2.129314140029275393e+02 0.000000000000000000e+00 1.000000000000000000e+00 8.096390548086809576e+04 1.128011008574619325e+02 
4.230402462654720384e-03 7.581385888698113917e-02 3.812781917032453949e-02 2.844860856342282421e-08 4.975437587529130687e-04 5.933021872318033729e+02 1.561851940203514744e+02 1.610962425463126380e+01 2.129075595687289422e+02 0.000000000000000000e+00 1.000000000000000000e+00 8.094576593127119122e+04 1.127758283468112097e+02 
4.240446727887718995e-03 7.581385888698113917e-02 3.812781917032453949e-02 2.844860856342282421e-08 4.972197742889211984e-04 5.931980539648778858e+02 1.561559783557325716e+02 1.609485200485512735e+01 2.128792422242984514e+02 0.000000000000000000e+00 1.000000000000000000e+00 8.092423530355631374e+04 1.127458312944955452e+02 
4.250033439762697027e-03 7.581385888698113917e-02 3.812781917032453949e-02 2.844860856342282421e-08 4.969336696121545369e-04 5.931099787735765858e+02 1.561314322383525734e+02 1.608181189012633183e+01 2.128542348556484853e+02 0.000000000000000000e+00 1.000000000000000000e+00 8.090522374282780220e+04 1.127193438743734788e+02 
4.260076193855891202e-03 7.581385888698113917e-02 3.812781917032453949e-02 2.844860856342282421e-08 4.967377684562630574e-04 5.930541701783544113e+02 1.561175917465709801e+02 1.607288235498320716e+01 2.128370887177432280e+02 0.000000000000000000e+00 1.000000000000000000e+00 8.089218988186519709e+04 1.127011847470898829e+02 
4.270119059306914586e-03 7.581385888698113917e-02 3.812781917032453949e-02 2.844860856342282421e-08 4.966932542715415217e-04 5.930450234602451474e+02 1.561172488365472475e+02 1.607087601124003839e+01 2.128333408381373033e+02 0.000000000000000000e+00 1.000000000000000000e+00 8.088934102200486814e+04 1.126972156385528621e+02 
4.280162233799844618e-03 7.581385888698113917e-02 3.812781917032453949e-02 2.844860856342282421e-08 4.968111697388952457e-04 5.930865390743147145e+02 1.561296927852905583e+02 1.607628140778723136e+01 2.128438676214134944e+02 0.000000000000000000e+00 1.000000000000000000e+00 8.089734282864606939e+04 1.127083639717837684e+02 
4.290205696742243821e-03 7.581385888698113917e-02 3.812781917032453949e-02 2.844860856342282421e-08 4.970438875918969717e-04 5.931675655997752301e+02 1.561517097241286365e+02 1.608689125504172424e+01 2.128642417811461485e+02 0.000000000000000000e+00 1.000000000000000000e+00 8.091283112332544988e+04 1.127299426824433226e+02 
4.300249220409514336e-03 7.581385888698113917e-02 3.812781917032453949e-02 2.844860856342282421e-08 4.972889004499265629e-04 5.932526981651793676e+02 1.561745781579745653e+02 1.609803057469388676e+01 2.128854642054324415e+02 0.000000000000000000e+00 1.000000000000000000e+00 8.092896583921866841e+04 1.127524220046050658e+02 
4.310292838656691258e-03 7.581385888698113917e-02 3.812781917032453949e-02 2.844860856342282421e-08 4.974514868059967633e-04 5.933078536027131804e+02 1.561896426490071690e+02 1.610540414143367727e+01 2.128994134110697303e+02 0.000000000000000000e+00 1.000000000000000000e+00 8.093957184067426715e+04 1.127671985724198436e+02 
4.320336741573560513e-03 7.581385888698113917e-02 3.812781917032453949e-02 2.844860856342282421e-08 4.974972713237898895e-04 5.933184298117477056e+02 1.561928638389450725e+02 1.610746313401525853e+01 2.129032246355852180e+02 0.000000000000000000e+00 1.000000000000000000e+00 8.094246975041154656e+04 1.127712360185708036e+02 
4.330380889897563618e-03 7.581385888698113917e-02 3.812781917032453949e-02 2.844860856342282421e-08 4.974450014768917478e-04 5.932950864098781949e+02 1.561861213958128474e+02 1.610506045990939938e+01 2.128985296089243207e+02 0.000000000000000000e+00 1.000000000000000000e+00 8.093889983864649548e+04 1.127662623210364501e+02 
4.340424978391287103e-03 7.581385888698113917e-02 3.812781917032453949e-02 2.844860856342282421e-08 4.973555711376353387e-04 5.932638882940622125e+02 1.561770426455473171e+02 1.610095859121646455e+01 2.128905533737462008e+02 0.000000000000000000e+00 1.000000000000000000e+00 8.093283520674979081e+04 1.127578129120043684e+02 
4.350011954965970866e-03 7.581385888698113917e-02 3.812781917032453949e-02 2.844860856342282421e-08 4.973052297162655101e-04 5.932524016526522246e+02 1.561731956880232985e+02 1.609862762518541857e+01 2.128859167674650905e+02 0.000000000000000000e+00 1.000000000000000000e+00 8.092930992486441392e+04 1.127529013940243203e+02 
4.360054666467195160e-03 7.581385888698113917e-02 3.812781917032453949e-02 2.844860856342282421e-08 4.973201425474879081e-04 5.932673086909813946e+02 1.561765462826822670e+02 1.609925008003043700e+01 2.128868404292493892e+02 0.000000000000000000e+00 1.000000000000000000e+00 8.093001219276554184e+04 1.127538798126402924e+02 
4.370096595018921684e-03 7.581385888698113917e-02 3.812781917032453949e-02 2.844860856342282421e-08 4.973384827790163637e-04 5.932846890950883108e+02 1.561810020802320196e+02 1.610004644139613816e+01 2.128881802453379919e+02 0.000000000000000000e+00 1.000000000000000000e+00 8.093103087173486711e+04 1.127552990637062749e+02 
4.380137922716366948e-03 7.581385888698113917e-02 3.812781917032453949e-02 2.844860856342282421e-08 4.973161668361100653e-04 5.932835956491861680e+02 1.561811745981724755e+02 1.609903204670417054e+01 2.128862497900661310e+02 0.000000000000000000e+00 1.000000000000000000e+00 8.092956312442576746e+04 1.127532541584949541e+02 
4.390178965546888759e-03 7.581385888698113917e-02 3.812781917032453949e-02 2.844860856342282421e-08 4.972567283318744770e-04 5.932602395737216057e+02 1.561759735823281972e+02 1.609636383082204603e+01 2.128813294381322407e+02 0.000000000000000000e+00 1.000000000000000000e+00 8.092582218454749091e+04 1.127480421799718755e+02 
4.400220077145398402e-03 7.581385888698113917e-02 3.812781917032453949e-02 2.844860856342282421e-08 4.972177335546303350e-04 5.932347915549637491e+02 1.561700824254364761e+02 1.609464796259791086e+01 2.128783296909188607e+02 0.000000000000000000e+00 1.000000000000000000e+00 8.092354152142061503e+04 1.127448646984772722e+02 
4.410262246183982784e-03 7.581385888698113917e-02 3.812781917032453949e-02 2.844860856342282421e-08 4.972234597277537830e-04 5.932193040184724850e+02 1.561662799905978716e+02 1.609497669965132971e+01 2.128792779242443487e+02 0.000000000000000000e+00 1.000000000000000000e+00 8.092426244562084321e+04 1.127458691095532544e+02 
4.420306045735828901e-03 7.581385888698113917e-02 3.812781917032453949e-02 2.844860856342282421e-08 4.972648023134104527e-04 5.932157095487787046e+02 1.561648746699872277e+02 1.609694403598406964e+01 2.128834378425503360e+02 0.000000000000000000e+00 1.000000000000000000e+00 8.092742519225535216e+04 1.127502755336256541e+02 
4.430350868329794786e-03 7.581385888698113917e-02 3.812781917032453949e-02 2.844860856342282421e-08 4.973308442816392130e-04 5.932285812596676351e+02 1.561671034896526749e+02 1.610004449736214127e+01 2.128898022594148358e+02 0.000000000000000000e+00 1.000000000000000000e+00 8.093226411795133026e+04 1.127570172556588517e+02 
4.440395610243043356e-03 7.581385888698113917e-02 3.812781917032453949e-02 2.844860856342282421e-08 4.973971121193531981e-04 5.932506512647532873e+02 1.561721687445325131e+02 1.610311947745793049e+01 2.128959480163653382e+02 0.000000000000000000e+00 1.000000000000000000e+00 8.093693693176237866e+04 1.127635275461254167e+02 
4.450439555431055794e-03 7.581385888698113917e-02 3.812781917032453949e-02 2.844860856342282421e-08 4.974284544832269402e-04 5.932668207684454273e+02 1.561761600555427663e+02 1.610453510219801032e+01 2.128985980905873987e+02 0.000000000000000000e+00 1.000000000000000000e+00 8.093895190881690360e+04 1.127663348666048648e+02 
4.460026756890179619e-03 7.581385888698113917e-02 3.812781917032453949e-02 2.844860856342282421e-08 4.974020275908516741e-04 5.932649664405984140e+02 1.561762239586296346e+02 1.610326738973799010e+01 2.128958738153891090e+02 0.000000000000000000e+00 1.000000000000000000e+00 8.093688051360371173e+04 1.127634489428222793e+02 
4.470071100390504010e-03 7.581385888698113917e-02 3.812781917032453949e-02 2.844860856342282421e-08 4.973443274815375886e-04 5.932543449610493553e+02 1.561733730081044484e+02 1.610057432679199252e+01 2.128904193499147084e+02 0.000000000000000000e+00 1.000000000000000000e+00 8.093273330532596447e+04 1.127576709401871824e+02 
4.480116228613918727e-03 7.581385888698113917e-02 3.812781917032453949e-02 2.844860856342282421e-08 4.972660871338372606e-04 5.932397308559170597e+02 1.561691300581626933e+02 1.609694090515030140e+01 2.128831421188735362e+02 0.000000000000000000e+00 1.000000000000000000e+00 8.092720035429377458e+04 1.127499622833021959e+02 
4.490161429537654902e-03 7.581385888698113917e-02 3.812781917032453949e-02 2.844860856342282421e-08 4.971485789250943777e-04 5.932122453285657002e+02 1.561617823769638278e+02 1.609150159632456223e+01 2.128723247218186145e+02 0.000000000000000000e+00 1.000000000000000000e+00 8.091897612941320403e+04 1.127385040709701940e+02 
4.500205505026054140e-03 7.581385888698113917e-02 3.812781917032453949e-02 2.844860856342282421e-08 4.970029733644106343e-04 5.931725603249236656e+02 1.561509452038358177e+02 1.608476960916021170e+01 2.128589652804791967e+02 0.000000000000000000e+00 1.000000000000000000e+00 8.090881982192187570e+04 1.127243540289376966e+02 
4.510247464448320295e-03 7.581385888698113917e-02 3.812781917032453949e-02 2.844860856342282421e-08 4.968913818068580041e-04 5.931443415719205632e+02 1.561432796042119833e+02 1.607959526080173873e+01 2.128486216499903492e+02 0.000000000000000000e+00 1.000000000000000000e+00 8.090095667553704698e+04 1.127133988809227390e+02 
4.520287540195570136e-03 7.581385888698113917e-02 3.812781917032453949e-02 2.844860856342282421e-08 4.969003086906122321e-04 5.931543888659350614e+02 1.561470734239545948e+02 1.607994235904486047e+01 2.128490069830048128e+02 0.000000000000000000e+00 1.000000000000000000e+00 8.090124959580576979e+04 1.127138069853561859e+02 
4.530326688828207465e-03 7.581385888698113917e-02 3.812781917032453949e-02 2.844860856342282421e-08 4.970780832501525128e-04 5.932123326004689261e+02 1.561649425768889898e+02 1.608804081253147444e+01 2.128645249989380659e+02 0.000000000000000000e+00 1.000000000000000000e+00 8.091304643397059408e+04 1.127302426590520952e+02 
4.540366139178450555e-03 7.581385888698113917e-02 3.812781917032453949e-02 2.844860856342282421e-08 4.973918534006028114e-04 5.933033300168046935e+02 1.561913476411702106e+02 1.610240122701877041e+01 2.128923254470132349e+02 0.000000000000000000e+00 1.000000000000000000e+00 8.093418256113750977e+04 1.127596900825444521e+02 
4.550406827595093046e-03 7.581385888698113917e-02 3.812781917032453949e-02 2.844860856342282421e-08 4.977092981090682888e-04 5.933856014150034071e+02 1.562135261553839030e+02 1.611697837185845827e+01 2.129207328425324306e+02 0.000000000000000000e+00 1.000000000000000000e+00 8.095578298964476562e+04 1.127897843832101756e+02 
4.560449253132127512e-03 7.581385888698113917e-02 3.812781917032453949e-02 2.844860856342282421e-08 4.978968348466203874e-04 5.934216366631453639e+02 1.562214915522748129e+02 1.612564531966227577e+01 2.129378608044219732e+02 0.000000000000000000e+00 1.000000000000000000e+00 8.096880814993462991e+04 1.128079313884814070e+02 
4.570036897023906086e-03 7.581385888698113917e-02 3.812781917032453949e-02 2.844860856342282421e-08 4.978702293488240869e-04 5.933920984405028776e+02 1.562114063307955405e+02 1.612453452935044496e+01 2.129362160100702965e+02 0.000000000000000000e+00 1.000000000000000000e+00 8.096755730122735258e+04 1.128061886722630049e+02 
4.580082589522690290e-03 7.581385888698113917e-02 3.812781917032453949e-02 2.844860856342282421e-08 4.976735298451832618e-04 5.933174894257833785e+02 1.561892995212095343e+02 1.611567161193785580e+01 2.129197518508378266e+02 0.000000000000000000e+00 1.000000000000000000e+00 8.095503701468277723e+04 1.127887450707359847e+02 
4.590128964813389514e-03 7.581385888698113917e-02 3.812781917032453949e-02 2.844860856342282421e-08 4.974212574962950722e-04 5.932388702794378332e+02 1.561672075718414590e+02 1.610425249034032191e+01 2.128982702002153644e+02 0.000000000000000000e+00 1.000000000000000000e+00 8.093870259686413920e+04 1.127659875184555744e+02 
4.600174951841911990e-03 7.581385888698113917e-02 3.812781917032453949e-02 2.844860856342282421e-08 4.972212913340052619e-04 5.931864889794239843e+02 1.561538210794023769e+02 1.609516970520193269e+01 2.128810184968374699e+02 0.000000000000000000e+00 1.000000000000000000e+00 8.092558577901939861e+04 1.127477128134021740e+02 
4.610219796347762508e-03 7.581385888698113917e-02 3.812781917032453949e-02 2.844860856342282421e-08 4.970970220443657371e-04 5.931602621732362195e+02 1.561477823286004138e+02 1.608946439664113015e+01 2.128698875148194247e+02 0.000000000000000000e+00 1.000000000000000000e+00 8.091712323316407856e+04 1.127359225658484405e+02 
4.620263399645517521e-03 7.581385888698113917e-02 3.812781917032453949e-02 2.844860856342282421e-08 4.970168242252896631e-04 5.931477081627693906e+02 1.561447365009386488e+02 1.608570861825210230e+01 2.128622123290556658e+02 0.000000000000000000e+00 1.000000000000000000e+00 8.091128828146425076e+04 1.127277931534728737e+02 
4.630306227612644709e-03 7.581385888698113917e-02 3.812781917032453949e-02 2.844860856342282421e-08 4.969587192259012015e-04 5.931416814072010766e+02 1.561429512039961764e+02 1.608293150815711314e+01 2.128562793968469862e+02 0.000000000000000000e+00 1.000000000000000000e+00 8.090677799762247014e+04 1.127215093041512404e+02 
4.640348959495765695e-03 7.581385888698113917e-02 3.812781917032453949e-02 2.844860856342282421e-08 4.969006155403135876e-04 5.931355499920940701e+02 1.561411498736017052e+02 1.608016854162708142e+01 2.128504382382816686e+02 0.000000000000000000e+00 1.000000000000000000e+00 8.090233760397956939e+04 1.127153228277432078e+02 
4.650392021792003686e-03 7.581385888698113917e-02 3.812781917032453949e-02 2.844860856342282421e-08 4.968685342352858114e-04 5.931348267933472016e+02 1.561417824774796088e+02 1.607864021403521093e+01 2.128471940110240723e+02 0.000000000000000000e+00 1.000000000000000000e+00 8.089987142565450631e+04 1.127118868814616377e+02 
4.660435245276798970e-03 7.581385888698113917e-02 3.812781917032453949e-02 2.844860856342282421e-08 4.969081229030053795e-04 5.931502254956363913e+02 1.561471175006316230e+02 1.608042516555719104e+01 2.128505287678933939e+02 0.000000000000000000e+00 1.000000000000000000e+00 8.090240642280681641e+04 1.127154187079928960e+02 
4.670021483743250212e-03 7.581385888698113917e-02 3.812781917032453949e-02 2.844860856342282421e-08 4.970335493177485383e-04 5.931862086515119472e+02 1.561574076377047788e+02 1.608615236706343410e+01 2.128615669055004673e+02 0.000000000000000000e+00 1.000000000000000000e+00 8.091079761690151645e+04 1.127271095463457300e+02 
4.680063057598242079e-03 7.581385888698113917e-02 3.812781917032453949e-02 2.844860856342282421e-08 4.972552715464503056e-04 5.932465386439631629e+02 1.561746031810682780e+02 1.609626285382865163e+01 2.128809735380294796e+02 0.000000000000000000e+00 1.000000000000000000e+00 8.092555159732000902e+04 1.127476651905349598e+02 
4.690103541597186523e-03 7.581385888698113917e-02 3.812781917032453949e-02 2.844860856342282421e-08 4.975242980703807171e-04 5.933182904851216790e+02 1.561936703780673383e+02 1.610852688935553445e+01 2.129044717225575596e+02 0.000000000000000000e+00 1.000000000000000000e+00 8.094341799903806532e+04 1.127725571441800838e+02 
4.700144037875430073e-03 7.581385888698113917e-02 3.812781917032453949e-02 2.844860856342282421e-08 4.977663406936081629e-04 5.933825994139363047e+02 1.562097360374136201e+02 1.611957207588691077e+01 2.129256634298498625e+02 0.000000000000000000e+00 1.000000000000000000e+00 8.095953240543161519e+04 1.127950081705981091e+02 
4.710185926854506752e-03 7.581385888698113917e-02 3.812781917032453949e-02 2.844860856342282421e-08 4.978985535597664751e-04 5.934167114786938555e+02 1.562174013294737165e+02 1.612565384194833129e+01 2.129375495482905194e+02 0.000000000000000000e+00 1.000000000000000000e+00 8.096857144219765905e+04 1.128076016008661355e+02 
4.720230135065868818e-03 7.581385888698113917e-02 3.812781917032453949e-02 2.844860856342282421e-08 4.978574890530080383e-04 5.934001100553088008e+02 1.562121931338395484e+02 1.612389030172014515e+01 2.129346866934357081e+02 0.000000000000000000e+00 1.000000000000000000e+00 8.096639428077076445e+04 1.128045683207366778e+02 
4.730275841413058083e-03 7.581385888698113917e-02 3.812781917032453949e-02 2.844860856342282421e-08 4.976585065366331655e-04 5.933344083430781666e+02 1.561949594884136729e+02 1.611493629583696219e+01 2.129181080204884324e+02 0.000000000000000000e+00 1.000000000000000000e+00 8.095378700540069258e+04 1.127870035240274404e+02 
4.740321544220131231e-03 7.581385888698113917e-02 3.812781917032453949e-02 2.844860856342282421e-08 4.973847513373016397e-04 5.932449637063771206e+02 1.561714556253774049e+02 1.610251428567306675e+01 2.128945927532818985e+02 0.000000000000000000e+00 1.000000000000000000e+00 8.093590647068884573e+04 1.127620918799134699e+02 
4.750366158729972532e-03 7.581385888698113917e-02 3.812781917032453949e-02 2.844860856342282421e-08 4.971059540913470159e-04 5.931564770518604064e+02 1.561477602026358227e+02 1.608979110665969259e+01 2.128701362931331289e+02 0.000000000000000000e+00 1.000000000000000000e+00 8.091731236688763602e+04 1.127361860720627220e+02 
4.760409596191480033e-03 7.581385888698113917e-02 3.812781917032453949e-02 2.844860856342282421e-08 4.968996979630114705e-04 5.930964151557606101e+02 1.561315228444687193e+02 1.608033316984754535e+01 2.128517243395005494e+02 0.000000000000000000e+00 1.000000000000000000e+00 8.090331527553344495e+04 1.127166849461699201e+02 
4.770452388052745865e-03 7.581385888698113917e-02 3.812781917032453949e-02 2.844860856342282421e-08 4.968075749734215648e-04 5.930766391600376437e+02 1.561265312538987473e+02 1.607608604802948804e+01 2.128433444072484804e+02 0.000000000000000000e+00 1.000000000000000000e+00 8.089694510439748410e+04 1.127078098516136606e+02 
4.780038584293920881e-03 7.581385888698113917e-02 3.812781917032453949e-02 2.844860856342282421e-08 4.968392574171952032e-04 5.930969780536055396e+02 1.561320505432497896e+02 1.607752346452520342e+01 2.128460730030230650e+02 0.000000000000000000e+00 1.000000000000000000e+00 8.089901927287183935e+04 1.127106996391786424e+02 
4.790081628963824452e-03 7.581385888698113917e-02 3.812781917032453949e-02 2.844860856342282421e-08 4.969544420260601494e-04 5.931410451582779615e+02 1.561441971888454816e+02 1.608277054418790186e+01 2.128561302235193011e+02 0.000000000000000000e+00 1.000000000000000000e+00 8.090666459594966727e+04 1.127213513098764395e+02 
4.800125296056945157e-03 7.581385888698113917e-02 3.812781917032453949e-02 2.844860856342282421e-08 4.971091365979168160e-04 5.931939667076451315e+02 1.561579237605249659e+02 1.608981071305569088e+01 2.128695845889602651e+02 0.000000000000000000e+00 1.000000000000000000e+00 8.091689293406519573e+04 1.127356017069209173e+02 
4.810169354248792183e-03 7.581385888698113917e-02 3.812781917032453949e-02 2.844860856342282421e-08 4.972510513516964275e-04 5.932418172720446137e+02 1.561699210494345493e+02 1.609626301247827485e+01 2.128818779510067429e+02 0.000000000000000000e+00 1.000000000000000000e+00 8.092623921419167891e+04 1.127486231969407982e+02 
4.820213358910149272e-03 7.581385888698113917e-02 3.812781917032453949e-02 2.844860856342282421e-08 4.973579729420846748e-04 5.932757757702875097e+02 1.561788705093743204e+02 1.610111497884908971e+01 2.128910732269430923e+02 0.000000000000000000e+00 1.000000000000000000e+00 8.093323046378509025e+04 1.127583635947862604e+02 
4.830256880951513780e-03 7.581385888698113917e-02 3.812781917032453949e-02 2.844860856342282421e-08 4.974267947325313344e-04 5.932922569728463031e+02 1.561835293125769510e+02 1.610421807113964476e+01 2.128968577207504325e+02 0.000000000000000000e+00 1.000000000000000000e+00 8.093762862030259566e+04 1.127644912252899019e+02 
4.840299769685298299e-03 7.581385888698113917e-02 3.812781917032453949e-02 2.844860856342282421e-08 4.974442372452096868e-04 5.932903051959065124e+02 1.561826919987244082e+02 1.610498113031737688e+01 2.128981688044879661e+02 0.000000000000000000e+00 1.000000000000000000e+00 8.093862550054330495e+04 1.127658801057781517e+02 
4.850342210378746216e-03 7.581385888698113917e-02 3.812781917032453949e-02 2.844860856342282421e-08 4.974221171851049041e-04 5.932799718798862614e+02 1.561797534959807479e+02 1.610394966676362927e+01 2.128960845533308373e+02 0.000000000000000000e+00 1.000000000000000000e+00 8.093704074667679379e+04 1.127636721838693745e+02 
4.860384595452486509e-03 7.581385888698113917e-02 3.812781917032453949e-02 2.844860856342282421e-08 4.974070158962909599e-04 5.932761833658153137e+02 1.561794299518078617e+02 1.610323727409858918e+01 2.128946072134554868e+02 0.000000000000000000e+00 1.000000000000000000e+00 8.093591746530623641e+04 1.127621071979115186e+02 
4.870427258778276675e-03 7.581385888698113917e-02 3.812781917032453949e-02 2.844860856342282421e-08 4.974014465782027657e-04 5.932798310941719819e+02 1.561810554788060870e+02 1.610297678859133796e+01 2.128940771770396339e+02 0.000000000000000000e+00 1.000000000000000000e+00 8.093551445904161665e+04 1.127615457186939381e+02 
4.880013725988570361e-03 7.581385888698113917e-02 3.812781917032453949e-02 2.844860856342282421e-08 4.973798019451645134e-04 5.932803970834303300e+02 1.561823885178928322e+02 1.610200411990189195e+01 2.128922794545296711e+02 0.000000000000000000e+00 1.000000000000000000e+00 8.093414759168849560e+04 1.127596413621631797e+02 
4.890056537084635710e-03 7.581385888698113917e-02 3.812781917032453949e-02 2.844860856342282421e-08 4.973296218624785256e-04 5.932685307361775813e+02 1.561800704102423936e+02 1.609975768034087551e+01 2.128881676053342460e+02 0.000000000000000000e+00 1.000000000000000000e+00 8.093102126135159051e+04 1.127552856742606195e+02 
4.900098891491238770e-03 7.581385888698113917e-02 3.812781917032453949e-02 2.844860856342282421e-08 4.972614643583676570e-04 5.932438633732006110e+02 1.561741834359623624e+02 1.609668977205825513e+01 2.128824710069338835e+02 0.000000000000000000e+00 1.000000000000000000e+00 8.092669011074650916e+04 1.127492513982047484e+02 
4.910141117068472782e-03 7.581385888698113917e-02 3.812781917032453949e-02 2.844860856342282421e-08 4.971983192215466765e-04 5.932141272725958743e+02 1.561661299786301527e+02 1.609384551665425889e+01 2.128771788227921888e+02 0.000000000000000000e+00 1.000000000000000000e+00 8.092266654205543455e+04 1.127436456535827034e+02 
4.920183855681692017e-03 7.581385888698113917e-02 3.812781917032453949e-02 2.844860856342282421e-08 4.971711601144087386e-04 5.931949544334341908e+02 1.561598035528448349e+02 1.609264488769390056e+01 2.128750523242957797e+02 0.000000000000000000e+00 1.000000000000000000e+00 8.092104982512799324e+04 1.127413931998737695e+02 
4.930227587101872894e-03 7.581385888698113917e-02 3.812781917032453949e-02 2.844860856342282421e-08 4.971851353976865836e-04 5.931937013416043101e+02 1.561578012210952409e+02 1.609333425229463188e+01 2.128766198485746486e+02 0.000000000000000000e+00 1.000000000000000000e+00 8.092224156813314767e+04 1.127430535684308808e+02 
4.940272013267995102e-03 7.581385888698113917e-02 3.812781917032453949e-02 2.844860856342282421e-08 4.972253688315996043e-04 5.932057550686395189e+02 1.561598424217463048e+02 1.609522518052954609e+01 2.128805124968320968e+02 0.000000000000000000e+00 1.000000000000000000e+00 8.092520107306051068e+04 1.127471768306650404e+02 
4.950316758560327143e-03 7.581385888698113917e-02 3.812781917032453949e-02 2.844860856342282421e-08 4.972837406903813729e-04 5.932256853877341882e+02 1.561643918186697420e+02 1.609791599414373309e+01 2.128858110101974148e+02 0.000000000000000000e+00 1.000000000000000000e+00 8.092922951690980699e+04 1.127527893674892425e+02 
4.960361549472864715e-03 7.581385888698113917e-02 3.812781917032453949e-02 2.844860856342282421e-08 4.973189923718024201e-04 5.932392130187876091e+02 1.561671708624716359e+02 1.609951111798715573e+01 2.128888125061763787e+02 0.000000000000000000e+00 1.000000000000000000e+00 8.093151158980344189e+04 1.127559688131089928e+02 
4.970406120838516406e-03 7.581385888698113917e-02 3.812781917032453949e-02 2.844860856342282421e-08 4.973233317338367253e-04 5.932451517620536379e+02 1.561682509985277534e+02 1.609965813797290934e+01 2.128888557693825874e+02 0.000000000000000000e+00 1.000000000000000000e+00 8.093154448356604553e+04 1.127560146415878819e+02 
4.980450305475305622e-03 7.581385888698113917e-02 3.812781917032453949e-02 2.844860856342282421e-08 4.972943887348029324e-04 5.932425756639522660e+02 1.561677890341997283e+02 1.609825549742231843e+01 2.128857766807396104e+02 0.000000000000000000e+00 1.000000000000000000e+00 8.092920341600311804e+04 1.127527530030007767e+02 
4.990037570557241328e-03 7.581385888698113917e-02 3.812781917032453949e-02 2.844860856342282421e-08 4.972516746126076246e-04 5.932351182085886876e+02 1.561671971443138318e+02 1.609620242394471390e+01 2.128813438783143965e+02 0.000000000000000000e+00 1.000000000000000000e+00 8.092583316328062210e+04 1.127480574758395306e+02 
5.000081008574413718e-03 7.581385888698113917e-02 3.812781917032453949e-02 2.844860856342282421e-08 4.971675394617756710e-04 5.932148500217200535e+02 1.561624854003837868e+02 1.609227748105822187e+01 2.128733973927449767e+02 0.000000000000000000e+00 1.000000000000000000e+00 8.091979163844557479e+04 1.127396402601901144e+02 
