<VTKFile type="UnstructuredGrid" byte_order="BigEndian">
<UnstructuredGrid><Piece NumberOfPoints="451" NumberOfCells="400">
<Points>
 <DataArray type="Float32" NumberOfComponents="3" format="ascii">
 0.000000000000000000e+00 0.000000000000000000e+00 0.000000000000000000e+00
 1.999999955296516418e-02 0.000000000000000000e+00 0.000000000000000000e+00
 3.999999910593032837e-02 0.000000000000000000e+00 0.000000000000000000e+00
 5.999999865889549255e-02 0.000000000000000000e+00 0.000000000000000000e+00
 7.999999821186065674e-02 0.000000000000000000e+00 0.000000000000000000e+00
 1.000000014901161194e-01 0.000000000000000000e+00 0.000000000000000000e+00
 1.199999973177909851e-01 0.000000000000000000e+00 0.000000000000000000e+00
 1.400000005960464478e-01 0.000000000000000000e+00 0.000000000000000000e+00
 1.599999964237213135e-01 0.000000000000000000e+00 0.000000000000000000e+00
 1.800000071525573730e-01 0.000000000000000000e+00 0.000000000000000000e+00
 2.000000029802322388e-01 0.000000000000000000e+00 0.000000000000000000e+00
 0.000000000000000000e+00 2.500000037252902985e-02 0.000000000000000000e+00
 1.999999955296516418e-02 2.500000037252902985e-02 0.000000000000000000e+00
 3.999999910593032837e-02 2.500000037252902985e-02 0.000000000000000000e+00
 5.999999865889549255e-02 2.500000037252902985e-02 0.000000000000000000e+00
 7.999999821186065674e-02 2.500000037252902985e-02 0.000000000000000000e+00
 1.000000014901161194e-01 2.500000037252902985e-02 0.000000000000000000e+00
 1.199999973177909851e-01 2.500000037252902985e-02 0.000000000000000000e+00
 1.400000005960464478e-01 2.500000037252902985e-02 0.000000000000000000e+00
 1.599999964237213135e-01 2.500000037252902985e-02 0.000000000000000000e+00
 1.800000071525573730e-01 2.500000037252902985e-02 0.000000000000000000e+00
 2.000000029802322388e-01 2.500000037252902985e-02 0.000000000000000000e+00
 0.000000000000000000e+00 5.000000074505805969e-02 0.000000000000000000e+00
 1.999999955296516418e-02 5.000000074505805969e-02 0.000000000000000000e+00
 3.999999910593032837e-02 5.000000074505805969e-02 0.000000000000000000e+00
 5.999999865889549255e-02 5.000000074505805969e-02 0.000000000000000000e+00
 7.999999821186065674e-02 5.000000074505805969e-02 0.000000000000000000e+00
 1.000000014901161194e-01 5.000000074505805969e-02 0.000000000000000000e+00
 1.199999973177909851e-01 5.000000074505805969e-02 0.000000000000000000e+00
 1.400000005960464478e-01 5.000000074505805969e-02 0.000000000000000000e+00
 1.599999964237213135e-01 5.000000074505805969e-02 0.000000000000000000e+00
 1.800000071525573730e-01 5.000000074505805969e-02 0.000000000000000000e+00
 2.000000029802322388e-01 5.000000074505805969e-02 0.000000000000000000e+00
 0.000000000000000000e+00 7.500000298023223877e-02 0.000000000000000000e+00
 1.999999955296516418e-02 7.500000298023223877e-02 0.000000000000000000e+00
 3.999999910593032837e-02 7.500000298023223877e-02 0.000000000000000000e+00
 5.999999865889549255e-02 7.500000298023223877e-02 0.000000000000000000e+00
 7.999999821186065674e-02 7.500000298023223877e-02 0.000000000000000000e+00
 1.000000014901161194e-01 7.500000298023223877e-02 0.000000000000000000e+00
 1.199999973177909851e-01 7.500000298023223877e-02 0.000000000000000000e+00
 1.400000005960464478e-01 7.500000298023223877e-02 0.000000000000000000e+00
 1.599999964237213135e-01 7.500000298023223877e-02 0.000000000000000000e+00
 1.800000071525573730e-01 7.500000298023223877e-02 0.000000000000000000e+00
 2.000000029802322388e-01 7.500000298023223877e-02 0.000000000000000000e+00
 0.000000000000000000e+00 1.000000014901161194e-01 0.000000000000000000e+00
 1.999999955296516418e-02 1.000000014901161194e-01 0.000000000000000000e+00
 3.999999910593032837e-02 1.000000014901161194e-01 0.000000000000000000e+00
 5.999999865889549255e-02 1.000000014901161194e-01 0.000000000000000000e+00
 7.999999821186065674e-02 1.000000014901161194e-01 0.000000000000000000e+00
 1.000000014901161194e-01 1.000000014901161194e-01 0.000000000000000000e+00
 1.199999973177909851e-01 1.000000014901161194e-01 0.000000000000000000e+00
 1.400000005960464478e-01 1.000000014901161194e-01 0.000000000000000000e+00
 1.599999964237213135e-01 1.000000014901161194e-01 0.000000000000000000e+00
 1.800000071525573730e-01 1.000000014901161194e-01 0.000000000000000000e+00
 2.000000029802322388e-01 1.000000014901161194e-01 0.000000000000000000e+00
 0.000000000000000000e+00 1.250000000000000000e-01 0.000000000000000000e+00
 1.999999955296516418e-02 1.250000000000000000e-01 0.000000000000000000e+00
 3.999999910593032837e-02 1.250000000000000000e-01 0.000000000000000000e+00
 5.999999865889549255e-02 1.250000000000000000e-01 0.000000000000000000e+00
 7.999999821186065674e-02 1.250000000000000000e-01 0.000000000000000000e+00
 1.000000014901161194e-01 1.250000000000000000e-01 0.000000000000000000e+00
 1.199999973177909851e-01 1.250000000000000000e-01 0.000000000000000000e+00
 1.400000005960464478e-01 1.250000000000000000e-01 0.000000000000000000e+00
 1.599999964237213135e-01 1.250000000000000000e-01 0.000000000000000000e+00
 1.800000071525573730e-01 1.250000000000000000e-01 0.000000000000000000e+00
 2.000000029802322388e-01 1.250000000000000000e-01 0.000000000000000000e+00
 0.000000000000000000e+00 1.500000059604644775e-01 0.000000000000000000e+00
 1.999999955296516418e-02 1.500000059604644775e-01 0.000000000000000000e+00
 3.999999910593032837e-02 1.500000059604644775e-01 0.000000000000000000e+00
 5.999999865889549255e-02 1.500000059604644775e-01 0.000000000000000000e+00
 7.999999821186065674e-02 1.500000059604644775e-01 0.000000000000000000e+00
 1.000000014901161194e-01 1.500000059604644775e-01 0.000000000000000000e+00
 1.199999973177909851e-01 1.500000059604644775e-01 0.000000000000000000e+00
 1.400000005960464478e-01 1.500000059604644775e-01 0.000000000000000000e+00
 1.599999964237213135e-01 1.500000059604644775e-01 0.000000000000000000e+00
 1.800000071525573730e-01 1.500000059604644775e-01 0.000000000000000000e+00
 2.000000029802322388e-01 1.500000059604644775e-01 0.000000000000000000e+00
 0.000000000000000000e+00 1.749999970197677612e-01 0.000000000000000000e+00
 1.999999955296516418e-02 1.749999970197677612e-01 0.000000000000000000e+00
 3.999999910593032837e-02 1.749999970197677612e-01 0.000000000000000000e+00
 5.999999865889549255e-02 1.749999970197677612e-01 0.000000000000000000e+00
 7.999999821186065674e-02 1.749999970197677612e-01 0.000000000000000000e+00
 1.000000014901161194e-01 1.749999970197677612e-01 0.000000000000000000e+00
 1.199999973177909851e-01 1.749999970197677612e-01 0.000000000000000000e+00
 1.400000005960464478e-01 1.749999970197677612e-01 0.000000000000000000e+00
 1.599999964237213135e-01 1.749999970197677612e-01 0.000000000000000000e+00
 1.800000071525573730e-01 1.749999970197677612e-01 0.000000000000000000e+00
 2.000000029802322388e-01 1.749999970197677612e-01 0.000000000000000000e+00
 0.000000000000000000e+00 2.000000029802322388e-01 0.000000000000000000e+00
 1.999999955296516418e-02 2.000000029802322388e-01 0.000000000000000000e+00
 3.999999910593032837e-02 2.000000029802322388e-01 0.000000000000000000e+00
 5.999999865889549255e-02 2.000000029802322388e-01 0.000000000000000000e+00
 7.999999821186065674e-02 2.000000029802322388e-01 0.000000000000000000e+00
 1.000000014901161194e-01 2.000000029802322388e-01 0.000000000000000000e+00
 1.199999973177909851e-01 2.000000029802322388e-01 0.000000000000000000e+00
 1.400000005960464478e-01 2.000000029802322388e-01 0.000000000000000000e+00
 1.599999964237213135e-01 2.000000029802322388e-01 0.000000000000000000e+00
 1.800000071525573730e-01 2.000000029802322388e-01 0.000000000000000000e+00
 2.000000029802322388e-01 2.000000029802322388e-01 0.000000000000000000e+00
 0.000000000000000000e+00 2.249999940395355225e-01 0.000000000000000000e+00
 1.999999955296516418e-02 2.249999940395355225e-01 0.000000000000000000e+00
 3.999999910593032837e-02 2.249999940395355225e-01 0.000000000000000000e+00
 5.999999865889549255e-02 2.249999940395355225e-01 0.000000000000000000e+00
 7.999999821186065674e-02 2.249999940395355225e-01 0.000000000000000000e+00
 1.000000014901161194e-01 2.249999940395355225e-01 0.000000000000000000e+00
 1.199999973177909851e-01 2.249999940395355225e-01 0.000000000000000000e+00
 1.400000005960464478e-01 2.249999940395355225e-01 0.000000000000000000e+00
 1.599999964237213135e-01 2.249999940395355225e-01 0.000000000000000000e+00
 1.800000071525573730e-01 2.249999940395355225e-01 0.000000000000000000e+00
 2.000000029802322388e-01 2.249999940395355225e-01 0.000000000000000000e+00
 0.000000000000000000e+00 2.500000000000000000e-01 0.000000000000000000e+00
 1.999999955296516418e-02 2.500000000000000000e-01 0.000000000000000000e+00
 3.999999910593032837e-02 2.500000000000000000e-01 0.000000000000000000e+00
 5.999999865889549255e-02 2.500000000000000000e-01 0.000000000000000000e+00
 7.999999821186065674e-02 2.500000000000000000e-01 0.000000000000000000e+00
 1.000000014901161194e-01 2.500000000000000000e-01 0.000000000000000000e+00
 1.199999973177909851e-01 2.500000000000000000e-01 0.000000000000000000e+00
 1.400000005960464478e-01 2.500000000000000000e-01 0.000000000000000000e+00
 1.599999964237213135e-01 2.500000000000000000e-01 0.000000000000000000e+00
 1.800000071525573730e-01 2.500000000000000000e-01 0.000000000000000000e+00
 2.000000029802322388e-01 2.500000000000000000e-01 0.000000000000000000e+00
 0.000000000000000000e+00 2.750000059604644775e-01 0.000000000000000000e+00
 1.999999955296516418e-02 2.750000059604644775e-01 0.000000000000000000e+00
 3.999999910593032837e-02 2.750000059604644775e-01 0.000000000000000000e+00
 5.999999865889549255e-02 2.750000059604644775e-01 0.000000000000000000e+00
 7.999999821186065674e-02 2.750000059604644775e-01 0.000000000000000000e+00
 1.000000014901161194e-01 2.750000059604644775e-01 0.000000000000000000e+00
 1.199999973177909851e-01 2.750000059604644775e-01 0.000000000000000000e+00
 1.400000005960464478e-01 2.750000059604644775e-01 0.000000000000000000e+00
 1.599999964237213135e-01 2.750000059604644775e-01 0.000000000000000000e+00
 1.800000071525573730e-01 2.750000059604644775e-01 0.000000000000000000e+00
 2.000000029802322388e-01 2.750000059604644775e-01 0.000000000000000000e+00
 0.000000000000000000e+00 3.000000119209289551e-01 0.000000000000000000e+00
 1.999999955296516418e-02 3.000000119209289551e-01 0.000000000000000000e+00
 3.999999910593032837e-02 3.000000119209289551e-01 0.000000000000000000e+00
 5.999999865889549255e-02 3.000000119209289551e-01 0.000000000000000000e+00
 7.999999821186065674e-02 3.000000119209289551e-01 0.000000000000000000e+00
 1.000000014901161194e-01 3.000000119209289551e-01 0.000000000000000000e+00
 1.199999973177909851e-01 3.000000119209289551e-01 0.000000000000000000e+00
 1.400000005960464478e-01 3.000000119209289551e-01 0.000000000000000000e+00
 1.599999964237213135e-01 3.000000119209289551e-01 0.000000000000000000e+00
 1.800000071525573730e-01 3.000000119209289551e-01 0.000000000000000000e+00
 2.000000029802322388e-01 3.000000119209289551e-01 0.000000000000000000e+00
 0.000000000000000000e+00 3.249999880790710449e-01 0.000000000000000000e+00
 1.999999955296516418e-02 3.249999880790710449e-01 0.000000000000000000e+00
 3.999999910593032837e-02 3.249999880790710449e-01 0.000000000000000000e+00
 5.999999865889549255e-02 3.249999880790710449e-01 0.000000000000000000e+00
 7.999999821186065674e-02 3.249999880790710449e-01 0.000000000000000000e+00
 1.000000014901161194e-01 3.249999880790710449e-01 0.000000000000000000e+00
 1.199999973177909851e-01 3.249999880790710449e-01 0.000000000000000000e+00
 1.400000005960464478e-01 3.249999880790710449e-01 0.000000000000000000e+00
 1.599999964237213135e-01 3.249999880790710449e-01 0.000000000000000000e+00
 1.800000071525573730e-01 3.249999880790710449e-01 0.000000000000000000e+00
 2.000000029802322388e-01 3.249999880790710449e-01 0.000000000000000000e+00
 0.000000000000000000e+00 3.499999940395355225e-01 0.000000000000000000e+00
 1.999999955296516418e-02 3.499999940395355225e-01 0.000000000000000000e+00
 3.999999910593032837e-02 3.499999940395355225e-01 0.000000000000000000e+00
 5.999999865889549255e-02 3.499999940395355225e-01 0.000000000000000000e+00
 7.999999821186065674e-02 3.499999940395355225e-01 0.000000000000000000e+00
 1.000000014901161194e-01 3.499999940395355225e-01 0.000000000000000000e+00
 1.199999973177909851e-01 3.499999940395355225e-01 0.000000000000000000e+00
 1.400000005960464478e-01 3.499999940395355225e-01 0.000000000000000000e+00
 1.599999964237213135e-01 3.499999940395355225e-01 0.000000000000000000e+00
 1.800000071525573730e-01 3.499999940395355225e-01 0.000000000000000000e+00
 2.000000029802322388e-01 3.499999940395355225e-01 0.000000000000000000e+00
 0.000000000000000000e+00 3.750000000000000000e-01 0.000000000000000000e+00
 1.999999955296516418e-02 3.750000000000000000e-01 0.000000000000000000e+00
 3.999999910593032837e-02 3.750000000000000000e-01 0.000000000000000000e+00
 5.999999865889549255e-02 3.750000000000000000e-01 0.000000000000000000e+00
 7.999999821186065674e-02 3.750000000000000000e-01 0.000000000000000000e+00
 1.000000014901161194e-01 3.750000000000000000e-01 0.000000000000000000e+00
 1.199999973177909851e-01 3.750000000000000000e-01 0.000000000000000000e+00
 1.400000005960464478e-01 3.750000000000000000e-01 0.000000000000000000e+00
 1.599999964237213135e-01 3.750000000000000000e-01 0.000000000000000000e+00
 1.800000071525573730e-01 3.750000000000000000e-01 0.000000000000000000e+00
 2.000000029802322388e-01 3.750000000000000000e-01 0.000000000000000000e+00
 0.000000000000000000e+00 4.000000059604644775e-01 0.000000000000000000e+00
 1.999999955296516418e-02 4.000000059604644775e-01 0.000000000000000000e+00
 3.999999910593032837e-02 4.000000059604644775e-01 0.000000000000000000e+00
 5.999999865889549255e-02 4.000000059604644775e-01 0.000000000000000000e+00
 7.999999821186065674e-02 4.000000059604644775e-01 0.000000000000000000e+00
 1.000000014901161194e-01 4.000000059604644775e-01 0.000000000000000000e+00
 1.199999973177909851e-01 4.000000059604644775e-01 0.000000000000000000e+00
 1.400000005960464478e-01 4.000000059604644775e-01 0.000000000000000000e+00
 1.599999964237213135e-01 4.000000059604644775e-01 0.000000000000000000e+00
 1.800000071525573730e-01 4.000000059604644775e-01 0.000000000000000000e+00
 2.000000029802322388e-01 4.000000059604644775e-01 0.000000000000000000e+00
 0.000000000000000000e+00 4.250000119209289551e-01 0.000000000000000000e+00
 1.999999955296516418e-02 4.250000119209289551e-01 0.000000000000000000e+00
 3.999999910593032837e-02 4.250000119209289551e-01 0.000000000000000000e+00
 5.999999865889549255e-02 4.250000119209289551e-01 0.000000000000000000e+00
 7.999999821186065674e-02 4.250000119209289551e-01 0.000000000000000000e+00
 1.000000014901161194e-01 4.250000119209289551e-01 0.000000000000000000e+00
 1.199999973177909851e-01 4.250000119209289551e-01 0.000000000000000000e+00
 1.400000005960464478e-01 4.250000119209289551e-01 0.000000000000000000e+00
 1.599999964237213135e-01 4.250000119209289551e-01 0.000000000000000000e+00
 1.800000071525573730e-01 4.250000119209289551e-01 0.000000000000000000e+00
 2.000000029802322388e-01 4.250000119209289551e-01 0.000000000000000000e+00
 0.000000000000000000e+00 4.499999880790710449e-01 0.000000000000000000e+00
 1.999999955296516418e-02 4.499999880790710449e-01 0.000000000000000000e+00
 3.999999910593032837e-02 4.499999880790710449e-01 0.000000000000000000e+00
 5.999999865889549255e-02 4.499999880790710449e-01 0.000000000000000000e+00
 7.999999821186065674e-02 4.499999880790710449e-01 0.000000000000000000e+00
 1.000000014901161194e-01 4.499999880790710449e-01 0.000000000000000000e+00
 1.199999973177909851e-01 4.499999880790710449e-01 0.000000000000000000e+00
 1.400000005960464478e-01 4.499999880790710449e-01 0.000000000000000000e+00
 1.599999964237213135e-01 4.499999880790710449e-01 0.000000000000000000e+00
 1.800000071525573730e-01 4.499999880790710449e-01 0.000000000000000000e+00
 2.000000029802322388e-01 4.499999880790710449e-01 0.000000000000000000e+00
 0.000000000000000000e+00 4.749999940395355225e-01 0.000000000000000000e+00
 1.999999955296516418e-02 4.749999940395355225e-01 0.000000000000000000e+00
 3.999999910593032837e-02 4.749999940395355225e-01 0.000000000000000000e+00
 5.999999865889549255e-02 4.749999940395355225e-01 0.000000000000000000e+00
 7.999999821186065674e-02 4.749999940395355225e-01 0.000000000000000000e+00
 1.000000014901161194e-01 4.749999940395355225e-01 0.000000000000000000e+00
 1.199999973177909851e-01 4.749999940395355225e-01 0.000000000000000000e+00
 1.400000005960464478e-01 4.749999940395355225e-01 0.000000000000000000e+00
 1.599999964237213135e-01 4.749999940395355225e-01 0.000000000000000000e+00
 1.800000071525573730e-01 4.749999940395355225e-01 0.000000000000000000e+00
 2.000000029802322388e-01 4.749999940395355225e-01 0.000000000000000000e+00
 0.000000000000000000e+00 5.000000000000000000e-01 0.000000000000000000e+00
 1.999999955296516418e-02 5.000000000000000000e-01 0.000000000000000000e+00
 3.999999910593032837e-02 5.000000000000000000e-01 0.000000000000000000e+00
 5.999999865889549255e-02 5.000000000000000000e-01 0.000000000000000000e+00
 7.999999821186065674e-02 5.000000000000000000e-01 0.000000000000000000e+00
 1.000000014901161194e-01 5.000000000000000000e-01 0.000000000000000000e+00
 1.199999973177909851e-01 5.000000000000000000e-01 0.000000000000000000e+00
 1.400000005960464478e-01 5.000000000000000000e-01 0.000000000000000000e+00
 1.599999964237213135e-01 5.000000000000000000e-01 0.000000000000000000e+00
 1.800000071525573730e-01 5.000000000000000000e-01 0.000000000000000000e+00
 2.000000029802322388e-01 5.000000000000000000e-01 0.000000000000000000e+00
 0.000000000000000000e+00 5.249999761581420898e-01 0.000000000000000000e+00
 1.999999955296516418e-02 5.249999761581420898e-01 0.000000000000000000e+00
 3.999999910593032837e-02 5.249999761581420898e-01 0.000000000000000000e+00
 5.999999865889549255e-02 5.249999761581420898e-01 0.000000000000000000e+00
 7.999999821186065674e-02 5.249999761581420898e-01 0.000000000000000000e+00
 1.000000014901161194e-01 5.249999761581420898e-01 0.000000000000000000e+00
 1.199999973177909851e-01 5.249999761581420898e-01 0.000000000000000000e+00
 1.400000005960464478e-01 5.249999761581420898e-01 0.000000000000000000e+00
 1.599999964237213135e-01 5.249999761581420898e-01 0.000000000000000000e+00
 1.800000071525573730e-01 5.249999761581420898e-01 0.000000000000000000e+00
 2.000000029802322388e-01 5.249999761581420898e-01 0.000000000000000000e+00
 0.000000000000000000e+00 5.500000119209289551e-01 0.000000000000000000e+00
 1.999999955296516418e-02 5.500000119209289551e-01 0.000000000000000000e+00
 3.999999910593032837e-02 5.500000119209289551e-01 0.000000000000000000e+00
 5.999999865889549255e-02 5.500000119209289551e-01 0.000000000000000000e+00
 7.999999821186065674e-02 5.500000119209289551e-01 0.000000000000000000e+00
 1.000000014901161194e-01 5.500000119209289551e-01 0.000000000000000000e+00
 1.199999973177909851e-01 5.500000119209289551e-01 0.000000000000000000e+00
 1.400000005960464478e-01 5.500000119209289551e-01 0.000000000000000000e+00
 1.599999964237213135e-01 5.500000119209289551e-01 0.000000000000000000e+00
 1.800000071525573730e-01 5.500000119209289551e-01 0.000000000000000000e+00
 2.000000029802322388e-01 5.500000119209289551e-01 0.000000000000000000e+00
 0.000000000000000000e+00 5.749999880790710449e-01 0.000000000000000000e+00
 1.999999955296516418e-02 5.749999880790710449e-01 0.000000000000000000e+00
 3.999999910593032837e-02 5.749999880790710449e-01 0.000000000000000000e+00
 5.999999865889549255e-02 5.749999880790710449e-01 0.000000000000000000e+00
 7.999999821186065674e-02 5.749999880790710449e-01 0.000000000000000000e+00
 1.000000014901161194e-01 5.749999880790710449e-01 0.000000000000000000e+00
 1.199999973177909851e-01 5.749999880790710449e-01 0.000000000000000000e+00
 1.400000005960464478e-01 5.749999880790710449e-01 0.000000000000000000e+00
 1.599999964237213135e-01 5.749999880790710449e-01 0.000000000000000000e+00
 1.800000071525573730e-01 5.749999880790710449e-01 0.000000000000000000e+00
 2.000000029802322388e-01 5.749999880790710449e-01 0.000000000000000000e+00
 0.000000000000000000e+00 6.000000238418579102e-01 0.000000000000000000e+00
 1.999999955296516418e-02 6.000000238418579102e-01 0.000000000000000000e+00
 3.999999910593032837e-02 6.000000238418579102e-01 0.000000000000000000e+00
 5.999999865889549255e-02 6.000000238418579102e-01 0.000000000000000000e+00
 7.999999821186065674e-02 6.000000238418579102e-01 0.000000000000000000e+00
 1.000000014901161194e-01 6.000000238418579102e-01 0.000000000000000000e+00
 1.199999973177909851e-01 6.000000238418579102e-01 0.000000000000000000e+00
 1.400000005960464478e-01 6.000000238418579102e-01 0.000000000000000000e+00
 1.599999964237213135e-01 6.000000238418579102e-01 0.000000000000000000e+00
 1.800000071525573730e-01 6.000000238418579102e-01 0.000000000000000000e+00
 2.000000029802322388e-01 6.000000238418579102e-01 0.000000000000000000e+00
 0.000000000000000000e+00 6.250000000000000000e-01 0.000000000000000000e+00
 1.999999955296516418e-02 6.250000000000000000e-01 0.000000000000000000e+00
 3.999999910593032837e-02 6.250000000000000000e-01 0.000000000000000000e+00
 5.999999865889549255e-02 6.250000000000000000e-01 0.000000000000000000e+00
 7.999999821186065674e-02 6.250000000000000000e-01 0.000000000000000000e+00
 1.000000014901161194e-01 6.250000000000000000e-01 0.000000000000000000e+00
 1.199999973177909851e-01 6.250000000000000000e-01 0.000000000000000000e+00
 1.400000005960464478e-01 6.250000000000000000e-01 0.000000000000000000e+00
 1.599999964237213135e-01 6.250000000000000000e-01 0.000000000000000000e+00
 1.800000071525573730e-01 6.250000000000000000e-01 0.000000000000000000e+00
 2.000000029802322388e-01 6.250000000000000000e-01 0.000000000000000000e+00
 0.000000000000000000e+00 6.499999761581420898e-01 0.000000000000000000e+00
 1.999999955296516418e-02 6.499999761581420898e-01 0.000000000000000000e+00
 3.999999910593032837e-02 6.499999761581420898e-01 0.000000000000000000e+00
 5.999999865889549255e-02 6.499999761581420898e-01 0.000000000000000000e+00
 7.999999821186065674e-02 6.499999761581420898e-01 0.000000000000000000e+00
 1.000000014901161194e-01 6.499999761581420898e-01 0.000000000000000000e+00
 1.199999973177909851e-01 6.499999761581420898e-01 0.000000000000000000e+00
 1.400000005960464478e-01 6.499999761581420898e-01 0.000000000000000000e+00
 1.599999964237213135e-01 6.499999761581420898e-01 0.000000000000000000e+00
 1.800000071525573730e-01 6.499999761581420898e-01 0.000000000000000000e+00
 2.000000029802322388e-01 6.499999761581420898e-01 0.000000000000000000e+00
 0.000000000000000000e+00 6.750000119209289551e-01 0.000000000000000000e+00
 1.999999955296516418e-02 6.750000119209289551e-01 0.000000000000000000e+00
 3.999999910593032837e-02 6.750000119209289551e-01 0.000000000000000000e+00
 5.999999865889549255e-02 6.750000119209289551e-01 0.000000000000000000e+00
 7.999999821186065674e-02 6.750000119209289551e-01 0.000000000000000000e+00
 1.000000014901161194e-01 6.750000119209289551e-01 0.000000000000000000e+00
 1.199999973177909851e-01 6.750000119209289551e-01 0.000000000000000000e+00
 1.400000005960464478e-01 6.750000119209289551e-01 0.000000000000000000e+00
 1.599999964237213135e-01 6.750000119209289551e-01 0.000000000000000000e+00
 1.800000071525573730e-01 6.750000119209289551e-01 0.000000000000000000e+00
 2.000000029802322388e-01 6.750000119209289551e-01 0.000000000000000000e+00
 0.000000000000000000e+00 6.999999880790710449e-01 0.000000000000000000e+00
 1.999999955296516418e-02 6.999999880790710449e-01 0.000000000000000000e+00
 3.999999910593032837e-02 6.999999880790710449e-01 0.000000000000000000e+00
 5.999999865889549255e-02 6.999999880790710449e-01 0.000000000000000000e+00
 7.999999821186065674e-02 6.999999880790710449e-01 0.000000000000000000e+00
 1.000000014901161194e-01 6.999999880790710449e-01 0.000000000000000000e+00
 1.199999973177909851e-01 6.999999880790710449e-01 0.000000000000000000e+00
 1.400000005960464478e-01 6.999999880790710449e-01 0.000000000000000000e+00
 1.599999964237213135e-01 6.999999880790710449e-01 0.000000000000000000e+00
 1.800000071525573730e-01 6.999999880790710449e-01 0.000000000000000000e+00
 2.000000029802322388e-01 6.999999880790710449e-01 0.000000000000000000e+00
 0.000000000000000000e+00 7.250000238418579102e-01 0.000000000000000000e+00
 1.999999955296516418e-02 7.250000238418579102e-01 0.000000000000000000e+00
 3.999999910593032837e-02 7.250000238418579102e-01 0.000000000000000000e+00
 5.999999865889549255e-02 7.250000238418579102e-01 0.000000000000000000e+00
 7.999999821186065674e-02 7.250000238418579102e-01 0.000000000000000000e+00
 1.000000014901161194e-01 7.250000238418579102e-01 0.000000000000000000e+00
 1.199999973177909851e-01 7.250000238418579102e-01 0.000000000000000000e+00
 1.400000005960464478e-01 7.250000238418579102e-01 0.000000000000000000e+00
 1.599999964237213135e-01 7.250000238418579102e-01 0.000000000000000000e+00
 1.800000071525573730e-01 7.250000238418579102e-01 0.000000000000000000e+00
 2.000000029802322388e-01 7.250000238418579102e-01 0.000000000000000000e+00
 0.000000000000000000e+00 7.500000000000000000e-01 0.000000000000000000e+00
 1.999999955296516418e-02 7.500000000000000000e-01 0.000000000000000000e+00
 3.999999910593032837e-02 7.500000000000000000e-01 0.000000000000000000e+00
 5.999999865889549255e-02 7.500000000000000000e-01 0.000000000000000000e+00
 7.999999821186065674e-02 7.500000000000000000e-01 0.000000000000000000e+00
 1.000000014901161194e-01 7.500000000000000000e-01 0.000000000000000000e+00
 1.199999973177909851e-01 7.500000000000000000e-01 0.000000000000000000e+00
 1.400000005960464478e-01 7.500000000000000000e-01 0.000000000000000000e+00
 1.599999964237213135e-01 7.500000000000000000e-01 0.000000000000000000e+00
 1.800000071525573730e-01 7.500000000000000000e-01 0.000000000000000000e+00
 2.000000029802322388e-01 7.500000000000000000e-01 0.000000000000000000e+00
 0.000000000000000000e+00 7.749999761581420898e-01 0.000000000000000000e+00
 1.999999955296516418e-02 7.749999761581420898e-01 0.000000000000000000e+00
 3.999999910593032837e-02 7.749999761581420898e-01 0.000000000000000000e+00
 5.999999865889549255e-02 7.749999761581420898e-01 0.000000000000000000e+00
 7.999999821186065674e-02 7.749999761581420898e-01 0.000000000000000000e+00
 1.000000014901161194e-01 7.749999761581420898e-01 0.000000000000000000e+00
 1.199999973177909851e-01 7.749999761581420898e-01 0.000000000000000000e+00
 1.400000005960464478e-01 7.749999761581420898e-01 0.000000000000000000e+00
 1.599999964237213135e-01 7.749999761581420898e-01 0.000000000000000000e+00
 1.800000071525573730e-01 7.749999761581420898e-01 0.000000000000000000e+00
 2.000000029802322388e-01 7.749999761581420898e-01 0.000000000000000000e+00
 0.000000000000000000e+00 8.000000119209289551e-01 0.000000000000000000e+00
 1.999999955296516418e-02 8.000000119209289551e-01 0.000000000000000000e+00
 3.999999910593032837e-02 8.000000119209289551e-01 0.000000000000000000e+00
 5.999999865889549255e-02 8.000000119209289551e-01 0.000000000000000000e+00
 7.999999821186065674e-02 8.000000119209289551e-01 0.000000000000000000e+00
 1.000000014901161194e-01 8.000000119209289551e-01 0.000000000000000000e+00
 1.199999973177909851e-01 8.000000119209289551e-01 0.000000000000000000e+00
 1.400000005960464478e-01 8.000000119209289551e-01 0.000000000000000000e+00
 1.599999964237213135e-01 8.000000119209289551e-01 0.000000000000000000e+00
 1.800000071525573730e-01 8.000000119209289551e-01 0.000000000000000000e+00
 2.000000029802322388e-01 8.000000119209289551e-01 0.000000000000000000e+00
 0.000000000000000000e+00 8.249999880790710449e-01 0.000000000000000000e+00
 1.999999955296516418e-02 8.249999880790710449e-01 0.000000000000000000e+00
 3.999999910593032837e-02 8.249999880790710449e-01 0.000000000000000000e+00
 5.999999865889549255e-02 8.249999880790710449e-01 0.000000000000000000e+00
 7.999999821186065674e-02 8.249999880790710449e-01 0.000000000000000000e+00
 1.000000014901161194e-01 8.249999880790710449e-01 0.000000000000000000e+00
 1.199999973177909851e-01 8.249999880790710449e-01 0.000000000000000000e+00
 1.400000005960464478e-01 8.249999880790710449e-01 0.000000000000000000e+00
 1.599999964237213135e-01 8.249999880790710449e-01 0.000000000000000000e+00
 1.800000071525573730e-01 8.249999880790710449e-01 0.000000000000000000e+00
 2.000000029802322388e-01 8.249999880790710449e-01 0.000000000000000000e+00
 0.000000000000000000e+00 8.500000238418579102e-01 0.000000000000000000e+00
 1.999999955296516418e-02 8.500000238418579102e-01 0.000000000000000000e+00
 3.999999910593032837e-02 8.500000238418579102e-01 0.000000000000000000e+00
 5.999999865889549255e-02 8.500000238418579102e-01 0.000000000000000000e+00
 7.999999821186065674e-02 8.500000238418579102e-01 0.000000000000000000e+00
 1.000000014901161194e-01 8.500000238418579102e-01 0.000000000000000000e+00
 1.199999973177909851e-01 8.500000238418579102e-01 0.000000000000000000e+00
 1.400000005960464478e-01 8.500000238418579102e-01 0.000000000000000000e+00
 1.599999964237213135e-01 8.500000238418579102e-01 0.000000000000000000e+00
 1.800000071525573730e-01 8.500000238418579102e-01 0.000000000000000000e+00
 2.000000029802322388e-01 8.500000238418579102e-01 0.000000000000000000e+00
 0.000000000000000000e+00 8.750000000000000000e-01 0.000000000000000000e+00
 1.999999955296516418e-02 8.750000000000000000e-01 0.000000000000000000e+00
 3.999999910593032837e-02 8.750000000000000000e-01 0.000000000000000000e+00
 5.999999865889549255e-02 8.750000000000000000e-01 0.000000000000000000e+00
 7.999999821186065674e-02 8.750000000000000000e-01 0.000000000000000000e+00
 1.000000014901161194e-01 8.750000000000000000e-01 0.000000000000000000e+00
 1.199999973177909851e-01 8.750000000000000000e-01 0.000000000000000000e+00
 1.400000005960464478e-01 8.750000000000000000e-01 0.000000000000000000e+00
 1.599999964237213135e-01 8.750000000000000000e-01 0.000000000000000000e+00
 1.800000071525573730e-01 8.750000000000000000e-01 0.000000000000000000e+00
 2.000000029802322388e-01 8.750000000000000000e-01 0.000000000000000000e+00
 0.000000000000000000e+00 8.999999761581420898e-01 0.000000000000000000e+00
 1.999999955296516418e-02 8.999999761581420898e-01 0.000000000000000000e+00
 3.999999910593032837e-02 8.999999761581420898e-01 0.000000000000000000e+00
 5.999999865889549255e-02 8.999999761581420898e-01 0.000000000000000000e+00
 7.999999821186065674e-02 8.999999761581420898e-01 0.000000000000000000e+00
 1.000000014901161194e-01 8.999999761581420898e-01 0.000000000000000000e+00
 1.199999973177909851e-01 8.999999761581420898e-01 0.000000000000000000e+00
 1.400000005960464478e-01 8.999999761581420898e-01 0.000000000000000000e+00
 1.599999964237213135e-01 8.999999761581420898e-01 0.000000000000000000e+00
 1.800000071525573730e-01 8.999999761581420898e-01 0.000000000000000000e+00
 2.000000029802322388e-01 8.999999761581420898e-01 0.000000000000000000e+00
 0.000000000000000000e+00 9.250000119209289551e-01 0.000000000000000000e+00
 1.999999955296516418e-02 9.250000119209289551e-01 0.000000000000000000e+00
 3.999999910593032837e-02 9.250000119209289551e-01 0.000000000000000000e+00
 5.999999865889549255e-02 9.250000119209289551e-01 0.000000000000000000e+00
 7.999999821186065674e-02 9.250000119209289551e-01 0.000000000000000000e+00
 1.000000014901161194e-01 9.250000119209289551e-01 0.000000000000000000e+00
 1.199999973177909851e-01 9.250000119209289551e-01 0.000000000000000000e+00
 1.400000005960464478e-01 9.250000119209289551e-01 0.000000000000000000e+00
 1.599999964237213135e-01 9.250000119209289551e-01 0.000000000000000000e+00
 1.800000071525573730e-01 9.250000119209289551e-01 0.000000000000000000e+00
 2.000000029802322388e-01 9.250000119209289551e-01 0.000000000000000000e+00
 0.000000000000000000e+00 9.499999880790710449e-01 0.000000000000000000e+00
 1.999999955296516418e-02 9.499999880790710449e-01 0.000000000000000000e+00
 3.999999910593032837e-02 9.499999880790710449e-01 0.000000000000000000e+00
 5.999999865889549255e-02 9.499999880790710449e-01 0.000000000000000000e+00
 7.999999821186065674e-02 9.499999880790710449e-01 0.000000000000000000e+00
 1.000000014901161194e-01 9.499999880790710449e-01 0.000000000000000000e+00
 1.199999973177909851e-01 9.499999880790710449e-01 0.000000000000000000e+00
 1.400000005960464478e-01 9.499999880790710449e-01 0.000000000000000000e+00
 1.599999964237213135e-01 9.499999880790710449e-01 0.000000000000000000e+00
 1.800000071525573730e-01 9.499999880790710449e-01 0.000000000000000000e+00
 2.000000029802322388e-01 9.499999880790710449e-01 0.000000000000000000e+00
 0.000000000000000000e+00 9.750000238418579102e-01 0.000000000000000000e+00
 1.999999955296516418e-02 9.750000238418579102e-01 0.000000000000000000e+00
 3.999999910593032837e-02 9.750000238418579102e-01 0.000000000000000000e+00
 5.999999865889549255e-02 9.750000238418579102e-01 0.000000000000000000e+00
 7.999999821186065674e-02 9.750000238418579102e-01 0.000000000000000000e+00
 1.000000014901161194e-01 9.750000238418579102e-01 0.000000000000000000e+00
 1.199999973177909851e-01 9.750000238418579102e-01 0.000000000000000000e+00
 1.400000005960464478e-01 9.750000238418579102e-01 0.000000000000000000e+00
 1.599999964237213135e-01 9.750000238418579102e-01 0.000000000000000000e+00
 1.800000071525573730e-01 9.750000238418579102e-01 0.000000000000000000e+00
 2.000000029802322388e-01 9.750000238418579102e-01 0.000000000000000000e+00
 0.000000000000000000e+00 1.000000000000000000e+00 0.000000000000000000e+00
 1.999999955296516418e-02 1.000000000000000000e+00 0.000000000000000000e+00
 3.999999910593032837e-02 1.000000000000000000e+00 0.000000000000000000e+00
 5.999999865889549255e-02 1.000000000000000000e+00 0.000000000000000000e+00
 7.999999821186065674e-02 1.000000000000000000e+00 0.000000000000000000e+00
 1.000000014901161194e-01 1.000000000000000000e+00 0.000000000000000000e+00
 1.199999973177909851e-01 1.000000000000000000e+00 0.000000000000000000e+00
 1.400000005960464478e-01 1.000000000000000000e+00 0.000000000000000000e+00
 1.599999964237213135e-01 1.000000000000000000e+00 0.000000000000000000e+00
 1.800000071525573730e-01 1.000000000000000000e+00 0.000000000000000000e+00
 2.000000029802322388e-01 1.000000000000000000e+00 0.000000000000000000e+00
 </DataArray>
</Points>
<Cells>
 <DataArray type="Int32" Name="connectivity" format="ascii">
 0 1 12 11
 1 2 13 12
 2 3 14 13
 3 4 15 14
 4 5 16 15
 5 6 17 16
 6 7 18 17
 7 8 19 18
 8 9 20 19
 9 10 21 20
 11 12 23 22
 12 13 24 23
 13 14 25 24
 14 15 26 25
 15 16 27 26
 16 17 28 27
 17 18 29 28
 18 19 30 29
 19 20 31 30
 20 21 32 31
 22 23 34 33
 23 24 35 34
 24 25 36 35
 25 26 37 36
 26 27 38 37
 27 28 39 38
 28 29 40 39
 29 30 41 40
 30 31 42 41
 31 32 43 42
 33 34 45 44
 34 35 46 45
 35 36 47 46
 36 37 48 47
 37 38 49 48
 38 39 50 49
 39 40 51 50
 40 41 52 51
 41 42 53 52
 42 43 54 53
 44 45 56 55
 45 46 57 56
 46 47 58 57
 47 48 59 58
 48 49 60 59
 49 50 61 60
 50 51 62 61
 51 52 63 62
 52 53 64 63
 53 54 65 64
 55 56 67 66
 56 57 68 67
 57 58 69 68
 58 59 70 69
 59 60 71 70
 60 61 72 71
 61 62 73 72
 62 63 74 73
 63 64 75 74
 64 65 76 75
 66 67 78 77
 67 68 79 78
 68 69 80 79
 69 70 81 80
 70 71 82 81
 71 72 83 82
 72 73 84 83
 73 74 85 84
 74 75 86 85
 75 76 87 86
 77 78 89 88
 78 79 90 89
 79 80 91 90
 80 81 92 91
 81 82 93 92
 82 83 94 93
 83 84 95 94
 84 85 96 95
 85 86 97 96
 86 87 98 97
 88 89 100 99
 89 90 101 100
 90 91 102 101
 91 92 103 102
 92 93 104 103
 93 94 105 104
 94 95 106 105
 95 96 107 106
 96 97 108 107
 97 98 109 108
 99 100 111 110
 100 101 112 111
 101 102 113 112
 102 103 114 113
 103 104 115 114
 104 105 116 115
 105 106 117 116
 106 107 118 117
 107 108 119 118
 108 109 120 119
 110 111 122 121
 111 112 123 122
 112 113 124 123
 113 114 125 124
 114 115 126 125
 115 116 127 126
 116 117 128 127
 117 118 129 128
 118 119 130 129
 119 120 131 130
 121 122 133 132
 122 123 134 133
 123 124 135 134
 124 125 136 135
 125 126 137 136
 126 127 138 137
 127 128 139 138
 128 129 140 139
 129 130 141 140
 130 131 142 141
 132 133 144 143
 133 134 145 144
 134 135 146 145
 135 136 147 146
 136 137 148 147
 137 138 149 148
 138 139 150 149
 139 140 151 150
 140 141 152 151
 141 142 153 152
 143 144 155 154
 144 145 156 155
 145 146 157 156
 146 147 158 157
 147 148 159 158
 148 149 160 159
 149 150 161 160
 150 151 162 161
 151 152 163 162
 152 153 164 163
 154 155 166 165
 155 156 167 166
 156 157 168 167
 157 158 169 168
 158 159 170 169
 159 160 171 170
 160 161 172 171
 161 162 173 172
 162 163 174 173
 163 164 175 174
 165 166 177 176
 166 167 178 177
 167 168 179 178
 168 169 180 179
 169 170 181 180
 170 171 182 181
 171 172 183 182
 172 173 184 183
 173 174 185 184
 174 175 186 185
 176 177 188 187
 177 178 189 188
 178 179 190 189
 179 180 191 190
 180 181 192 191
 181 182 193 192
 182 183 194 193
 183 184 195 194
 184 185 196 195
 185 186 197 196
 187 188 199 198
 188 189 200 199
 189 190 201 200
 190 191 202 201
 191 192 203 202
 192 193 204 203
 193 194 205 204
 194 195 206 205
 195 196 207 206
 196 197 208 207
 198 199 210 209
 199 200 211 210
 200 201 212 211
 201 202 213 212
 202 203 214 213
 203 204 215 214
 204 205 216 215
 205 206 217 216
 206 207 218 217
 207 208 219 218
 209 210 221 220
 210 211 222 221
 211 212 223 222
 212 213 224 223
 213 214 225 224
 214 215 226 225
 215 216 227 226
 216 217 228 227
 217 218 229 228
 218 219 230 229
 220 221 232 231
 221 222 233 232
 222 223 234 233
 223 224 235 234
 224 225 236 235
 225 226 237 236
 226 227 238 237
 227 228 239 238
 228 229 240 239
 229 230 241 240
 231 232 243 242
 232 233 244 243
 233 234 245 244
 234 235 246 245
 235 236 247 246
 236 237 248 247
 237 238 249 248
 238 239 250 249
 239 240 251 250
 240 241 252 251
 242 243 254 253
 243 244 255 254
 244 245 256 255
 245 246 257 256
 246 247 258 257
 247 248 259 258
 248 249 260 259
 249 250 261 260
 250 251 262 261
 251 252 263 262
 253 254 265 264
 254 255 266 265
 255 256 267 266
 256 257 268 267
 257 258 269 268
 258 259 270 269
 259 260 271 270
 260 261 272 271
 261 262 273 272
 262 263 274 273
 264 265 276 275
 265 266 277 276
 266 267 278 277
 267 268 279 278
 268 269 280 279
 269 270 281 280
 270 271 282 281
 271 272 283 282
 272 273 284 283
 273 274 285 284
 275 276 287 286
 276 277 288 287
 277 278 289 288
 278 279 290 289
 279 280 291 290
 280 281 292 291
 281 282 293 292
 282 283 294 293
 283 284 295 294
 284 285 296 295
 286 287 298 297
 287 288 299 298
 288 289 300 299
 289 290 301 300
 290 291 302 301
 291 292 303 302
 292 293 304 303
 293 294 305 304
 294 295 306 305
 295 296 307 306
 297 298 309 308
 298 299 310 309
 299 300 311 310
 300 301 312 311
 301 302 313 312
 302 303 314 313
 303 304 315 314
 304 305 316 315
 305 306 317 316
 306 307 318 317
 308 309 320 319
 309 310 321 320
 310 311 322 321
 311 312 323 322
 312 313 324 323
 313 314 325 324
 314 315 326 325
 315 316 327 326
 316 317 328 327
 317 318 329 328
 319 320 331 330
 320 321 332 331
 321 322 333 332
 322 323 334 333
 323 324 335 334
 324 325 336 335
 325 326 337 336
 326 327 338 337
 327 328 339 338
 328 329 340 339
 330 331 342 341
 331 332 343 342
 332 333 344 343
 333 334 345 344
 334 335 346 345
 335 336 347 346
 336 337 348 347
 337 338 349 348
 338 339 350 349
 339 340 351 350
 341 342 353 352
 342 343 354 353
 343 344 355 354
 344 345 356 355
 345 346 357 356
 346 347 358 357
 347 348 359 358
 348 349 360 359
 349 350 361 360
 350 351 362 361
 352 353 364 363
 353 354 365 364
 354 355 366 365
 355 356 367 366
 356 357 368 367
 357 358 369 368
 358 359 370 369
 359 360 371 370
 360 361 372 371
 361 362 373 372
 363 364 375 374
 364 365 376 375
 365 366 377 376
 366 367 378 377
 367 368 379 378
 368 369 380 379
 369 370 381 380
 370 371 382 381
 371 372 383 382
 372 373 384 383
 374 375 386 385
 375 376 387 386
 376 377 388 387
 377 378 389 388
 378 379 390 389
 379 380 391 390
 380 381 392 391
 381 382 393 392
 382 383 394 393
 383 384 395 394
 385 386 397 396
 386 387 398 397
 387 388 399 398
 388 389 400 399
 389 390 401 400
 390 391 402 401
 391 392 403 402
 392 393 404 403
 393 394 405 404
 394 395 406 405
 396 397 408 407
 397 398 409 408
 398 399 410 409
 399 400 411 410
 400 401 412 411
 401 402 413 412
 402 403 414 413
 403 404 415 414
 404 405 416 415
 405 406 417 416
 407 408 419 418
 408 409 420 419
 409 410 421 420
 410 411 422 421
 411 412 423 422
 412 413 424 423
 413 414 425 424
 414 415 426 425
 415 416 427 426
 416 417 428 427
 418 419 430 429
 419 420 431 430
 420 421 432 431
 421 422 433 432
 422 423 434 433
 423 424 435 434
 424 425 436 435
 425 426 437 436
 426 427 438 437
 427 428 439 438
 429 430 441 440
 430 431 442 441
 431 432 443 442
 432 433 444 443
 433 434 445 444
 434 435 446 445
 435 436 447 446
 436 437 448 447
 437 438 449 448
 438 439 450 449
 </DataArray>
 <DataArray type="Int32" Name="offsets" format="ascii">
 4
 8
 12
 16
 20
 24
 28
 32
 36
 40
 44
 48
 52
 56
 60
 64
 68
 72
 76
 80
 84
 88
 92
 96
 100
 104
 108
 112
 116
 120
 124
 128
 132
 136
 140
 144
 148
 152
 156
 160
 164
 168
 172
 176
 180
 184
 188
 192
 196
 200
 204
 208
 212
 216
 220
 224
 228
 232
 236
 240
 244
 248
 252
 256
 260
 264
 268
 272
 276
 280
 284
 288
 292
 296
 300
 304
 308
 312
 316
 320
 324
 328
 332
 336
 340
 344
 348
 352
 356
 360
 364
 368
 372
 376
 380
 384
 388
 392
 396
 400
 404
 408
 412
 416
 420
 424
 428
 432
 436
 440
 444
 448
 452
 456
 460
 464
 468
 472
 476
 480
 484
 488
 492
 496
 500
 504
 508
 512
 516
 520
 524
 528
 532
 536
 540
 544
 548
 552
 556
 560
 564
 568
 572
 576
 580
 584
 588
 592
 596
 600
 604
 608
 612
 616
 620
 624
 628
 632
 636
 640
 644
 648
 652
 656
 660
 664
 668
 672
 676
 680
 684
 688
 692
 696
 700
 704
 708
 712
 716
 720
 724
 728
 732
 736
 740
 744
 748
 752
 756
 760
 764
 768
 772
 776
 780
 784
 788
 792
 796
 800
 804
 808
 812
 816
 820
 824
 828
 832
 836
 840
 844
 848
 852
 856
 860
 864
 868
 872
 876
 880
 884
 888
 892
 896
 900
 904
 908
 912
 916
 920
 924
 928
 932
 936
 940
 944
 948
 952
 956
 960
 964
 968
 972
 976
 980
 984
 988
 992
 996
 1000
 1004
 1008
 1012
 1016
 1020
 1024
 1028
 1032
 1036
 1040
 1044
 1048
 1052
 1056
 1060
 1064
 1068
 1072
 1076
 1080
 1084
 1088
 1092
 1096
 1100
 1104
 1108
 1112
 1116
 1120
 1124
 1128
 1132
 1136
 1140
 1144
 1148
 1152
 1156
 1160
 1164
 1168
 1172
 1176
 1180
 1184
 1188
 1192
 1196
 1200
 1204
 1208
 1212
 1216
 1220
 1224
 1228
 1232
 1236
 1240
 1244
 1248
 1252
 1256
 1260
 1264
 1268
 1272
 1276
 1280
 1284
 1288
 1292
 1296
 1300
 1304
 1308
 1312
 1316
 1320
 1324
 1328
 1332
 1336
 1340
 1344
 1348
 1352
 1356
 1360
 1364
 1368
 1372
 1376
 1380
 1384
 1388
 1392
 1396
 1400
 1404
 1408
 1412
 1416
 1420
 1424
 1428
 1432
 1436
 1440
 1444
 1448
 1452
 1456
 1460
 1464
 1468
 1472
 1476
 1480
 1484
 1488
 1492
 1496
 1500
 1504
 1508
 1512
 1516
 1520
 1524
 1528
 1532
 1536
 1540
 1544
 1548
 1552
 1556
 1560
 1564
 1568
 1572
 1576
 1580
 1584
 1588
 1592
 1596
 1600
 </DataArray>
 <DataArray type="UInt8" Name="types" format="ascii">
 9
 9
 9
 9
 9
 9
 9
 9
 9
 9
 9
 9
 9
 9
 9
 9
 9
 9
 9
 9
 9
 9
 9
 9
 9
 9
 9
 9
 9
 9
 9
 9
 9
 9
 9
 9
 9
 9
 9
 9
 9
 9
 9
 9
 9
 9
 9
 9
 9
 9
 9
 9
 9
 9
 9
 9
 9
 9
 9
 9
 9
 9
 9
 9
 9
 9
 9
 9
 9
 9
 9
 9
 9
 9
 9
 9
 9
 9
 9
 9
 9
 9
 9
 9
 9
 9
 9
 9
 9
 9
 9
 9
 9
 9
 9
 9
 9
 9
 9
 9
 9
 9
 9
 9
 9
 9
 9
 9
 9
 9
 9
 9
 9
 9
 9
 9
 9
 9
 9
 9
 9
 9
 9
 9
 9
 9
 9
 9
 9
 9
 9
 9
 9
 9
 9
 9
 9
 9
 9
 9
 9
 9
 9
 9
 9
 9
 9
 9
 9
 9
 9
 9
 9
 9
 9
 9
 9
 9
 9
 9
 9
 9
 9
 9
 9
 9
 9
 9
 9
 9
 9
 9
 9
 9
 9
 9
 9
 9
 9
 9
 9
 9
 9
 9
 9
 9
 9
 9
 9
 9
 9
 9
 9
 9
 9
 9
 9
 9
 9
 9
 9
 9
 9
 9
 9
 9
 9
 9
 9
 9
 9
 9
 9
 9
 9
 9
 9
 9
 9
 9
 9
 9
 9
 9
 9
 9
 9
 9
 9
 9
 9
 9
 9
 9
 9
 9
 9
 9
 9
 9
 9
 9
 9
 9
 9
 9
 9
 9
 9
 9
 9
 9
 9
 9
 9
 9
 9
 9
 9
 9
 9
 9
 9
 9
 9
 9
 9
 9
 9
 9
 9
 9
 9
 9
 9
 9
 9
 9
 9
 9
 9
 9
 9
 9
 9
 9
 9
 9
 9
 9
 9
 9
 9
 9
 9
 9
 9
 9
 9
 9
 9
 9
 9
 9
 9
 9
 9
 9
 9
 9
 9
 9
 9
 9
 9
 9
 9
 9
 9
 9
 9
 9
 9
 9
 9
 9
 9
 9
 9
 9
 9
 9
 9
 9
 9
 9
 9
 9
 9
 9
 9
 9
 9
 9
 9
 9
 9
 9
 9
 9
 9
 9
 9
 9
 9
 9
 9
 9
 9
 9
 9
 9
 9
 9
 9
 9
 9
 9
 9
 9
 9
 9
 9
 9
 9
 9
 9
 9
 9
 9
 9
 9
 9
 9
 9
 9
 9
 9
 9
 9
 9
 9
 9
 9
 9
 9
 9
 9
 9
 9
 </DataArray>
</Cells>
<CellData>
 <DataArray Name="pos.x" type="Float32" NumberOfComponents="1" format="ascii">
 1.000000000000000194e-02
 3.000000000000000583e-02
 5.000000000000000278e-02
 7.000000000000007605e-02
 8.999999999999999667e-02
 1.099999999999999728e-01
 1.300000000000001710e-01
 1.499999999999999389e-01
 1.700000000000002343e-01
 1.899999999999997247e-01
 1.000000000000000194e-02
 3.000000000000001277e-02
 5.000000000000000278e-02
 7.000000000000003442e-02
 8.999999999999999667e-02
 1.099999999999999728e-01
 1.300000000000001710e-01
 1.499999999999999389e-01
 1.700000000000002343e-01
 1.899999999999997247e-01
 1.000000000000000194e-02
 3.000000000000000930e-02
 4.999999999999999584e-02
 7.000000000000007605e-02
 9.000000000000001055e-02
 1.100000000000000006e-01
 1.300000000000001155e-01
 1.500000000000000500e-01
 1.699999999999997069e-01
 1.900000000000002520e-01
 1.000000000000000541e-02
 3.000000000000002318e-02
 5.000000000000000278e-02
 6.999999999999999278e-02
 9.000000000000003830e-02
 1.100000000000000006e-01
 1.300000000000000877e-01
 1.499999999999999667e-01
 1.700000000000000677e-01
 1.899999999999999745e-01
 1.000000000000000194e-02
 3.000000000000000236e-02
 5.000000000000003747e-02
 6.999999999999997891e-02
 9.000000000000003830e-02
 1.099999999999999728e-01
 1.299999999999999489e-01
 1.500000000000001055e-01
 1.700000000000000677e-01
 1.900000000000001132e-01
 1.000000000000000715e-02
 3.000000000000000930e-02
 5.000000000000002359e-02
 6.999999999999999278e-02
 9.000000000000003830e-02
 1.100000000000000144e-01
 1.299999999999998934e-01
 1.500000000000001332e-01
 1.699999999999999289e-01
 1.900000000000003630e-01
 1.000000000000000368e-02
 3.000000000000001277e-02
 5.000000000000001665e-02
 6.999999999999995115e-02
 9.000000000000002442e-02
 1.100000000000000144e-01
 1.299999999999997824e-01
 1.500000000000001055e-01
 1.700000000000000122e-01
 1.900000000000000300e-01
 9.999999999999998473e-03
 3.000000000000002665e-02
 5.000000000000000278e-02
 7.000000000000000666e-02
 9.000000000000003830e-02
 1.099999999999999728e-01
 1.299999999999999489e-01
 1.500000000000002442e-01
 1.699999999999999289e-01
 1.900000000000002243e-01
 9.999999999999998473e-03
 3.000000000000000583e-02
 5.000000000000001665e-02
 6.999999999999997891e-02
 8.999999999999998279e-02
 1.100000000000000283e-01
 1.299999999999997269e-01
 1.500000000000000500e-01
 1.700000000000002065e-01
 1.899999999999999190e-01
 1.000000000000000715e-02
 3.000000000000000930e-02
 5.000000000000003053e-02
 7.000000000000000666e-02
 9.000000000000003830e-02
 1.099999999999999728e-01
 1.299999999999999767e-01
 1.500000000000002165e-01
 1.700000000000000677e-01
 1.900000000000002520e-01
 1.000000000000000194e-02
 3.000000000000000583e-02
 5.000000000000000278e-02
 7.000000000000002054e-02
 9.000000000000001055e-02
 1.099999999999999867e-01
 1.299999999999999212e-01
 1.500000000000001332e-01
 1.699999999999997069e-01
 1.900000000000003630e-01
 1.000000000000000541e-02
 3.000000000000000236e-02
 5.000000000000001665e-02
 7.000000000000002054e-02
 9.000000000000003830e-02
 1.099999999999999867e-01
 1.300000000000000044e-01
 1.500000000000000222e-01
 1.699999999999997902e-01
 1.900000000000003630e-01
 1.000000000000000021e-02
 3.000000000000000236e-02
 5.000000000000000971e-02
 6.999999999999999278e-02
 9.000000000000003830e-02
 1.100000000000000144e-01
 1.299999999999998379e-01
 1.499999999999998834e-01
 1.700000000000000677e-01
 1.900000000000001132e-01
 1.000000000000001235e-02
 3.000000000000001624e-02
 4.999999999999999584e-02
 7.000000000000000666e-02
 9.000000000000005218e-02
 1.099999999999999450e-01
 1.300000000000000877e-01
 1.500000000000000222e-01
 1.700000000000002898e-01
 1.899999999999999745e-01
 9.999999999999998473e-03
 2.999999999999999889e-02
 5.000000000000003053e-02
 7.000000000000006217e-02
 8.999999999999987177e-02
 1.100000000000000699e-01
 1.299999999999999489e-01
 1.500000000000002442e-01
 1.699999999999998457e-01
 1.899999999999997524e-01
 1.000000000000000194e-02
 3.000000000000001971e-02
 4.999999999999998196e-02
 7.000000000000006217e-02
 9.000000000000003830e-02
 1.099999999999999867e-01
 1.299999999999999212e-01
 1.500000000000001332e-01
 1.700000000000002065e-01
 1.899999999999999190e-01
 1.000000000000000194e-02
 2.999999999999999195e-02
 5.000000000000002359e-02
 7.000000000000006217e-02
 9.000000000000003830e-02
 1.099999999999999867e-01
 1.299999999999999212e-01
 1.500000000000001332e-01
 1.699999999999999289e-01
 1.900000000000003630e-01
 1.000000000000000194e-02
 3.000000000000001277e-02
 5.000000000000000971e-02
 7.000000000000003442e-02
 8.999999999999992728e-02
 1.100000000000000699e-01
 1.300000000000000044e-01
 1.500000000000001887e-01
 1.699999999999997069e-01
 1.899999999999999190e-01
 1.000000000000000194e-02
 3.000000000000000583e-02
 5.000000000000000971e-02
 7.000000000000002054e-02
 8.999999999999998279e-02
 1.100000000000000006e-01
 1.300000000000000044e-01
 1.500000000000001610e-01
 1.700000000000001787e-01
 1.900000000000000300e-01
 1.000000000000000541e-02
 3.000000000000000930e-02
 5.000000000000000278e-02
 7.000000000000006217e-02
 8.999999999999995504e-02
 1.099999999999999867e-01
 1.300000000000000322e-01
 1.500000000000002165e-01
 1.699999999999997347e-01
 1.900000000000001688e-01
 1.000000000000000194e-02
 3.000000000000000583e-02
 5.000000000000001665e-02
 7.000000000000002054e-02
 9.000000000000003830e-02
 1.099999999999999867e-01
 1.299999999999999212e-01
 1.500000000000001332e-01
 1.699999999999997902e-01
 1.900000000000003630e-01
 1.000000000000000194e-02
 3.000000000000000583e-02
 5.000000000000001665e-02
 7.000000000000002054e-02
 9.000000000000003830e-02
 1.099999999999999867e-01
 1.299999999999999212e-01
 1.500000000000001332e-01
 1.699999999999997902e-01
 1.900000000000003630e-01
 1.000000000000001582e-02
 2.999999999999998848e-02
 5.000000000000001665e-02
 7.000000000000002054e-02
 9.000000000000003830e-02
 1.099999999999999867e-01
 1.299999999999999212e-01
 1.500000000000001332e-01
 1.699999999999997902e-01
 1.900000000000003630e-01
 9.999999999999996739e-03
 3.000000000000001624e-02
 5.000000000000001665e-02
 7.000000000000002054e-02
 9.000000000000003830e-02
 1.099999999999999867e-01
 1.299999999999999212e-01
 1.500000000000001332e-01
 1.699999999999999289e-01
 1.900000000000002243e-01
 9.999999999999995004e-03
 3.000000000000001971e-02
 4.999999999999999584e-02
 7.000000000000006217e-02
 8.999999999999999667e-02
 1.099999999999999450e-01
 1.300000000000000322e-01
 1.500000000000001887e-01
 1.700000000000000677e-01
 1.899999999999998912e-01
 1.000000000000000194e-02
 2.999999999999998848e-02
 4.999999999999999584e-02
 7.000000000000006217e-02
 9.000000000000001055e-02
 1.099999999999999867e-01
 1.299999999999999212e-01
 1.500000000000001332e-01
 1.700000000000002898e-01
 1.899999999999999190e-01
 1.000000000000000194e-02
 3.000000000000002318e-02
 4.999999999999999584e-02
 7.000000000000002054e-02
 9.000000000000005218e-02
 1.099999999999999867e-01
 1.299999999999999212e-01
 1.500000000000000777e-01
 1.700000000000002898e-01
 1.899999999999997802e-01
 1.000000000000001756e-02
 3.000000000000000930e-02
 4.999999999999997502e-02
 7.000000000000004829e-02
 9.000000000000005218e-02
 1.099999999999999867e-01
 1.299999999999999212e-01
 1.500000000000000777e-01
 1.700000000000004285e-01
 1.899999999999999190e-01
 9.999999999999989800e-03
 3.000000000000000236e-02
 5.000000000000004441e-02
 7.000000000000002054e-02
 9.000000000000005218e-02
 1.099999999999999867e-01
 1.299999999999999212e-01
 1.500000000000000777e-01
 1.700000000000002898e-01
 1.900000000000000577e-01
 1.000000000000000541e-02
 3.000000000000000583e-02
 5.000000000000003747e-02
 7.000000000000006217e-02
 8.999999999999999667e-02
 1.099999999999999450e-01
 1.300000000000000322e-01
 1.500000000000003553e-01
 1.699999999999996514e-01
 1.900000000000003075e-01
 1.000000000000001582e-02
 3.000000000000001971e-02
 4.999999999999998196e-02
 7.000000000000006217e-02
 9.000000000000003830e-02
 1.099999999999999867e-01
 1.300000000000000600e-01
 1.500000000000002165e-01
 1.699999999999994293e-01
 1.900000000000003630e-01
 9.999999999999989800e-03
 3.000000000000004052e-02
 4.999999999999999584e-02
 7.000000000000003442e-02
 9.000000000000003830e-02
 1.099999999999999867e-01
 1.299999999999999767e-01
 1.500000000000003275e-01
 1.699999999999996791e-01
 1.900000000000003630e-01
 1.000000000000000194e-02
 2.999999999999999195e-02
 5.000000000000003747e-02
 7.000000000000003442e-02
 9.000000000000003830e-02
 1.099999999999999867e-01
 1.299999999999999212e-01
 1.500000000000001610e-01
 1.699999999999994293e-01
 1.900000000000003630e-01
 1.000000000000000194e-02
 2.999999999999999889e-02
 5.000000000000003747e-02
 7.000000000000006217e-02
 9.000000000000003830e-02
 1.099999999999999867e-01
 1.299999999999999212e-01
 1.500000000000003275e-01
 1.699999999999996791e-01
 1.900000000000003630e-01
 1.000000000000000368e-02
 3.000000000000002318e-02
 5.000000000000000971e-02
 7.000000000000003442e-02
 8.999999999999999667e-02
 1.099999999999998757e-01
 1.300000000000001155e-01
 1.500000000000001887e-01
 1.699999999999997902e-01
 1.900000000000001688e-01
 1.000000000000000194e-02
 3.000000000000000583e-02
 4.999999999999999584e-02
 7.000000000000006217e-02
 8.999999999999999667e-02
 1.099999999999999173e-01
 1.299999999999999489e-01
 1.500000000000000222e-01
 1.699999999999996514e-01
 1.900000000000002243e-01
 1.000000000000000541e-02
 3.000000000000002665e-02
 5.000000000000001665e-02
 6.999999999999999278e-02
 8.999999999999996891e-02
 1.099999999999998479e-01
 1.300000000000001155e-01
 1.500000000000000222e-01
 1.700000000000000400e-01
 1.900000000000002243e-01
 1.000000000000000541e-02
 2.999999999999999889e-02
 5.000000000000004441e-02
 7.000000000000006217e-02
 8.999999999999999667e-02
 1.099999999999999173e-01
 1.299999999999999489e-01
 1.500000000000000500e-01
 1.700000000000000400e-01
 1.900000000000001132e-01
 9.999999999999989800e-03
 3.000000000000003011e-02
 4.999999999999999584e-02
 7.000000000000004829e-02
 8.999999999999996891e-02
 1.099999999999998479e-01
 1.299999999999999767e-01
 1.500000000000000222e-01
 1.699999999999998179e-01
 1.900000000000004463e-01
 1.000000000000001756e-02
 2.999999999999999889e-02
 4.999999999999997502e-02
 7.000000000000011768e-02
 8.999999999999999667e-02
 1.099999999999998757e-01
 1.300000000000001155e-01
 1.500000000000004940e-01
 1.699999999999996514e-01
 1.900000000000003075e-01
 </DataArray>
 <DataArray Name="pos.y" type="Float32" NumberOfComponents="1" format="ascii">
 1.250000000000000243e-02
 1.250000000000000243e-02
 1.250000000000000243e-02
 1.250000000000000937e-02
 1.249999999999999549e-02
 1.250000000000000069e-02
 1.250000000000000243e-02
 1.250000000000000416e-02
 1.250000000000001631e-02
 1.249999999999997294e-02
 3.750000000000000555e-02
 3.750000000000001249e-02
 3.750000000000001249e-02
 3.750000000000001249e-02
 3.749999999999998473e-02
 3.749999999999999861e-02
 3.750000000000004025e-02
 3.749999999999998473e-02
 3.750000000000006800e-02
 3.749999999999990841e-02
 6.250000000000000000e-02
 6.250000000000002776e-02
 6.249999999999999306e-02
 6.250000000000002776e-02
 6.250000000000001388e-02
 6.249999999999999306e-02
 6.250000000000005551e-02
 6.249999999999997224e-02
 6.249999999999993061e-02
 6.250000000000009714e-02
 8.750000000000006384e-02
 8.750000000000004996e-02
 8.749999999999999445e-02
 8.749999999999993894e-02
 8.750000000000006384e-02
 8.749999999999999445e-02
 8.750000000000004996e-02
 8.749999999999993894e-02
 8.750000000000003608e-02
 8.750000000000004996e-02
 1.124999999999999611e-01
 1.124999999999999889e-01
 1.125000000000000583e-01
 1.124999999999999334e-01
 1.124999999999999889e-01
 1.125000000000000167e-01
 1.124999999999999473e-01
 1.124999999999999750e-01
 1.124999999999999750e-01
 1.125000000000000305e-01
 1.375000000000000666e-01
 1.375000000000000111e-01
 1.375000000000000389e-01
 1.374999999999998723e-01
 1.375000000000000389e-01
 1.374999999999999001e-01
 1.375000000000000111e-01
 1.375000000000000111e-01
 1.374999999999999833e-01
 1.375000000000001499e-01
 1.625000000000000056e-01
 1.625000000000000056e-01
 1.624999999999999500e-01
 1.625000000000000333e-01
 1.624999999999999500e-01
 1.625000000000000888e-01
 1.624999999999997280e-01
 1.625000000000001721e-01
 1.624999999999999223e-01
 1.624999999999999500e-01
 1.875000000000000833e-01
 1.875000000000003053e-01
 1.875000000000000000e-01
 1.874999999999999445e-01
 1.875000000000003053e-01
 1.875000000000000000e-01
 1.874999999999998890e-01
 1.875000000000003608e-01
 1.874999999999998057e-01
 1.875000000000003053e-01
 2.124999999999998279e-01
 2.125000000000000777e-01
 2.125000000000001055e-01
 2.124999999999999389e-01
 2.124999999999997169e-01
 2.125000000000001610e-01
 2.124999999999996891e-01
 2.125000000000000777e-01
 2.125000000000001055e-01
 2.124999999999998834e-01
 2.375000000000000722e-01
 2.374999999999999889e-01
 2.375000000000001277e-01
 2.374999999999999334e-01
 2.375000000000000444e-01
 2.374999999999999889e-01
 2.374999999999998224e-01
 2.375000000000000722e-01
 2.374999999999999334e-01
 2.375000000000001554e-01
 2.624999999999999556e-01
 2.624999999999999556e-01
 2.625000000000000666e-01
 2.625000000000002331e-01
 2.625000000000000111e-01
 2.625000000000001221e-01
 2.625000000000000666e-01
 2.625000000000001221e-01
 2.624999999999997891e-01
 2.625000000000005107e-01
 2.875000000000000888e-01
 2.875000000000000888e-01
 2.875000000000001443e-01
 2.874999999999997558e-01
 2.875000000000001443e-01
 2.874999999999999223e-01
 2.874999999999998113e-01
 2.875000000000000333e-01
 2.874999999999998668e-01
 2.875000000000000888e-01
 3.125000000000001110e-01
 3.124999999999999445e-01
 3.125000000000002220e-01
 3.124999999999997780e-01
 3.124999999999999445e-01
 3.125000000000002220e-01
 3.124999999999999445e-01
 3.124999999999996669e-01
 3.125000000000002220e-01
 3.124999999999998890e-01
 3.374999999999998002e-01
 3.375000000000000222e-01
 3.374999999999996336e-01
 3.374999999999999112e-01
 3.375000000000001332e-01
 3.374999999999998002e-01
 3.375000000000001332e-01
 3.374999999999995226e-01
 3.375000000000001332e-01
 3.374999999999998002e-01
 3.625000000000003775e-01
 3.624999999999998779e-01
 3.625000000000007105e-01
 3.624999999999995448e-01
 3.624999999999997113e-01
 3.625000000000005995e-01
 3.624999999999997113e-01
 3.625000000000008216e-01
 3.624999999999996558e-01
 3.624999999999995448e-01
 3.875000000000002331e-01
 3.874999999999990674e-01
 3.875000000000000666e-01
 3.875000000000000666e-01
 3.875000000000006772e-01
 3.875000000000000111e-01
 3.875000000000003442e-01
 3.875000000000000111e-01
 3.875000000000003442e-01
 3.875000000000003997e-01
 4.124999999999991451e-01
 4.124999999999998113e-01
 4.125000000000006994e-01
 4.125000000000001998e-01
 4.124999999999996447e-01
 4.125000000000000888e-01
 4.124999999999993117e-01
 4.125000000000000888e-01
 4.124999999999993117e-01
 4.125000000000005884e-01
 4.375000000000003331e-01
 4.374999999999997780e-01
 4.374999999999993894e-01
 4.374999999999999445e-01
 4.375000000000003886e-01
 4.375000000000003886e-01
 4.375000000000000000e-01
 4.375000000000002220e-01
 4.375000000000000000e-01
 4.374999999999995559e-01
 4.625000000000005218e-01
 4.624999999999999667e-01
 4.624999999999996336e-01
 4.625000000000000777e-01
 4.624999999999991895e-01
 4.624999999999996891e-01
 4.625000000000001332e-01
 4.625000000000005218e-01
 4.624999999999996336e-01
 4.624999999999995226e-01
 4.874999999999994893e-01
 4.875000000000000444e-01
 4.875000000000005440e-01
 4.875000000000002109e-01
 4.874999999999999889e-01
 4.875000000000003220e-01
 4.875000000000004885e-01
 4.875000000000003220e-01
 4.874999999999999334e-01
 4.875000000000007105e-01
 5.124999999999996225e-01
 5.124999999999996225e-01
 5.124999999999997335e-01
 5.124999999999996225e-01
 5.125000000000001776e-01
 5.124999999999992895e-01
 5.124999999999997335e-01
 5.124999999999992895e-01
 5.124999999999997335e-01
 5.125000000000006217e-01
 5.375000000000003109e-01
 5.375000000000003109e-01
 5.375000000000004219e-01
 5.375000000000003109e-01
 5.375000000000008660e-01
 5.375000000000011990e-01
 5.375000000000004219e-01
 5.375000000000011990e-01
 5.375000000000004219e-01
 5.375000000000014211e-01
 5.624999999999996669e-01
 5.625000000000007772e-01
 5.625000000000000000e-01
 5.624999999999997780e-01
 5.624999999999993339e-01
 5.624999999999995559e-01
 5.624999999999987788e-01
 5.624999999999995559e-01
 5.624999999999987788e-01
 5.624999999999997780e-01
 5.874999999999996891e-01
 5.875000000000006883e-01
 5.875000000000006883e-01
 5.875000000000004663e-01
 5.875000000000000222e-01
 5.875000000000001332e-01
 5.874999999999995781e-01
 5.875000000000001332e-01
 5.875000000000006883e-01
 5.875000000000005773e-01
 6.124999999999996003e-01
 6.124999999999997113e-01
 6.124999999999991562e-01
 6.124999999999997113e-01
 6.125000000000005995e-01
 6.125000000000000444e-01
 6.125000000000011546e-01
 6.125000000000005995e-01
 6.125000000000000444e-01
 6.124999999999988232e-01
 6.375000000000007327e-01
 6.375000000000011768e-01
 6.375000000000003997e-01
 6.375000000000000666e-01
 6.374999999999991784e-01
 6.375000000000003997e-01
 6.374999999999986233e-01
 6.375000000000003997e-01
 6.375000000000009548e-01
 6.374999999999997335e-01
 6.625000000000001998e-01
 6.624999999999994227e-01
 6.625000000000008660e-01
 6.625000000000005329e-01
 6.625000000000015321e-01
 6.624999999999998668e-01
 6.625000000000016431e-01
 6.624999999999998668e-01
 6.625000000000027534e-01
 6.625000000000004219e-01
 6.874999999999990008e-01
 6.874999999999992228e-01
 6.874999999999984457e-01
 6.874999999999997780e-01
 6.874999999999988898e-01
 6.874999999999994449e-01
 6.874999999999976685e-01
 6.874999999999993339e-01
 6.875000000000000000e-01
 6.874999999999976685e-01
 7.124999999999980238e-01
 7.125000000000006883e-01
 7.125000000000013545e-01
 7.124999999999971356e-01
 7.125000000000006883e-01
 7.124999999999989120e-01
 7.124999999999994671e-01
 7.125000000000000222e-01
 7.125000000000006883e-01
 7.124999999999995781e-01
 7.375000000000023759e-01
 7.375000000000012657e-01
 7.375000000000002665e-01
 7.375000000000007105e-01
 7.375000000000000444e-01
 7.375000000000015987e-01
 7.375000000000005995e-01
 7.375000000000023759e-01
 7.374999999999969358e-01
 7.375000000000005995e-01
 7.624999999999996225e-01
 7.624999999999985123e-01
 7.624999999999989564e-01
 7.624999999999996225e-01
 7.625000000000015099e-01
 7.625000000000026201e-01
 7.625000000000029532e-01
 7.625000000000001776e-01
 7.624999999999982903e-01
 7.625000000000021760e-01
 7.875000000000016431e-01
 7.874999999999977573e-01
 7.874999999999996447e-01
 7.875000000000001998e-01
 7.875000000000010880e-01
 7.874999999999974243e-01
 7.874999999999995337e-01
 7.874999999999986455e-01
 7.875000000000015321e-01
 7.875000000000017542e-01
 8.124999999999996669e-01
 8.125000000000006661e-01
 8.125000000000016653e-01
 8.125000000000019984e-01
 8.125000000000006661e-01
 8.125000000000015543e-01
 8.125000000000000000e-01
 8.125000000000002220e-01
 8.124999999999972244e-01
 8.125000000000013323e-01
 8.374999999999969136e-01
 8.374999999999981348e-01
 8.375000000000002442e-01
 8.374999999999985789e-01
 8.374999999999979128e-01
 8.374999999999988010e-01
 8.374999999999972466e-01
 8.375000000000013545e-01
 8.374999999999983569e-01
 8.374999999999986899e-01
 8.625000000000005995e-01
 8.624999999999961586e-01
 8.624999999999972689e-01
 8.625000000000019318e-01
 8.625000000000005995e-01
 8.624999999999973799e-01
 8.625000000000012657e-01
 8.625000000000005995e-01
 8.624999999999997113e-01
 8.625000000000012657e-01
 8.875000000000006217e-01
 8.875000000000006217e-01
 8.874999999999982903e-01
 8.875000000000009548e-01
 8.875000000000017319e-01
 8.875000000000001776e-01
 8.875000000000017319e-01
 8.875000000000008438e-01
 8.874999999999964029e-01
 8.875000000000000666e-01
 9.125000000000024203e-01
 9.125000000000011990e-01
 9.125000000000016431e-01
 9.125000000000000888e-01
 9.124999999999982014e-01
 9.125000000000010880e-01
 9.125000000000029754e-01
 9.125000000000017542e-01
 9.125000000000014211e-01
 9.125000000000019762e-01
 9.374999999999996669e-01
 9.374999999999996669e-01
 9.375000000000001110e-01
 9.374999999999977796e-01
 9.374999999999983347e-01
 9.374999999999967804e-01
 9.374999999999960032e-01
 9.374999999999980016e-01
 9.375000000000003331e-01
 9.374999999999967804e-01
 9.624999999999988010e-01
 9.624999999999993561e-01
 9.625000000000017986e-01
 9.625000000000014655e-01
 9.625000000000020206e-01
 9.625000000000024647e-01
 9.625000000000000222e-01
 9.625000000000010214e-01
 9.625000000000025757e-01
 9.625000000000032419e-01
 9.874999999999987121e-01
 9.875000000000013767e-01
 9.874999999999982681e-01
 9.875000000000014877e-01
 9.874999999999988232e-01
 9.874999999999978240e-01
 9.874999999999996003e-01
 9.875000000000034861e-01
 9.874999999999954925e-01
 9.874999999999996003e-01
 </DataArray>
 <DataArray Name="vol" type="Float32" NumberOfComponents="1" format="ascii">
 6.250000000000002841e-06
 6.250000000000005382e-06
 6.250000000000003688e-06
 6.250000000000001994e-06
 6.249999999999997758e-06
 6.250000000000006229e-06
 6.249999999999985053e-06
 6.250000000000018087e-06
 6.249999999999991829e-06
 6.250000000000002841e-06
 1.875000000000000852e-05
 1.875000000000001530e-05
 1.875000000000001530e-05
 1.875000000000000513e-05
 1.874999999999999158e-05
 1.875000000000001530e-05
 1.874999999999997125e-05
 1.875000000000004240e-05
 1.874999999999998480e-05
 1.875000000000000175e-05
 3.125000000000002776e-05
 3.125000000000002098e-05
 3.125000000000002776e-05
 3.125000000000000065e-05
 3.125000000000000743e-05
 3.125000000000007519e-05
 3.124999999999997355e-05
 3.125000000000001420e-05
 3.125000000000004808e-05
 3.124999999999996677e-05
 4.375000000000001311e-05
 4.375000000000003344e-05
 4.375000000000005377e-05
 4.374999999999993179e-05
 4.374999999999999278e-05
 4.375000000000011475e-05
 4.374999999999991146e-05
 4.375000000000000633e-05
 4.375000000000005377e-05
 4.374999999999991146e-05
 5.624999999999998491e-05
 5.624999999999994425e-05
 5.625000000000000524e-05
 5.625000000000001879e-05
 5.624999999999994425e-05
 5.625000000000005945e-05
 5.624999999999992392e-05
 5.625000000000003912e-05
 5.625000000000003912e-05
 5.624999999999986971e-05
 6.875000000000013967e-05
 6.875000000000012611e-05
 6.874999999999996348e-05
 6.874999999999999059e-05
 6.875000000000001769e-05
 6.875000000000001769e-05
 6.875000000000012611e-05
 6.875000000000012611e-05
 6.875000000000005835e-05
 6.875000000000001769e-05
 8.125000000000006403e-05
 8.125000000000013180e-05
 8.125000000000005048e-05
 8.125000000000015890e-05
 8.124999999999990140e-05
 8.124999999999996917e-05
 8.124999999999994206e-05
 8.125000000000015890e-05
 8.124999999999975232e-05
 8.125000000000005048e-05
 9.374999999999994774e-05
 9.375000000000006971e-05
 9.375000000000008327e-05
 9.375000000000001550e-05
 9.375000000000006971e-05
 9.375000000000008327e-05
 9.374999999999986643e-05
 9.375000000000025945e-05
 9.374999999999982577e-05
 9.375000000000006971e-05
 1.062499999999998721e-04
 1.062499999999998586e-04
 1.062499999999999399e-04
 1.062500000000000212e-04
 1.062499999999998586e-04
 1.062500000000000889e-04
 1.062499999999999399e-04
 1.062500000000002245e-04
 1.062500000000001432e-04
 1.062499999999998450e-04
 1.187500000000000946e-04
 1.187499999999999998e-04
 1.187500000000000133e-04
 1.187500000000000675e-04
 1.187499999999999184e-04
 1.187499999999999998e-04
 1.187499999999997016e-04
 1.187500000000000946e-04
 1.187500000000000675e-04
 1.187499999999997694e-04
 1.312500000000001274e-04
 1.312500000000001274e-04
 1.312500000000001545e-04
 1.312500000000002900e-04
 1.312500000000000190e-04
 1.312500000000002900e-04
 1.312500000000001545e-04
 1.312500000000002900e-04
 1.312500000000000190e-04
 1.312500000000001545e-04
 1.437500000000003499e-04
 1.437500000000003770e-04
 1.437500000000001873e-04
 1.437500000000000789e-04
 1.437500000000000789e-04
 1.437500000000002144e-04
 1.437499999999997807e-04
 1.437500000000005126e-04
 1.437500000000000518e-04
 1.437499999999999163e-04
 1.562499999999996780e-04
 1.562499999999992714e-04
 1.562499999999994340e-04
 1.562499999999995425e-04
 1.562499999999997051e-04
 1.562499999999999761e-04
 1.562499999999997051e-04
 1.562499999999998406e-04
 1.562499999999999761e-04
 1.562499999999995425e-04
 1.687500000000004968e-04
 1.687500000000013642e-04
 1.687500000000006324e-04
 1.687500000000003342e-04
 1.687499999999999276e-04
 1.687500000000001987e-04
 1.687500000000002258e-04
 1.687500000000003613e-04
 1.687500000000002258e-04
 1.687499999999994668e-04
 1.812499999999995538e-04
 1.812499999999988491e-04
 1.812499999999998520e-04
 1.812500000000000146e-04
 1.812499999999995538e-04
 1.812499999999999875e-04
 1.812499999999996894e-04
 1.812500000000004212e-04
 1.812499999999999875e-04
 1.812499999999989846e-04
 1.937500000000003185e-04
 1.937500000000006166e-04
 1.937500000000006708e-04
 1.937499999999997764e-04
 1.937500000000003456e-04
 1.937500000000003456e-04
 1.937500000000003456e-04
 1.937500000000003456e-04
 1.937500000000003456e-04
 1.937500000000000474e-04
 2.062499999999998091e-04
 2.062499999999992399e-04
 2.062499999999992941e-04
 2.062499999999998362e-04
 2.062499999999998362e-04
 2.062500000000004054e-04
 2.062499999999998362e-04
 2.062500000000004054e-04
 2.062499999999998362e-04
 2.062500000000001073e-04
 2.187499999999999232e-04
 2.187499999999998961e-04
 2.187500000000002214e-04
 2.187500000000004382e-04
 2.187500000000001943e-04
 2.187500000000001943e-04
 2.187500000000001943e-04
 2.187500000000004924e-04
 2.187500000000001943e-04
 2.187499999999995980e-04
 2.312500000000005252e-04
 2.312500000000002271e-04
 2.312500000000005252e-04
 2.312500000000008505e-04
 2.312499999999997121e-04
 2.312500000000002542e-04
 2.312500000000002813e-04
 2.312500000000005252e-04
 2.312500000000005252e-04
 2.312499999999999560e-04
 2.437499999999994738e-04
 2.437499999999997720e-04
 2.437499999999997449e-04
 2.437499999999991486e-04
 2.437499999999994738e-04
 2.437499999999997449e-04
 2.437499999999992028e-04
 2.437499999999991486e-04
 2.437499999999989046e-04
 2.437499999999991486e-04
 2.562500000000000758e-04
 2.562500000000000758e-04
 2.562500000000000758e-04
 2.562500000000001300e-04
 2.562500000000000758e-04
 2.562500000000000758e-04
 2.562500000000000758e-04
 2.562500000000000758e-04
 2.562500000000000758e-04
 2.562500000000000758e-04
 2.687500000000004339e-04
 2.687500000000004339e-04
 2.687500000000004339e-04
 2.687500000000004881e-04
 2.687500000000004339e-04
 2.687500000000010844e-04
 2.687500000000004339e-04
 2.687500000000010844e-04
 2.687500000000004339e-04
 2.687500000000004881e-04
 2.812500000000014424e-04
 2.812500000000019845e-04
 2.812500000000002498e-04
 2.812500000000002498e-04
 2.812499999999996535e-04
 2.812500000000002498e-04
 2.812499999999996535e-04
 2.812500000000002498e-04
 2.812499999999996535e-04
 2.812499999999996535e-04
 2.937499999999994694e-04
 2.937500000000000115e-04
 2.937500000000006078e-04
 2.937500000000006078e-04
 2.937500000000000115e-04
 2.937500000000006078e-04
 2.937500000000000657e-04
 2.937500000000006078e-04
 2.937500000000006078e-04
 2.937500000000000657e-04
 3.062499999999980928e-04
 3.062499999999980928e-04
 3.062499999999986349e-04
 3.062499999999986891e-04
 3.062499999999992312e-04
 3.062499999999992312e-04
 3.062499999999992312e-04
 3.062499999999992312e-04
 3.062499999999992312e-04
 3.062499999999980928e-04
 3.187500000000007276e-04
 3.187499999999995350e-04
 3.187499999999983966e-04
 3.187499999999996434e-04
 3.187499999999995892e-04
 3.187500000000007818e-04
 3.187499999999995892e-04
 3.187500000000007818e-04
 3.187500000000007818e-04
 3.187499999999995892e-04
 3.312500000000004894e-04
 3.312500000000017362e-04
 3.312500000000028204e-04
 3.312500000000017362e-04
 3.312500000000004894e-04
 3.312500000000004894e-04
 3.312500000000011399e-04
 3.312500000000010857e-04
 3.312500000000010857e-04
 3.312499999999999473e-04
 3.437500000000014437e-04
 3.437500000000031784e-04
 3.437500000000002511e-04
 3.437499999999997632e-04
 3.437499999999991669e-04
 3.437500000000003053e-04
 3.437499999999991127e-04
 3.437500000000008474e-04
 3.437499999999997090e-04
 3.437499999999985164e-04
 3.562499999999977902e-04
 3.562499999999977360e-04
 3.562500000000000670e-04
 3.562500000000001213e-04
 3.562500000000000670e-04
 3.562500000000000670e-04
 3.562500000000000670e-04
 3.562500000000012597e-04
 3.562500000000000670e-04
 3.562499999999994707e-04
 3.687499999999999372e-04
 3.687499999999987446e-04
 3.687499999999986904e-04
 3.687499999999998830e-04
 3.687499999999987446e-04
 3.687499999999998288e-04
 3.687499999999986904e-04
 3.687499999999999372e-04
 3.687499999999974977e-04
 3.687499999999986904e-04
 3.812500000000019758e-04
 3.812500000000031684e-04
 3.812499999999996447e-04
 3.812499999999985063e-04
 3.812500000000007831e-04
 3.812500000000019758e-04
 3.812500000000031142e-04
 3.812500000000030600e-04
 3.812500000000007831e-04
 3.812500000000007831e-04
 3.937499999999994607e-04
 3.937499999999994607e-04
 3.937500000000016833e-04
 3.937500000000005991e-04
 3.937500000000005449e-04
 3.937499999999994065e-04
 3.937499999999982138e-04
 3.937499999999971296e-04
 3.937500000000005991e-04
 3.937500000000005449e-04
 4.062500000000003066e-04
 4.062499999999992224e-04
 4.062499999999991682e-04
 4.062500000000015534e-04
 4.062500000000003608e-04
 4.062500000000014992e-04
 4.062500000000003608e-04
 4.062500000000015534e-04
 4.062500000000003608e-04
 4.062500000000003066e-04
 4.187499999999989299e-04
 4.187499999999977915e-04
 4.187499999999967073e-04
 4.187499999999978457e-04
 4.187499999999989841e-04
 4.187500000000001226e-04
 4.187499999999989841e-04
 4.187500000000001226e-04
 4.187499999999989841e-04
 4.187499999999989841e-04
 4.312499999999988001e-04
 4.312499999999976075e-04
 4.312500000000010769e-04
 4.312500000000022153e-04
 4.312499999999988001e-04
 4.312499999999975533e-04
 4.312499999999987459e-04
 4.312499999999988001e-04
 4.312499999999987459e-04
 4.312499999999987459e-04
 4.437500000000007844e-04
 4.437500000000007844e-04
 4.437499999999985618e-04
 4.437500000000008929e-04
 4.437500000000020313e-04
 4.437500000000020313e-04
 4.437500000000031697e-04
 4.437500000000042539e-04
 4.437500000000008929e-04
 4.437499999999996460e-04
 4.562500000000017930e-04
 4.562500000000029856e-04
 4.562500000000040698e-04
 4.562500000000005462e-04
 4.562499999999983236e-04
 4.562500000000006546e-04
 4.562499999999995162e-04
 4.562499999999995162e-04
 4.562499999999983236e-04
 4.562500000000006004e-04
 4.687500000000004705e-04
 4.687499999999981395e-04
 4.687499999999992779e-04
 4.687500000000015547e-04
 4.687500000000004163e-04
 4.687500000000004163e-04
 4.687500000000004705e-04
 4.687500000000038858e-04
 4.687500000000038316e-04
 4.687500000000004163e-04
 4.812499999999978470e-04
 4.812499999999979012e-04
 4.812500000000001781e-04
 4.812499999999990939e-04
 4.812500000000001781e-04
 4.812500000000013707e-04
 4.812499999999979555e-04
 4.812499999999990397e-04
 4.812499999999967086e-04
 4.812499999999990397e-04
 4.937499999999999398e-04
 4.937500000000011324e-04
 4.937499999999976630e-04
 4.937499999999988556e-04
 4.937499999999976630e-04
 4.937499999999976630e-04
 4.937499999999976630e-04
 4.937500000000000482e-04
 4.937499999999964704e-04
 4.937499999999976630e-04
 </DataArray>
 <DataArray Name="rho" type="Float32" NumberOfComponents="1" format="ascii">
 3.026447817579493438e-01
 3.026447817574781651e-01
 3.026447817587105127e-01
 3.026447817576397581e-01
 3.026447817595882550e-01
 3.026447817581725541e-01
 3.026447817591014222e-01
 3.026447817601111145e-01
 3.026447817561634945e-01
 3.026447817603226120e-01
 3.026447817581234268e-01
 3.026447817573399979e-01
 3.026447817591454426e-01
 3.026447817570175336e-01
 3.026447817606306434e-01
 3.026447817566539911e-01
 3.026447817607098578e-01
 3.026447817588920342e-01
 3.026447817556762176e-01
 3.026447817638240889e-01
 3.026447817585581901e-01
 3.026447817569329901e-01
 3.026447817603560853e-01
 3.026447817550151353e-01
 3.026447817641405025e-01
 3.026447817507461058e-01
 3.026447817686587216e-01
 3.026447817495117598e-01
 3.026447817584372313e-01
 3.026447817659907447e-01
 3.026447817593096445e-01
 3.026447817560503073e-01
 3.026447817627880288e-01
 3.026447817502669335e-01
 3.026447817733826096e-01
 3.026447817330195633e-01
 3.026447817985066790e-01
 3.026447817037421495e-01
 3.026447818118183641e-01
 3.026447817765970938e-01
 3.026447817605581458e-01
 3.026447817545317998e-01
 3.026447817671312768e-01
 3.026447817409785301e-01
 3.026447817937009677e-01
 3.026447816898283349e-01
 3.026447818847584625e-01
 3.026447815431658195e-01
 3.026447820686843926e-01
 3.026447814857823326e-01
 3.026447817620736558e-01
 3.026447817524028361e-01
 3.026447817731580670e-01
 3.026447817282578723e-01
 3.026447818230136866e-01
 3.026447816245253497e-01
 3.026447820312008208e-01
 3.026447812180730890e-01
 3.026447827820428760e-01
 3.026447799526679194e-01
 3.026447817640608995e-01
 3.026447817497749937e-01
 3.026447817813688324e-01
 3.026447817091689196e-01
 3.026447818727375783e-01
 3.026447814979486006e-01
 3.026447823598519826e-01
 3.026447803681007187e-01
 3.026447849930240519e-01
 3.026447740926314078e-01
 3.026447817644348226e-01
 3.026447817491553782e-01
 3.026447817833746723e-01
 3.026447817037412613e-01
 3.026447818889859698e-01
 3.026447814507076672e-01
 3.026447824979348611e-01
 3.026447799686006745e-01
 3.026447861669592787e-01
 3.026447702396675155e-01
 3.026447817605759649e-01
 3.026447817542730623e-01
 3.026447817672899832e-01
 3.026447817405180651e-01
 3.026447817922621741e-01
 3.026447816969768390e-01
 3.026447818566133097e-01
 3.026447816299982496e-01
 3.026447818169039627e-01
 3.026447821992283016e-01
 3.026447817592836653e-01
 3.026447817557771924e-01
 3.026447817630298909e-01
 3.026447817485475311e-01
 3.026447817766236836e-01
 3.026447817239903415e-01
 3.026447818132193546e-01
 3.026447816905743493e-01
 3.026447817581631727e-01
 3.026447821781846348e-01
 3.026447817585333211e-01
 3.026447817565879328e-01
 3.026447817606835455e-01
 3.026447817527004869e-01
 3.026447817684500552e-01
 3.026447817378104532e-01
 3.026447817968402343e-01
 3.026447816806663305e-01
 3.026447819168919251e-01
 3.026447813893524130e-01
 3.026447817578385435e-01
 3.026447817572759935e-01
 3.026447817584717037e-01
 3.026447817567771148e-01
 3.026447817595537271e-01
 3.026447817561415121e-01
 3.026447817587534783e-01
 3.026447817643398985e-01
 3.026447817226217696e-01
 3.026447818768487341e-01
 3.026447817576450872e-01
 3.026447817573503229e-01
 3.026447817580102395e-01
 3.026447817569887788e-01
 3.026447817589902334e-01
 3.026447817557580966e-01
 3.026447817612049063e-01
 3.026447817519800076e-01
 3.026447817711589994e-01
 3.026447817277667651e-01
 3.026447817574989263e-01
 3.026447817574296484e-01
 3.026447817576304877e-01
 3.026447817574572374e-01
 3.026447817578171162e-01
 3.026447817577411215e-01
 3.026447817573767463e-01
 3.026447817596033540e-01
 3.026447817531299211e-01
 3.026447817718746491e-01
 3.026447817574564048e-01
 3.026447817574262067e-01
 3.026447817575252941e-01
 3.026447817574421939e-01
 3.026447817576472521e-01
 3.026447817574893784e-01
 3.026447817578422628e-01
 3.026447817573946764e-01
 3.026447817586505051e-01
 3.026447817552372910e-01
 3.026447817574323684e-01
 3.026447817574281496e-01
 3.026447817574555721e-01
 3.026447817574645094e-01
 3.026447817574995924e-01
 3.026447817575830257e-01
 3.026447817574813293e-01
 3.026447817579349664e-01
 3.026447817569274390e-01
 3.026447817599066670e-01
 3.026447817574247634e-01
 3.026447817574256516e-01
 3.026447817574324795e-01
 3.026447817574451360e-01
 3.026447817574543508e-01
 3.026447817575074750e-01
 3.026447817575037003e-01
 3.026447817576131127e-01
 3.026447817575376731e-01
 3.026447817576967680e-01
 3.026447817574218768e-01
 3.026447817574235977e-01
 3.026447817574234311e-01
 3.026447817574328125e-01
 3.026447817574315913e-01
 3.026447817574660637e-01
 3.026447817574480781e-01
 3.026447817575819155e-01
 3.026447817574380861e-01
 3.026447817578771793e-01
 3.026447817574214882e-01
 3.026447817574223764e-01
 3.026447817574213772e-01
 3.026447817574257071e-01
 3.026447817574233201e-01
 3.026447817574424715e-01
 3.026447817574302035e-01
 3.026447817574972055e-01
 3.026447817574686727e-01
 3.026447817576197741e-01
 3.026447817574214327e-01
 3.026447817574220434e-01
 3.026447817574217103e-01
 3.026447817574237642e-01
 3.026447817574216548e-01
 3.026447817574303145e-01
 3.026447817574253185e-01
 3.026447817574545174e-01
 3.026447817574379195e-01
 3.026447817575521060e-01
 3.026447817574216548e-01
 3.026447817574220434e-01
 3.026447817574216548e-01
 3.026447817574224874e-01
 3.026447817574217658e-01
 3.026447817574249299e-01
 3.026447817574230981e-01
 3.026447817574350330e-01
 3.026447817574327570e-01
 3.026447817574655641e-01
 3.026447817574216548e-01
 3.026447817574216548e-01
 3.026447817574214882e-01
 3.026447817574220434e-01
 3.026447817574215438e-01
 3.026447817574227650e-01
 3.026447817574223209e-01
 3.026447817574254295e-01
 3.026447817574292598e-01
 3.026447817574277055e-01
 3.026447817574214327e-01
 3.026447817574215993e-01
 3.026447817574214882e-01
 3.026447817574217658e-01
 3.026447817574216548e-01
 3.026447817574219323e-01
 3.026447817574224319e-01
 3.026447817574229315e-01
 3.026447817574245414e-01
 3.026447817574278720e-01
 3.026447817574215993e-01
 3.026447817574215993e-01
 3.026447817574214882e-01
 3.026447817574217103e-01
 3.026447817574218213e-01
 3.026447817574218768e-01
 3.026447817574218768e-01
 3.026447817574223209e-01
 3.026447817574218768e-01
 3.026447817574258736e-01
 3.026447817574217658e-01
 3.026447817574216548e-01
 3.026447817574216548e-01
 3.026447817574215993e-01
 3.026447817574215438e-01
 3.026447817574218213e-01
 3.026447817574218768e-01
 3.026447817574223209e-01
 3.026447817574212107e-01
 3.026447817574252630e-01
 3.026447817574217658e-01
 3.026447817574217658e-01
 3.026447817574215993e-01
 3.026447817574215438e-01
 3.026447817574214327e-01
 3.026447817574215993e-01
 3.026447817574214882e-01
 3.026447817574219323e-01
 3.026447817574212662e-01
 3.026447817574227650e-01
 3.026447817574217658e-01
 3.026447817574218768e-01
 3.026447817574219878e-01
 3.026447817574218213e-01
 3.026447817574215993e-01
 3.026447817574216548e-01
 3.026447817574215993e-01
 3.026447817574219323e-01
 3.026447817574218213e-01
 3.026447817574225430e-01
 3.026447817574217658e-01
 3.026447817574215993e-01
 3.026447817574216548e-01
 3.026447817574214882e-01
 3.026447817574214882e-01
 3.026447817574214882e-01
 3.026447817574212662e-01
 3.026447817574212107e-01
 3.026447817574210997e-01
 3.026447817574214327e-01
 3.026447817574219323e-01
 3.026447817574218768e-01
 3.026447817574217658e-01
 3.026447817574218213e-01
 3.026447817574215993e-01
 3.026447817574214882e-01
 3.026447817574214882e-01
 3.026447817574215993e-01
 3.026447817574213772e-01
 3.026447817574214882e-01
 3.026447817574219323e-01
 3.026447817574218213e-01
 3.026447817574217658e-01
 3.026447817574215993e-01
 3.026447817574214882e-01
 3.026447817574212662e-01
 3.026447817574211552e-01
 3.026447817574211552e-01
 3.026447817574210442e-01
 3.026447817574213217e-01
 3.026447817574218768e-01
 3.026447817574219323e-01
 3.026447817574219878e-01
 3.026447817574217103e-01
 3.026447817574215438e-01
 3.026447817574214327e-01
 3.026447817574213217e-01
 3.026447817574213772e-01
 3.026447817574212662e-01
 3.026447817574213217e-01
 3.026447817574218213e-01
 3.026447817574217658e-01
 3.026447817574218213e-01
 3.026447817574216548e-01
 3.026447817574214882e-01
 3.026447817574212107e-01
 3.026447817574209886e-01
 3.026447817574210997e-01
 3.026447817574211552e-01
 3.026447817574211552e-01
 3.026447817574217103e-01
 3.026447817574218213e-01
 3.026447817574216548e-01
 3.026447817574218213e-01
 3.026447817574216548e-01
 3.026447817574213772e-01
 3.026447817574212107e-01
 3.026447817574211552e-01
 3.026447817574212662e-01
 3.026447817574213217e-01
 3.026447817574217103e-01
 3.026447817574215438e-01
 3.026447817574214327e-01
 3.026447817574212107e-01
 3.026447817574212107e-01
 3.026447817574211552e-01
 3.026447817574210442e-01
 3.026447817574208776e-01
 3.026447817574208221e-01
 3.026447817574209331e-01
 3.026447817574216548e-01
 3.026447817574215993e-01
 3.026447817574215993e-01
 3.026447817574216548e-01
 3.026447817574216548e-01
 3.026447817574218213e-01
 3.026447817574216548e-01
 3.026447817574216548e-01
 3.026447817574215438e-01
 3.026447817574215438e-01
 3.026447817574218213e-01
 3.026447817574215993e-01
 3.026447817574215438e-01
 3.026447817574215438e-01
 3.026447817574214327e-01
 3.026447817574212107e-01
 3.026447817574212662e-01
 3.026447817574211552e-01
 3.026447817574213217e-01
 3.026447817574212107e-01
 3.026447817574215993e-01
 3.026447817574215438e-01
 3.026447817574213217e-01
 3.026447817574213217e-01
 3.026447817574210442e-01
 3.026447817574207666e-01
 3.026447817574208221e-01
 3.026447817574208221e-01
 3.026447817574207111e-01
 3.026447817574210442e-01
 3.026447817574216548e-01
 3.026447817574214327e-01
 3.026447817574214327e-01
 3.026447817574213772e-01
 3.026447817574213772e-01
 3.026447817574210997e-01
 3.026447817574210997e-01
 3.026447817574210997e-01
 3.026447817574210442e-01
 3.026447817574212107e-01
 3.026447817574215438e-01
 3.026447817574214327e-01
 3.026447817574214327e-01
 3.026447817574214882e-01
 3.026447817574213772e-01
 3.026447817574214327e-01
 3.026447817574212662e-01
 3.026447817574212662e-01
 3.026447817574212662e-01
 3.026447817574211552e-01
 3.026447817574214882e-01
 3.026447817574215438e-01
 3.026447817574214882e-01
 3.026447817574215438e-01
 3.026447817574212662e-01
 3.026447817574212107e-01
 3.026447817574212662e-01
 3.026447817574210997e-01
 3.026447817574210997e-01
 3.026447817574212107e-01
 </DataArray>
 <DataArray Name="vel.x" type="Float32" NumberOfComponents="1" format="ascii">
 9.999999999992270432e+02
 9.999999999999173497e+02
 9.999999999981127985e+02
 9.999999999996798579e+02
 9.999999999968283646e+02
 9.999999999988961008e+02
 9.999999999975480023e+02
 9.999999999960413106e+02
 1.000000000001883564e+03
 9.999999999956630745e+02
 9.999999999989726120e+02
 1.000000000000119371e+03
 9.999999999974779712e+02
 1.000000000000588216e+03
 9.999999999953099632e+02
 1.000000000001102876e+03
 9.999999999952316330e+02
 9.999999999977429752e+02
 1.000000000002780325e+03
 9.999999999901408501e+02
 9.999999999983403995e+02
 1.000000000000710429e+03
 9.999999999957196906e+02
 1.000000000003492460e+03
 9.999999999902348691e+02
 1.000000000009619612e+03
 9.999999999838880740e+02
 1.000000000010841291e+03
 1.000000000000124714e+03
 9.999999999839777729e+02
 9.999999999972374098e+02
 1.000000000002005663e+03
 9.999999999921487870e+02
 1.000000000010462372e+03
 9.999999999766594101e+02
 1.000000000035672315e+03
 9.999999999399304897e+02
 1.000000000078531230e+03
 9.999999999203150765e+02
 9.999999999224761495e+02
 9.999999999959808292e+02
 1.000000000003657988e+03
 9.999999999876951051e+02
 1.000000000020636662e+03
 9.999999999549575023e+02
 1.000000000082345764e+03
 9.999999998494188276e+02
 1.000000000240168333e+03
 9.999999996948895387e+02
 1.000000000076489187e+03
 9.999999999966561290e+02
 1.000000000003881496e+03
 9.999999999885166062e+02
 1.000000000021900519e+03
 9.999999999528687340e+02
 1.000000000093442850e+03
 9.999999998201584503e+02
 1.000000000323909717e+03
 9.999999994782699559e+02
 1.000000000603580929e+03
 1.000000000007211270e+03
 9.999999999942648401e+02
 1.000000000021377900e+03
 9.999999999690528512e+02
 1.000000000070150804e+03
 9.999999998846551534e+02
 1.000000000206972686e+03
 9.999999996989853344e+02
 1.000000000353026849e+03
 9.999999999654315843e+02
 1.000000000013246677e+03
 9.999999999885876605e+02
 1.000000000040392365e+03
 9.999999999374385879e+02
 1.000000000139758299e+03
 9.999999997578564717e+02
 1.000000000449854724e+03
 9.999999992566620222e+02
 1.000000001166661605e+03
 9.999999992408038452e+02
 9.999999999933656909e+02
 1.000000000006626806e+03
 9.999999999788303739e+02
 1.000000000036858410e+03
 9.999999999204366077e+02
 1.000000000148233539e+03
 9.999999997196919139e+02
 1.000000000498742224e+03
 9.999999991160758555e+02
 1.000000001668321602e+03
 9.999999999952865437e+02
 1.000000000004395019e+03
 9.999999999851640951e+02
 1.000000000024920269e+03
 9.999999999438092573e+02
 1.000000000107311735e+03
 9.999999997885621497e+02
 1.000000000385775593e+03
 9.999999993174342308e+02
 1.000000001090616820e+03
 9.999999999999317879e+02
 9.999999999996609858e+02
 1.000000000000422119e+03
 9.999999999975549372e+02
 1.000000000005859647e+03
 9.999999999831384230e+02
 1.000000000042348006e+03
 9.999999998984592366e+02
 1.000000000231158992e+03
 9.999999995219976654e+02
 9.999999999987054480e+02
 1.000000000000897217e+03
 9.999999999961818276e+02
 1.000000000005047809e+03
 9.999999999872243279e+02
 1.000000000021865958e+03
 9.999999999541487341e+02
 1.000000000083760483e+03
 9.999999998471711251e+02
 1.000000000267193059e+03
 9.999999999998617568e+02
 9.999999999999148486e+02
 9.999999999997689883e+02
 9.999999999994979589e+02
 1.000000000000374826e+03
 9.999999999969039663e+02
 1.000000000006602818e+03
 9.999999999820253151e+02
 1.000000000036017695e+03
 9.999999999226065484e+02
 9.999999999998317435e+02
 1.000000000000043315e+03
 9.999999999995105782e+02
 1.000000000000278987e+03
 9.999999999986425792e+02
 1.000000000001207582e+03
 9.999999999963997652e+02
 1.000000000004636377e+03
 9.999999999893519771e+02
 1.000000000015236537e+03
 9.999999999999582769e+02
 9.999999999999836291e+02
 9.999999999998789235e+02
 9.999999999998881322e+02
 9.999999999998519797e+02
 9.999999999995169446e+02
 1.000000000000221803e+03
 9.999999999982421741e+02
 1.000000000002083425e+03
 9.999999999948397544e+02
 9.999999999999794227e+02
 9.999999999999951115e+02
 9.999999999999340616e+02
 9.999999999999668034e+02
 9.999999999998166231e+02
 9.999999999999072315e+02
 9.999999999995976623e+02
 9.999999999999199645e+02
 9.999999999992701305e+02
 9.999999999993608526e+02
 9.999999999999961346e+02
 9.999999999999940883e+02
 9.999999999999860165e+02
 9.999999999999635065e+02
 9.999999999999580496e+02
 9.999999999998626663e+02
 9.999999999999264446e+02
 9.999999999996236966e+02
 1.000000000000039563e+03
 9.999999999991484856e+02
 9.999999999999996589e+02
 9.999999999999972715e+02
 9.999999999999976126e+02
 9.999999999999839702e+02
 9.999999999999840838e+02
 9.999999999999384954e+02
 9.999999999999522515e+02
 9.999999999997841087e+02
 9.999999999999350848e+02
 9.999999999994209929e+02
 9.999999999999998863e+02
 9.999999999999986358e+02
 1.000000000000000000e+03
 9.999999999999938609e+02
 9.999999999999974989e+02
 9.999999999999687361e+02
 9.999999999999872671e+02
 9.999999999998882458e+02
 9.999999999999322426e+02
 9.999999999997055511e+02
 1.000000000000000455e+03
 9.999999999999995453e+02
 1.000000000000000000e+03
 9.999999999999972715e+02
 9.999999999999997726e+02
 9.999999999999884039e+02
 9.999999999999930651e+02
 9.999999999999560032e+02
 9.999999999999678266e+02
 9.999999999998277644e+02
 1.000000000000000000e+03
 9.999999999999992042e+02
 9.999999999999997726e+02
 9.999999999999984084e+02
 9.999999999999995453e+02
 9.999999999999940883e+02
 9.999999999999982947e+02
 9.999999999999773763e+02
 9.999999999999910187e+02
 9.999999999999180318e+02
 9.999999999999997726e+02
 9.999999999999997726e+02
 9.999999999999997726e+02
 9.999999999999986358e+02
 9.999999999999995453e+02
 9.999999999999976126e+02
 9.999999999999976126e+02
 9.999999999999947704e+02
 9.999999999999851070e+02
 9.999999999999956799e+02
 1.000000000000000227e+03
 1.000000000000000227e+03
 1.000000000000000682e+03
 1.000000000000000114e+03
 1.000000000000000455e+03
 1.000000000000000114e+03
 9.999999999999990905e+02
 9.999999999999980673e+02
 9.999999999999959073e+02
 9.999999999999904503e+02
 1.000000000000000227e+03
 1.000000000000000227e+03
 1.000000000000000455e+03
 1.000000000000000227e+03
 9.999999999999997726e+02
 9.999999999999996589e+02
 9.999999999999994316e+02
 9.999999999999987494e+02
 9.999999999999996589e+02
 9.999999999999932925e+02
 9.999999999999997726e+02
 1.000000000000000000e+03
 1.000000000000000114e+03
 1.000000000000000455e+03
 1.000000000000000568e+03
 1.000000000000000341e+03
 1.000000000000000000e+03
 9.999999999999996589e+02
 1.000000000000001251e+03
 9.999999999999959073e+02
 9.999999999999998863e+02
 9.999999999999995453e+02
 9.999999999999998863e+02
 1.000000000000000000e+03
 1.000000000000000000e+03
 9.999999999999995453e+02
 9.999999999999997726e+02
 9.999999999999988631e+02
 1.000000000000000000e+03
 9.999999999999976126e+02
 9.999999999999997726e+02
 9.999999999999998863e+02
 9.999999999999996589e+02
 9.999999999999995453e+02
 1.000000000000000114e+03
 1.000000000000000341e+03
 1.000000000000000455e+03
 1.000000000000000000e+03
 9.999999999999997726e+02
 9.999999999999992042e+02
 9.999999999999995453e+02
 9.999999999999998863e+02
 1.000000000000000000e+03
 1.000000000000000455e+03
 1.000000000000000455e+03
 1.000000000000000455e+03
 1.000000000000000909e+03
 1.000000000000000909e+03
 1.000000000000000909e+03
 1.000000000000000000e+03
 9.999999999999995453e+02
 9.999999999999996589e+02
 9.999999999999998863e+02
 9.999999999999995453e+02
 9.999999999999998863e+02
 1.000000000000000341e+03
 1.000000000000000341e+03
 9.999999999999996589e+02
 1.000000000000000114e+03
 9.999999999999995453e+02
 9.999999999999995453e+02
 9.999999999999997726e+02
 9.999999999999998863e+02
 1.000000000000000114e+03
 1.000000000000000114e+03
 1.000000000000000568e+03
 1.000000000000000796e+03
 1.000000000000001023e+03
 1.000000000000001251e+03
 1.000000000000000682e+03
 9.999999999999994316e+02
 9.999999999999994316e+02
 9.999999999999990905e+02
 9.999999999999994316e+02
 9.999999999999997726e+02
 1.000000000000000000e+03
 1.000000000000000114e+03
 1.000000000000000114e+03
 1.000000000000000341e+03
 1.000000000000000114e+03
 1.000000000000000000e+03
 9.999999999999998863e+02
 1.000000000000000000e+03
 1.000000000000000114e+03
 1.000000000000000455e+03
 1.000000000000000909e+03
 1.000000000000001705e+03
 1.000000000000001478e+03
 1.000000000000001364e+03
 1.000000000000000796e+03
 1.000000000000000000e+03
 9.999999999999997726e+02
 1.000000000000000000e+03
 9.999999999999995453e+02
 9.999999999999997726e+02
 1.000000000000000341e+03
 1.000000000000000909e+03
 1.000000000000001023e+03
 1.000000000000000682e+03
 1.000000000000000682e+03
 9.999999999999997726e+02
 1.000000000000000000e+03
 9.999999999999998863e+02
 1.000000000000000341e+03
 1.000000000000000341e+03
 1.000000000000000568e+03
 1.000000000000000682e+03
 1.000000000000001023e+03
 1.000000000000001023e+03
 1.000000000000001023e+03
 1.000000000000000000e+03
 1.000000000000000227e+03
 1.000000000000000682e+03
 1.000000000000000682e+03
 1.000000000000001023e+03
 1.000000000000000909e+03
 1.000000000000001023e+03
 1.000000000000001251e+03
 1.000000000000001251e+03
 1.000000000000001478e+03
 9.999999999999995453e+02
 9.999999999999998863e+02
 1.000000000000000114e+03
 1.000000000000000341e+03
 1.000000000000000568e+03
 1.000000000000001023e+03
 1.000000000000000909e+03
 1.000000000000001137e+03
 1.000000000000000682e+03
 1.000000000000000909e+03
 9.999999999999998863e+02
 1.000000000000000114e+03
 1.000000000000000227e+03
 1.000000000000000455e+03
 1.000000000000000455e+03
 1.000000000000001251e+03
 1.000000000000001478e+03
 1.000000000000001478e+03
 1.000000000000001933e+03
 1.000000000000000682e+03
 1.000000000000000000e+03
 1.000000000000000455e+03
 1.000000000000000227e+03
 1.000000000000000568e+03
 1.000000000000000568e+03
 1.000000000000001023e+03
 1.000000000000001023e+03
 1.000000000000001023e+03
 1.000000000000001251e+03
 1.000000000000000909e+03
 1.000000000000000568e+03
 1.000000000000000568e+03
 1.000000000000001023e+03
 1.000000000000001023e+03
 1.000000000000001251e+03
 1.000000000000001137e+03
 1.000000000000001251e+03
 1.000000000000001137e+03
 1.000000000000001819e+03
 1.000000000000001364e+03
 1.000000000000000682e+03
 1.000000000000000341e+03
 1.000000000000000455e+03
 1.000000000000000341e+03
 1.000000000000000909e+03
 1.000000000000001251e+03
 1.000000000000001137e+03
 1.000000000000001592e+03
 1.000000000000001251e+03
 1.000000000000000909e+03
 </DataArray>
 <DataArray Name="vel.y" type="Float32" NumberOfComponents="1" format="ascii">
 -1.368665973729229876e-10
 -3.531363963673587894e-11
 -3.581937581700000826e-10
 1.267390732125265014e-10
 -6.181371449310681417e-10
 5.162180658761145139e-10
 -6.503942263560068638e-10
 2.536963113947974446e-10
 1.567816351621365554e-09
 -2.856708544815685738e-09
 -3.833517408958506356e-10
 -3.854669073330058339e-11
 -1.051945941050029253e-09
 5.723743927845908007e-10
 -2.157782800117615602e-09
 2.383857704456295516e-09
 -3.419815351204659575e-09
 3.054219292760874699e-09
 1.399747758675468979e-09
 -1.087924073516433290e-08
 -6.653260493650228669e-10
 4.773990882617602103e-11
 -1.945843239165182372e-09
 1.714575776390552840e-09
 -4.988762814302328858e-09
 7.406931863232354029e-09
 -1.217843084315252688e-08
 1.721119637153009847e-08
 -6.247449006830538684e-09
 -3.504187246162413779e-08
 -9.131299730250551281e-10
 2.452179816526409523e-10
 -2.886770136192049393e-09
 3.810347857117220723e-09
 -9.856959049155628460e-09
 1.846885139248510095e-08
 -3.507714895350386167e-08
 6.283638282906961877e-08
 -9.421460663825045669e-08
 -3.497412235912549738e-08
 -1.012930674809425181e-09
 5.613898520666087234e-10
 -3.506883502093128915e-09
 6.002495029013752443e-09
 -1.521908739755314703e-08
 3.311140794596365442e-08
 -7.242900687736228692e-08
 1.559569856935470270e-07
 -3.238395744346509963e-07
 1.513927971765009297e-07
 -7.738150777222245159e-10
 7.444370395172582353e-10
 -3.267282944118684242e-09
 7.526053583672273193e-09
 -1.992610263629025197e-08
 5.187951580312682198e-08
 -1.314107299905251800e-07
 3.344839682660046180e-07
 -8.407891322297740202e-07
 9.964654444879963460e-07
 -1.567741603053927195e-10
 4.485147321501838446e-10
 -1.307133496122419541e-09
 4.607908282131646769e-09
 -1.263845357747323263e-08
 3.743861427006676529e-08
 -1.021470913426628185e-07
 2.789810740272887601e-07
 -7.580015573887118051e-07
 1.214378411041210805e-06
 7.448742390626913529e-10
 -5.358352072399198208e-10
 3.325007537473650698e-09
 -6.702084702204336171e-09
 2.002785693924511577e-08
 -5.011527120727049690e-08
 1.312501488990245392e-07
 -3.297608600791026655e-07
 8.309524452059630901e-07
 -2.427746651896873629e-06
 1.338826136010726889e-09
 -8.283459213753715686e-10
 5.264587415247170746e-09
 -9.744693399518612761e-09
 2.734127207423129782e-08
 -6.390744633308487475e-08
 1.604717158817272921e-07
 -3.939658413069000755e-07
 9.885840604917034060e-07
 -2.796642845316905867e-06
 1.034499558422300839e-09
 -2.202978828895351769e-10
 3.220514242654081730e-09
 -3.577642011479985062e-09
 1.055563938742380526e-08
 -1.857924690839800883e-08
 3.973059761924710748e-08
 -7.383635846813855494e-08
 1.376402471292374048e-07
 -3.204616389099778829e-07
 7.048900685232599238e-10
 -2.242844204897277181e-11
 2.176206346487217004e-09
 -1.797664227096803050e-09
 6.526833207567143450e-09
 -9.598785318050781494e-09
 1.952148883240460549e-08
 -2.717854814973125442e-08
 3.576859611890160590e-08
 1.177110450730951404e-08
 4.176412161528739333e-10
 8.313358293341845715e-11
 1.289508236157676203e-09
 -4.553188642683403904e-10
 3.268427070698599140e-09
 -3.367710525053064781e-09
 9.204282451124711626e-09
 -1.576065993221861249e-08
 3.496359120737292880e-08
 -7.624803975048705139e-08
 2.080275263086911493e-10
 9.745084811025988810e-11
 6.176033256768559864e-10
 3.962450797060964519e-11
 1.448047902856475235e-09
 -5.300171744545589910e-10
 2.581720448807906791e-09
 1.714890172894627711e-10
 -1.264135758767897182e-09
 1.654941647167642617e-08
 9.691832656318726704e-11
 7.099685246389917818e-11
 3.200175024651218646e-10
 1.200869463766300706e-10
 7.654576529656314417e-10
 9.250183197707734030e-11
 1.259985522737124732e-09
 -1.715040524589189658e-10
 3.034794631350283603e-09
 -2.382638549769303781e-09
 4.104879042570894413e-11
 3.760601979520371886e-11
 1.494250297696178255e-10
 1.110994801125196402e-10
 3.486257587258455166e-10
 2.620069380076796337e-10
 4.840982005138135341e-10
 6.708721357964893980e-10
 3.487300280574389926e-10
 3.133671771032068929e-09
 1.597414783752206701e-11
 1.735475305386693919e-11
 6.324296540427687802e-11
 7.046141052027249544e-11
 1.651863081623955504e-10
 1.893806755503682701e-10
 3.080626676247837228e-10
 3.716411478914024422e-10
 6.887299907301713681e-10
 4.497523312411405768e-10
 5.073989422692761377e-12
 7.116711603189808361e-12
 2.127642258089255377e-11
 3.600041425743414692e-11
 6.982845351305307344e-11
 1.298161580573699540e-10
 1.743143722967518013e-10
 3.610431310018140645e-10
 2.441539643991580908e-10
 9.880396368965178941e-10
 1.003316976151054216e-12
 2.495560600254266620e-12
 6.598032886405174719e-12
 1.548290425293259339e-11
 2.855825721558298892e-11
 6.168469354696914945e-11
 9.501685437312798312e-11
 2.084958372456329354e-10
 2.299430405318643449e-10
 3.909690098857948745e-10
 1.555202930296932740e-13
 9.668750787899741517e-13
 1.749308498528651160e-12
 5.778026970122072346e-12
 9.962114148639985241e-12
 2.937318261957157124e-11
 3.875458039634487918e-11
 1.196323555093484310e-10
 1.254186952064215206e-10
 3.371213454615202165e-10
 1.801297423305254435e-14
 4.443458242590961661e-13
 4.974245917403782739e-13
 2.022101360660015503e-12
 2.873379993437443885e-12
 1.187697533475304091e-11
 1.563880338863948643e-11
 4.527944625170984003e-11
 6.673169630024603329e-11
 1.725331102601644291e-10
 -1.984351391712275314e-13
 -3.512957965330103189e-14
 -2.918070750328591853e-14
 7.359563733013207499e-13
 8.444641534614208708e-13
 4.465471234163381472e-12
 5.774203034909947161e-12
 2.085395445575807307e-11
 2.445344745069546332e-11
 7.477372982385911215e-11
 -1.615021918334625420e-14
 7.863828016933450935e-14
 1.214428875472205689e-13
 4.470627948693822777e-13
 4.653735100984010218e-13
 1.983409868274174099e-12
 2.154916019331655185e-12
 7.016401075116964960e-12
 1.108628528900300870e-11
 2.412701806286485007e-11
 -3.435914240185973761e-14
 -3.642049941170425606e-14
 5.209094826014315463e-14
 4.148442514699040451e-13
 2.141595995767930775e-13
 5.398282583415191471e-13
 9.727412719160492218e-13
 2.049670905020787403e-12
 7.200786338360402297e-12
 8.455028813811801714e-12
 -7.437069155428010019e-14
 1.185339455471808782e-14
 -1.422763483734464766e-13
 2.122760400965142654e-14
 1.414243314421858716e-13
 2.835467468368418298e-13
 5.624784984534330556e-13
 9.500713217474613769e-13
 2.374055776657037918e-12
 5.754881027163985663e-12
 -5.770723316696785117e-14
 -1.661872122767954577e-13
 -3.463885379048985133e-13
 -3.109002219638120003e-13
 -1.658773123363657717e-13
 -1.245152054965871394e-13
 9.600701732654112095e-14
 4.869502047492993655e-13
 7.348711582874005151e-13
 2.882104972604800038e-12
 7.161354612821918218e-14
 -9.769912106394634300e-14
 -2.372017433366152630e-13
 -4.603978128828397121e-13
 -4.242982019745458972e-13
 -2.720225801552653463e-13
 -9.360290537117001241e-14
 3.038983197541345449e-13
 -3.982959884519126208e-14
 1.544844212715974634e-12
 -6.189344360304925696e-14
 8.695499744412269515e-14
 -2.043302150382791262e-14
 -4.540402860341438069e-14
 -1.807728963114333288e-13
 -2.264163853940293042e-13
 -2.063382530198510094e-13
 9.565906365744891309e-14
 2.709425888403417591e-14
 6.437417202305255884e-13
 -2.088842729808740448e-13
 -2.076149395775480267e-13
 -1.438725225415988635e-13
 -1.500409940983580757e-14
 -2.185895191353646919e-13
 -2.400446621688748859e-13
 -3.387383369664718654e-13
 -2.686453670631612060e-13
 -1.657378241051231969e-13
 2.542698097501641489e-13
 -2.451523797039787928e-14
 -9.958970813071330264e-14
 -9.421385937016091600e-14
 -2.655377799963355134e-13
 -2.234373451255099634e-13
 5.392580588740502162e-16
 3.020994149734998203e-15
 1.060807756747310403e-13
 1.525171333586046012e-13
 5.342782394701112855e-13
 7.399560471662367171e-14
 3.669081899667933446e-14
 -4.950171809778117449e-14
 -3.266586000301459907e-14
 1.087007355423438100e-13
 1.115631546423695678e-13
 1.743609811677884124e-13
 3.511056776653955351e-13
 4.808282706504097861e-13
 6.312923691504775783e-13
 1.217311314333522255e-13
 3.172068901268764100e-13
 2.873232056975957356e-13
 2.143259179768061231e-13
 1.648159074818871668e-13
 2.092617047933044313e-13
 3.582805849517846988e-13
 2.869659084042858296e-13
 3.077430566178994388e-13
 3.218737128397374191e-13
 1.732495293331228807e-13
 2.089001157328778163e-13
 4.343413393604673402e-13
 3.295578712318293545e-13
 1.959402987646410635e-13
 1.726508493884743319e-13
 2.833053475741156168e-13
 3.793163601122182202e-13
 4.238600126494963667e-13
 3.720062350614759932e-13
 -3.860729414524683723e-14
 -2.629514670543236788e-15
 3.466225018845755083e-14
 2.795317985052190508e-13
 5.274526844433230525e-13
 5.154320476773892524e-13
 3.726620310712960809e-13
 3.019159009517010276e-13
 3.386723604215871991e-13
 5.258695145288912603e-13
 -5.028124810628556862e-14
 1.375795246196275436e-14
 6.319921195139441868e-14
 2.150743656455177367e-13
 5.415446160261662105e-13
 4.754050770329354728e-13
 3.381655193061346194e-13
 2.011282697544285021e-13
 2.132609361382979949e-13
 4.320799794248237589e-13
 -7.932974944743300935e-14
 7.383748595407117882e-16
 1.259656973418554894e-13
 9.272991136946195413e-14
 1.542276192035456732e-13
 3.456977762257507135e-13
 4.897844855003881322e-13
 5.235612674339661144e-13
 4.099058015372431901e-13
 3.490636742079652536e-13
 -3.743641634449122582e-14
 -2.067963003175258515e-13
 -1.922451864399912059e-13
 -1.186871005055430527e-13
 -1.140442311883392043e-13
 1.890289158225804332e-13
 2.840607846012988762e-13
 4.387105905931325371e-13
 6.387922492523113571e-13
 3.201077838162469375e-13
 -5.176872611518450796e-14
 3.577222418796593216e-14
 9.562229737765468521e-14
 1.579170177825736946e-13
 1.241606520491481617e-13
 5.866222458158307312e-14
 2.232407084114464875e-13
 2.098741862338833840e-13
 3.732360355648310686e-13
 3.118245884581708026e-13
 8.331902494174595177e-14
 1.921726721484529460e-13
 2.652569888640626338e-13
 2.398497606242947518e-13
 1.914803872864677016e-13
 1.808384138550811060e-14
 -9.174252374200381928e-14
 -1.764746251439947805e-13
 -1.004044856167185188e-13
 1.868168867912354633e-13
 2.535039149377327358e-13
 2.504945119561304191e-13
 2.452055540039424895e-13
 1.304268483976031049e-13
 1.896017528799086636e-13
 1.524341888574823538e-13
 5.124054294526492517e-14
 2.282584104406858795e-15
 -3.944966326221560023e-14
 -1.735758424974967908e-13
 2.069696920218345584e-14
 8.622815826144577934e-15
 -3.303565837600532786e-14
 -4.543773317472089971e-14
 2.371988714309350649e-15
 7.180928598468148371e-14
 5.557715803536582279e-14
 6.933904533221864699e-14
 -6.217732083236735050e-14
 -1.061181168431457735e-13
 </DataArray>
 <DataArray Name="p" type="Float32" NumberOfComponents="1" format="ascii">
 9.584000000023395114e+04
 9.584000000002510205e+04
 9.584000000057138095e+04
 9.584000000009685755e+04
 9.584000000096045551e+04
 9.584000000033316610e+04
 9.584000000074411219e+04
 9.584000000119356264e+04
 9.583999999943895091e+04
 9.584000000129375258e+04
 9.584000000031101808e+04
 9.583999999996394035e+04
 9.584000000076371362e+04
 9.583999999982150621e+04
 9.584000000142140198e+04
 9.583999999966153700e+04
 9.584000000145405647e+04
 9.584000000065972563e+04
 9.583999999920901610e+04
 9.584000000288103183e+04
 9.584000000050089147e+04
 9.583999999978634878e+04
 9.584000000129122054e+04
 9.583999999894913344e+04
 9.584000000294642814e+04
 9.583999999708682299e+04
 9.584000000492468826e+04
 9.583999999655431020e+04
 9.584000000030992669e+04
 9.584000000409851782e+04
 9.584000000078979065e+04
 9.583999999943911098e+04
 9.584000000222329982e+04
 9.583999999710122938e+04
 9.584000000646940316e+04
 9.583999999026297883e+04
 9.584000001645655720e+04
 9.583999997804203304e+04
 9.584000002409878653e+04
 9.584000001276363037e+04
 9.584000000117413583e+04
 9.583999999893490167e+04
 9.584000000358502439e+04
 9.583999999399478838e+04
 9.584000001312172390e+04
 9.583999997581428033e+04
 9.584000004528618592e+04
 9.583999992283877509e+04
 9.584000011935090879e+04
 9.583999990733827872e+04
 9.584000000156150782e+04
 9.583999999827590364e+04
 9.584000000530717080e+04
 9.583999999007048609e+04
 9.584000002205607598e+04
 9.583999995539698284e+04
 9.584000009109916573e+04
 9.583999982037294831e+04
 9.584000034547707764e+04
 9.583999937644707097e+04
 9.584000000174957677e+04
 9.583999999780484359e+04
 9.584000000662774255e+04
 9.583999998582995613e+04
 9.584000003394174564e+04
 9.583999992145501892e+04
 9.584000018382167036e+04
 9.583999957231497683e+04
 9.584000099893611332e+04
 9.583999757874374336e+04
 9.584000000173623266e+04
 9.583999999771126022e+04
 9.584000000690402521e+04
 9.583999998460014467e+04
 9.584000003806165478e+04
 9.583999990832015465e+04
 9.584000022291684581e+04
 9.583999945959873730e+04
 9.584000132599919743e+04
 9.583999643673254468e+04
 9.584000000121962512e+04
 9.583999999878249946e+04
 9.584000000378277036e+04
 9.583999999354696774e+04
 9.584000001312945096e+04
 9.583999997729688766e+04
 9.584000003764957364e+04
 9.583999994739094109e+04
 9.584000004796852591e+04
 9.584000004234262451e+04
 9.584000000075409480e+04
 9.583999999934234074e+04
 9.584000000224953692e+04
 9.583999999648441735e+04
 9.584000000757230737e+04
 9.583999998684927414e+04
 9.584000002236856380e+04
 9.583999996993102832e+04
 9.584000002208062506e+04
 9.584000006687901623e+04
 9.584000000041454041e+04
 9.583999999970871431e+04
 9.584000000118509342e+04
 9.583999999837674841e+04
 9.584000000378472032e+04
 9.583999999359207868e+04
 9.584000001245620660e+04
 9.583999997669778531e+04
 9.584000004718152923e+04
 9.583999989053080208e+04
 9.584000000020622974e+04
 9.583999999991404184e+04
 9.584000000053698022e+04
 9.583999999958537228e+04
 9.584000000125047518e+04
 9.583999999878823292e+04
 9.584000000206803088e+04
 9.583999999959769775e+04
 9.583999999319597555e+04
 9.584000003058642324e+04
 9.584000000009020732e+04
 9.583999999997728446e+04
 9.584000000023134635e+04
 9.583999999986130570e+04
 9.584000000057026045e+04
 9.583999999954237137e+04
 9.584000000106710650e+04
 9.583999999889386527e+04
 9.584000000324344728e+04
 9.583999999318063783e+04
 9.584000000003803871e+04
 9.583999999999965075e+04
 9.584000000010539952e+04
 9.583999999999262218e+04
 9.584000000022974564e+04
 9.584000000002331217e+04
 9.584000000023895700e+04
 9.584000000041317253e+04
 9.583999999929901969e+04
 9.584000000381025893e+04
 9.584000000001459557e+04
 9.584000000000283762e+04
 9.584000000004323374e+04
 9.584000000001434819e+04
 9.584000000008771894e+04
 9.584000000005534093e+04
 9.584000000013064709e+04
 9.584000000010720396e+04
 9.584000000028684735e+04
 9.583999999958694389e+04
 9.584000000000504951e+04
 9.584000000000254659e+04
 9.584000000001610897e+04
 9.584000000001698209e+04
 9.584000000003918831e+04
 9.584000000006245682e+04
 9.584000000004658068e+04
 9.584000000018859282e+04
 9.583999999986596231e+04
 9.584000000091889524e+04
 9.584000000000132422e+04
 9.584000000000171713e+04
 9.584000000000475848e+04
 9.584000000001039007e+04
 9.584000000001442095e+04
 9.584000000003793684e+04
 9.584000000003563764e+04
 9.584000000008581264e+04
 9.584000000004873436e+04
 9.584000000012722739e+04
 9.584000000000007276e+04
 9.584000000000084401e+04
 9.584000000000080036e+04
 9.584000000000494765e+04
 9.584000000000427826e+04
 9.584000000001981971e+04
 9.584000000001140870e+04
 9.584000000007171184e+04
 9.584000000000583532e+04
 9.584000000020512380e+04
 9.583999999999998545e+04
 9.584000000000042201e+04
 9.584000000000001455e+04
 9.584000000000189175e+04
 9.584000000000085856e+04
 9.584000000000928412e+04
 9.584000000000404543e+04
 9.584000000003329478e+04
 9.584000000002255547e+04
 9.584000000008480856e+04
 9.583999999999992724e+04
 9.584000000000016007e+04
 9.583999999999997090e+04
 9.584000000000087311e+04
 9.583999999999995634e+04
 9.584000000000368163e+04
 9.584000000000164437e+04
 9.584000000001414446e+04
 9.584000000000774162e+04
 9.584000000005638867e+04
 9.583999999999995634e+04
 9.584000000000010186e+04
 9.583999999999994179e+04
 9.584000000000033469e+04
 9.583999999999998545e+04
 9.584000000000146974e+04
 9.584000000000046566e+04
 9.584000000000602449e+04
 9.584000000000410364e+04
 9.584000000002079469e+04
 9.584000000000002910e+04
 9.584000000000002910e+04
 9.584000000000004366e+04
 9.584000000000026193e+04
 9.584000000000000000e+04
 9.584000000000055297e+04
 9.584000000000050932e+04
 9.584000000000161526e+04
 9.584000000000392902e+04
 9.584000000000202272e+04
 9.583999999999995634e+04
 9.584000000000000000e+04
 9.583999999999991269e+04
 9.584000000000008731e+04
 9.584000000000001455e+04
 9.584000000000014552e+04
 9.584000000000034925e+04
 9.584000000000064028e+04
 9.584000000000123691e+04
 9.584000000000305590e+04
 9.584000000000001455e+04
 9.584000000000000000e+04
 9.583999999999994179e+04
 9.584000000000002910e+04
 9.584000000000010186e+04
 9.584000000000017462e+04
 9.584000000000021828e+04
 9.584000000000043656e+04
 9.584000000000024738e+04
 9.584000000000193540e+04
 9.584000000000007276e+04
 9.584000000000000000e+04
 9.583999999999997090e+04
 9.583999999999998545e+04
 9.583999999999994179e+04
 9.584000000000004366e+04
 9.584000000000007276e+04
 9.584000000000024738e+04
 9.583999999999975262e+04
 9.584000000000145519e+04
 9.584000000000007276e+04
 9.584000000000010186e+04
 9.584000000000004366e+04
 9.583999999999998545e+04
 9.583999999999997090e+04
 9.584000000000005821e+04
 9.583999999999998545e+04
 9.584000000000018917e+04
 9.583999999999988358e+04
 9.584000000000056752e+04
 9.584000000000004366e+04
 9.584000000000011642e+04
 9.584000000000010186e+04
 9.584000000000010186e+04
 9.583999999999995634e+04
 9.583999999999991269e+04
 9.583999999999988358e+04
 9.584000000000004366e+04
 9.584000000000001455e+04
 9.584000000000027649e+04
 9.584000000000007276e+04
 9.584000000000004366e+04
 9.584000000000002910e+04
 9.583999999999998545e+04
 9.584000000000002910e+04
 9.584000000000004366e+04
 9.583999999999994179e+04
 9.583999999999995634e+04
 9.583999999999995634e+04
 9.584000000000013097e+04
 9.584000000000013097e+04
 9.584000000000011642e+04
 9.584000000000008731e+04
 9.584000000000010186e+04
 9.584000000000007276e+04
 9.583999999999998545e+04
 9.583999999999998545e+04
 9.584000000000001455e+04
 9.583999999999995634e+04
 9.583999999999998545e+04
 9.584000000000013097e+04
 9.584000000000007276e+04
 9.584000000000008731e+04
 9.584000000000004366e+04
 9.584000000000004366e+04
 9.583999999999997090e+04
 9.583999999999989814e+04
 9.583999999999983993e+04
 9.583999999999983993e+04
 9.583999999999992724e+04
 9.584000000000007276e+04
 9.584000000000013097e+04
 9.584000000000013097e+04
 9.584000000000007276e+04
 9.583999999999998545e+04
 9.583999999999992724e+04
 9.583999999999988358e+04
 9.583999999999989814e+04
 9.583999999999985448e+04
 9.583999999999988358e+04
 9.584000000000005821e+04
 9.584000000000002910e+04
 9.584000000000010186e+04
 9.584000000000008731e+04
 9.584000000000002910e+04
 9.583999999999992724e+04
 9.583999999999981083e+04
 9.583999999999986903e+04
 9.583999999999985448e+04
 9.583999999999994179e+04
 9.583999999999997090e+04
 9.584000000000005821e+04
 9.584000000000000000e+04
 9.584000000000013097e+04
 9.584000000000002910e+04
 9.583999999999991269e+04
 9.583999999999981083e+04
 9.583999999999982538e+04
 9.583999999999986903e+04
 9.583999999999991269e+04
 9.584000000000004366e+04
 9.584000000000004366e+04
 9.584000000000005821e+04
 9.583999999999995634e+04
 9.583999999999991269e+04
 9.583999999999994179e+04
 9.583999999999991269e+04
 9.583999999999986903e+04
 9.583999999999982538e+04
 9.583999999999983993e+04
 9.584000000000000000e+04
 9.583999999999994179e+04
 9.583999999999992724e+04
 9.583999999999994179e+04
 9.583999999999985448e+04
 9.583999999999994179e+04
 9.583999999999991269e+04
 9.583999999999989814e+04
 9.583999999999983993e+04
 9.583999999999978172e+04
 9.584000000000013097e+04
 9.584000000000001455e+04
 9.583999999999997090e+04
 9.583999999999989814e+04
 9.583999999999986903e+04
 9.583999999999979627e+04
 9.583999999999982538e+04
 9.583999999999979627e+04
 9.583999999999991269e+04
 9.583999999999985448e+04
 9.584000000000004366e+04
 9.584000000000000000e+04
 9.583999999999992724e+04
 9.583999999999991269e+04
 9.583999999999983993e+04
 9.583999999999970896e+04
 9.583999999999976717e+04
 9.583999999999981083e+04
 9.583999999999979627e+04
 9.583999999999997090e+04
 9.584000000000007276e+04
 9.583999999999992724e+04
 9.583999999999995634e+04
 9.583999999999991269e+04
 9.583999999999991269e+04
 9.583999999999979627e+04
 9.583999999999976717e+04
 9.583999999999976717e+04
 9.583999999999976717e+04
 9.583999999999985448e+04
 9.583999999999994179e+04
 9.583999999999991269e+04
 9.583999999999986903e+04
 9.583999999999992724e+04
 9.583999999999991269e+04
 9.583999999999989814e+04
 9.583999999999988358e+04
 9.583999999999982538e+04
 9.583999999999975262e+04
 9.583999999999979627e+04
 9.583999999999991269e+04
 9.583999999999994179e+04
 9.583999999999994179e+04
 9.583999999999997090e+04
 9.583999999999986903e+04
 9.583999999999985448e+04
 9.583999999999986903e+04
 9.583999999999982538e+04
 9.583999999999982538e+04
 9.583999999999989814e+04
 </DataArray>
 <DataArray Name="a" type="Float32" NumberOfComponents="1" format="ascii">
 6.658414467812067414e+02
 6.658414467809994903e+02
 6.658414467815414355e+02
 6.658414467810709994e+02
 6.658414467819275160e+02
 6.658414467813057627e+02
 6.658414467817115110e+02
 6.658414467821620519e+02
 6.658414467804095693e+02
 6.658414467822774441e+02
 6.658414467812829116e+02
 6.658414467809390089e+02
 6.658414467817311788e+02
 6.658414467807990604e+02
 6.658414467823819223e+02
 6.658414467806431958e+02
 6.658414467824082976e+02
 6.658414467816487559e+02
 6.658414467801469527e+02
 6.658414467839394320e+02
 6.658414467814642421e+02
 6.658414467807698429e+02
 6.658414467822318557e+02
 6.658414467799713066e+02
 6.658414467838185828e+02
 6.658414467781983603e+02
 6.658414467857202226e+02
 6.658414467777063237e+02
 6.658414467809338930e+02
 6.658414467857852514e+02
 6.658414467816411388e+02
 6.658414467805346248e+02
 6.658414467827943781e+02
 6.658414467787754347e+02
 6.658414467858897297e+02
 6.658414467739941074e+02
 6.658414467929447937e+02
 6.658414467637483085e+02
 6.658414468048483741e+02
 6.658414468042179806e+02
 6.658414467816028264e+02
 6.658414467804535661e+02
 6.658414467827468570e+02
 6.658414467782021120e+02
 6.658414467866469977e+02
 6.658414467713154181e+02
 6.658414467982104270e+02
 6.658414467486279591e+02
 6.658414468531645980e+02
 6.658414467579077609e+02
 6.658414467812813200e+02
 6.658414467805063168e+02
 6.658414467820994105e+02
 6.658414467785635225e+02
 6.658414467854372560e+02
 6.658414467722273002e+02
 6.658414467962594472e+02
 6.658414467503054084e+02
 6.658414468539408517e+02
 6.658414466002275276e+02
 6.658414467797485941e+02
 6.658414467817607374e+02
 6.658414467776545962e+02
 6.658414467848316463e+02
 6.658414467720265293e+02
 6.658414467935618859e+02
 6.658414467568221653e+02
 6.658414468236248922e+02
 6.658414466917074606e+02
 6.658414468017829222e+02
 6.658414467792908908e+02
 6.658414467821172593e+02
 6.658414467764077926e+02
 6.658414467865302413e+02
 6.658414467684640385e+02
 6.658414467999019735e+02
 6.658414467407311577e+02
 6.658414468715460544e+02
 6.658414465364577381e+02
 6.658414470731692063e+02
 6.658414467817412969e+02
 6.658414467802087984e+02
 6.658414467832591299e+02
 6.658414467771531235e+02
 6.658414467882565759e+02
 6.658414467686019407e+02
 6.658414468026437589e+02
 6.658414467383962574e+02
 6.658414468821705441e+02
 6.658414464420566219e+02
 6.658414467815456419e+02
 6.658414467804989272e+02
 6.658414467826194141e+02
 6.658414467785241868e+02
 6.658414467861555295e+02
 6.658414467720683660e+02
 6.658414467972969533e+02
 6.658414467500580258e+02
 6.658414468568605571e+02
 6.658414465504378086e+02
 6.658414467811916211e+02
 6.658414467808797781e+02
 6.658414467815030093e+02
 6.658414467805292816e+02
 6.658414467819898164e+02
 6.658414467802882655e+02
 6.658414467808819381e+02
 6.658414467844629598e+02
 6.658414467694462928e+02
 6.658414468055999578e+02
 6.658414467812322073e+02
 6.658414467808361223e+02
 6.658414467816846809e+02
 6.658414467802432455e+02
 6.658414467829728665e+02
 6.658414467781733492e+02
 6.658414467866931545e+02
 6.658414467719667300e+02
 6.658414467956204135e+02
 6.658414467558486649e+02
 6.658414467810421229e+02
 6.658414467809740245e+02
 6.658414467811306849e+02
 6.658414467809689086e+02
 6.658414467812299335e+02
 6.658414467812148132e+02
 6.658414467805195045e+02
 6.658414467831180446e+02
 6.658414467771297041e+02
 6.658414467899074225e+02
 6.658414467810216593e+02
 6.658414467809644748e+02
 6.658414467811109034e+02
 6.658414467809096777e+02
 6.658414467813374813e+02
 6.658414467807040182e+02
 6.658414467818539606e+02
 6.658414467800097327e+02
 6.658414467832606078e+02
 6.658414467783113651e+02
 6.658414467809869848e+02
 6.658414467809793678e+02
 6.658414467810106316e+02
 6.658414467810017641e+02
 6.658414467810309816e+02
 6.658414467810922588e+02
 6.658414467809656117e+02
 6.658414467813765896e+02
 6.658414467806190942e+02
 6.658414467819425226e+02
 6.658414467809802773e+02
 6.658414467809761845e+02
 6.658414467809931239e+02
 6.658414467809863027e+02
 6.658414467810248425e+02
 6.658414467810139286e+02
 6.658414467810706583e+02
 6.658414467810649739e+02
 6.658414467810525821e+02
 6.658414467814328646e+02
 6.658414467809756161e+02
 6.658414467809760708e+02
 6.658414467809791404e+02
 6.658414467809847110e+02
 6.658414467809885764e+02
 6.658414467810118822e+02
 6.658414467810080168e+02
 6.658414467810620181e+02
 6.658414467810160886e+02
 6.658414467811138593e+02
 6.658414467809744792e+02
 6.658414467809752750e+02
 6.658414467809752750e+02
 6.658414467809793678e+02
 6.658414467809783446e+02
 6.658414467809944881e+02
 6.658414467809850521e+02
 6.658414467810472388e+02
 6.658414467809766393e+02
 6.658414467811859367e+02
 6.658414467809745929e+02
 6.658414467809751613e+02
 6.658414467809748203e+02
 6.658414467809766393e+02
 6.658414467809756161e+02
 6.658414467809838015e+02
 6.658414467809791404e+02
 6.658414467810071073e+02
 6.658414467810010819e+02
 6.658414467810511042e+02
 6.658414467809744792e+02
 6.658414467809745929e+02
 6.658414467809743655e+02
 6.658414467809751613e+02
 6.658414467809743655e+02
 6.658414467809777761e+02
 6.658414467809761845e+02
 6.658414467809874395e+02
 6.658414467809834605e+02
 6.658414467810267752e+02
 6.658414467809743655e+02
 6.658414467809743655e+02
 6.658414467809742519e+02
 6.658414467809748203e+02
 6.658414467809743655e+02
 6.658414467809759572e+02
 6.658414467809745929e+02
 6.658414467809807320e+02
 6.658414467809765256e+02
 6.658414467809984671e+02
 6.658414467809745929e+02
 6.658414467809745929e+02
 6.658414467809748203e+02
 6.658414467809749340e+02
 6.658414467809745929e+02
 6.658414467809751613e+02
 6.658414467809755024e+02
 6.658414467809759572e+02
 6.658414467809797088e+02
 6.658414467809749340e+02
 6.658414467809745929e+02
 6.658414467809745929e+02
 6.658414467809743655e+02
 6.658414467809747066e+02
 6.658414467809745929e+02
 6.658414467809747066e+02
 6.658414467809748203e+02
 6.658414467809752750e+02
 6.658414467809756161e+02
 6.658414467809782309e+02
 6.658414467809745929e+02
 6.658414467809745929e+02
 6.658414467809744792e+02
 6.658414467809745929e+02
 6.658414467809745929e+02
 6.658414467809748203e+02
 6.658414467809749340e+02
 6.658414467809752750e+02
 6.658414467809750477e+02
 6.658414467809766393e+02
 6.658414467809745929e+02
 6.658414467809744792e+02
 6.658414467809743655e+02
 6.658414467809744792e+02
 6.658414467809743655e+02
 6.658414467809743655e+02
 6.658414467809744792e+02
 6.658414467809745929e+02
 6.658414467809741382e+02
 6.658414467809755024e+02
 6.658414467809745929e+02
 6.658414467809748203e+02
 6.658414467809747066e+02
 6.658414467809745929e+02
 6.658414467809745929e+02
 6.658414467809748203e+02
 6.658414467809745929e+02
 6.658414467809748203e+02
 6.658414467809745929e+02
 6.658414467809752750e+02
 6.658414467809745929e+02
 6.658414467809745929e+02
 6.658414467809744792e+02
 6.658414467809745929e+02
 6.658414467809743655e+02
 6.658414467809742519e+02
 6.658414467809741382e+02
 6.658414467809743655e+02
 6.658414467809743655e+02
 6.658414467809744792e+02
 6.658414467809745929e+02
 6.658414467809747066e+02
 6.658414467809745929e+02
 6.658414467809745929e+02
 6.658414467809748203e+02
 6.658414467809748203e+02
 6.658414467809748203e+02
 6.658414467809748203e+02
 6.658414467809749340e+02
 6.658414467809751613e+02
 6.658414467809745929e+02
 6.658414467809745929e+02
 6.658414467809747066e+02
 6.658414467809745929e+02
 6.658414467809748203e+02
 6.658414467809745929e+02
 6.658414467809745929e+02
 6.658414467809745929e+02
 6.658414467809745929e+02
 6.658414467809745929e+02
 6.658414467809745929e+02
 6.658414467809745929e+02
 6.658414467809747066e+02
 6.658414467809747066e+02
 6.658414467809748203e+02
 6.658414467809748203e+02
 6.658414467809747066e+02
 6.658414467809744792e+02
 6.658414467809745929e+02
 6.658414467809745929e+02
 6.658414467809744792e+02
 6.658414467809745929e+02
 6.658414467809745929e+02
 6.658414467809747066e+02
 6.658414467809745929e+02
 6.658414467809744792e+02
 6.658414467809744792e+02
 6.658414467809743655e+02
 6.658414467809743655e+02
 6.658414467809744792e+02
 6.658414467809744792e+02
 6.658414467809744792e+02
 6.658414467809745929e+02
 6.658414467809748203e+02
 6.658414467809748203e+02
 6.658414467809748203e+02
 6.658414467809745929e+02
 6.658414467809745929e+02
 6.658414467809745929e+02
 6.658414467809748203e+02
 6.658414467809743655e+02
 6.658414467809744792e+02
 6.658414467809744792e+02
 6.658414467809748203e+02
 6.658414467809745929e+02
 6.658414467809744792e+02
 6.658414467809743655e+02
 6.658414467809743655e+02
 6.658414467809744792e+02
 6.658414467809745929e+02
 6.658414467809745929e+02
 6.658414467809748203e+02
 6.658414467809749340e+02
 6.658414467809748203e+02
 6.658414467809747066e+02
 6.658414467809748203e+02
 6.658414467809748203e+02
 6.658414467809749340e+02
 6.658414467809748203e+02
 6.658414467809747066e+02
 6.658414467809744792e+02
 6.658414467809743655e+02
 6.658414467809742519e+02
 6.658414467809742519e+02
 6.658414467809740245e+02
 6.658414467809740245e+02
 6.658414467809742519e+02
 6.658414467809741382e+02
 6.658414467809740245e+02
 6.658414467809737971e+02
 6.658414467809748203e+02
 6.658414467809745929e+02
 6.658414467809744792e+02
 6.658414467809742519e+02
 6.658414467809742519e+02
 6.658414467809742519e+02
 6.658414467809743655e+02
 6.658414467809743655e+02
 6.658414467809745929e+02
 6.658414467809744792e+02
 6.658414467809747066e+02
 6.658414467809745929e+02
 6.658414467809745929e+02
 6.658414467809745929e+02
 6.658414467809745929e+02
 6.658414467809744792e+02
 6.658414467809745929e+02
 6.658414467809748203e+02
 6.658414467809748203e+02
 6.658414467809750477e+02
 6.658414467809748203e+02
 6.658414467809744792e+02
 6.658414467809745929e+02
 6.658414467809744792e+02
 6.658414467809744792e+02
 6.658414467809743655e+02
 6.658414467809742519e+02
 6.658414467809742519e+02
 6.658414467809743655e+02
 6.658414467809744792e+02
 6.658414467809743655e+02
 6.658414467809743655e+02
 6.658414467809742519e+02
 6.658414467809743655e+02
 6.658414467809744792e+02
 6.658414467809743655e+02
 6.658414467809745929e+02
 6.658414467809743655e+02
 6.658414467809740245e+02
 6.658414467809743655e+02
 6.658414467809743655e+02
 6.658414467809743655e+02
 6.658414467809744792e+02
 6.658414467809744792e+02
 6.658414467809744792e+02
 6.658414467809744792e+02
 6.658414467809744792e+02
 6.658414467809744792e+02
 6.658414467809744792e+02
 6.658414467809745929e+02
 </DataArray>
 <DataArray Name="shock-detector" type="Float32" NumberOfComponents="1" format="ascii">
 0.000000000000000000e+00
 0.000000000000000000e+00
 0.000000000000000000e+00
 0.000000000000000000e+00
 0.000000000000000000e+00
 0.000000000000000000e+00
 0.000000000000000000e+00
 0.000000000000000000e+00
 0.000000000000000000e+00
 0.000000000000000000e+00
 0.000000000000000000e+00
 0.000000000000000000e+00
 0.000000000000000000e+00
 0.000000000000000000e+00
 0.000000000000000000e+00
 0.000000000000000000e+00
 0.000000000000000000e+00
 0.000000000000000000e+00
 0.000000000000000000e+00
 0.000000000000000000e+00
 0.000000000000000000e+00
 0.000000000000000000e+00
 0.000000000000000000e+00
 0.000000000000000000e+00
 0.000000000000000000e+00
 0.000000000000000000e+00
 0.000000000000000000e+00
 0.000000000000000000e+00
 0.000000000000000000e+00
 0.000000000000000000e+00
 0.000000000000000000e+00
 0.000000000000000000e+00
 0.000000000000000000e+00
 0.000000000000000000e+00
 0.000000000000000000e+00
 0.000000000000000000e+00
 0.000000000000000000e+00
 0.000000000000000000e+00
 0.000000000000000000e+00
 0.000000000000000000e+00
 0.000000000000000000e+00
 0.000000000000000000e+00
 0.000000000000000000e+00
 0.000000000000000000e+00
 0.000000000000000000e+00
 0.000000000000000000e+00
 0.000000000000000000e+00
 0.000000000000000000e+00
 0.000000000000000000e+00
 0.000000000000000000e+00
 0.000000000000000000e+00
 0.000000000000000000e+00
 0.000000000000000000e+00
 0.000000000000000000e+00
 0.000000000000000000e+00
 0.000000000000000000e+00
 0.000000000000000000e+00
 0.000000000000000000e+00
 0.000000000000000000e+00
 0.000000000000000000e+00
 0.000000000000000000e+00
 0.000000000000000000e+00
 0.000000000000000000e+00
 0.000000000000000000e+00
 0.000000000000000000e+00
 0.000000000000000000e+00
 0.000000000000000000e+00
 0.000000000000000000e+00
 0.000000000000000000e+00
 0.000000000000000000e+00
 0.000000000000000000e+00
 0.000000000000000000e+00
 0.000000000000000000e+00
 0.000000000000000000e+00
 0.000000000000000000e+00
 0.000000000000000000e+00
 0.000000000000000000e+00
 0.000000000000000000e+00
 0.000000000000000000e+00
 0.000000000000000000e+00
 0.000000000000000000e+00
 0.000000000000000000e+00
 0.000000000000000000e+00
 0.000000000000000000e+00
 0.000000000000000000e+00
 0.000000000000000000e+00
 0.000000000000000000e+00
 0.000000000000000000e+00
 0.000000000000000000e+00
 0.000000000000000000e+00
 0.000000000000000000e+00
 0.000000000000000000e+00
 0.000000000000000000e+00
 0.000000000000000000e+00
 0.000000000000000000e+00
 0.000000000000000000e+00
 0.000000000000000000e+00
 0.000000000000000000e+00
 0.000000000000000000e+00
 0.000000000000000000e+00
 0.000000000000000000e+00
 0.000000000000000000e+00
 0.000000000000000000e+00
 0.000000000000000000e+00
 0.000000000000000000e+00
 0.000000000000000000e+00
 0.000000000000000000e+00
 0.000000000000000000e+00
 0.000000000000000000e+00
 0.000000000000000000e+00
 0.000000000000000000e+00
 0.000000000000000000e+00
 0.000000000000000000e+00
 0.000000000000000000e+00
 0.000000000000000000e+00
 0.000000000000000000e+00
 0.000000000000000000e+00
 0.000000000000000000e+00
 0.000000000000000000e+00
 0.000000000000000000e+00
 0.000000000000000000e+00
 0.000000000000000000e+00
 0.000000000000000000e+00
 0.000000000000000000e+00
 0.000000000000000000e+00
 0.000000000000000000e+00
 0.000000000000000000e+00
 0.000000000000000000e+00
 0.000000000000000000e+00
 0.000000000000000000e+00
 0.000000000000000000e+00
 0.000000000000000000e+00
 0.000000000000000000e+00
 0.000000000000000000e+00
 0.000000000000000000e+00
 0.000000000000000000e+00
 0.000000000000000000e+00
 0.000000000000000000e+00
 0.000000000000000000e+00
 0.000000000000000000e+00
 0.000000000000000000e+00
 0.000000000000000000e+00
 0.000000000000000000e+00
 0.000000000000000000e+00
 0.000000000000000000e+00
 0.000000000000000000e+00
 0.000000000000000000e+00
 0.000000000000000000e+00
 0.000000000000000000e+00
 0.000000000000000000e+00
 0.000000000000000000e+00
 0.000000000000000000e+00
 0.000000000000000000e+00
 0.000000000000000000e+00
 0.000000000000000000e+00
 0.000000000000000000e+00
 0.000000000000000000e+00
 0.000000000000000000e+00
 0.000000000000000000e+00
 0.000000000000000000e+00
 0.000000000000000000e+00
 0.000000000000000000e+00
 0.000000000000000000e+00
 0.000000000000000000e+00
 0.000000000000000000e+00
 0.000000000000000000e+00
 0.000000000000000000e+00
 0.000000000000000000e+00
 0.000000000000000000e+00
 0.000000000000000000e+00
 0.000000000000000000e+00
 0.000000000000000000e+00
 0.000000000000000000e+00
 0.000000000000000000e+00
 0.000000000000000000e+00
 0.000000000000000000e+00
 0.000000000000000000e+00
 0.000000000000000000e+00
 0.000000000000000000e+00
 0.000000000000000000e+00
 0.000000000000000000e+00
 0.000000000000000000e+00
 0.000000000000000000e+00
 0.000000000000000000e+00
 0.000000000000000000e+00
 0.000000000000000000e+00
 0.000000000000000000e+00
 0.000000000000000000e+00
 0.000000000000000000e+00
 0.000000000000000000e+00
 0.000000000000000000e+00
 0.000000000000000000e+00
 0.000000000000000000e+00
 0.000000000000000000e+00
 0.000000000000000000e+00
 0.000000000000000000e+00
 0.000000000000000000e+00
 0.000000000000000000e+00
 0.000000000000000000e+00
 0.000000000000000000e+00
 0.000000000000000000e+00
 0.000000000000000000e+00
 0.000000000000000000e+00
 0.000000000000000000e+00
 0.000000000000000000e+00
 0.000000000000000000e+00
 0.000000000000000000e+00
 0.000000000000000000e+00
 0.000000000000000000e+00
 0.000000000000000000e+00
 0.000000000000000000e+00
 0.000000000000000000e+00
 0.000000000000000000e+00
 0.000000000000000000e+00
 0.000000000000000000e+00
 0.000000000000000000e+00
 0.000000000000000000e+00
 0.000000000000000000e+00
 0.000000000000000000e+00
 0.000000000000000000e+00
 0.000000000000000000e+00
 0.000000000000000000e+00
 0.000000000000000000e+00
 0.000000000000000000e+00
 0.000000000000000000e+00
 0.000000000000000000e+00
 0.000000000000000000e+00
 0.000000000000000000e+00
 0.000000000000000000e+00
 0.000000000000000000e+00
 0.000000000000000000e+00
 0.000000000000000000e+00
 0.000000000000000000e+00
 0.000000000000000000e+00
 0.000000000000000000e+00
 0.000000000000000000e+00
 0.000000000000000000e+00
 0.000000000000000000e+00
 0.000000000000000000e+00
 0.000000000000000000e+00
 0.000000000000000000e+00
 0.000000000000000000e+00
 0.000000000000000000e+00
 0.000000000000000000e+00
 0.000000000000000000e+00
 0.000000000000000000e+00
 0.000000000000000000e+00
 0.000000000000000000e+00
 0.000000000000000000e+00
 0.000000000000000000e+00
 0.000000000000000000e+00
 0.000000000000000000e+00
 0.000000000000000000e+00
 0.000000000000000000e+00
 0.000000000000000000e+00
 0.000000000000000000e+00
 0.000000000000000000e+00
 0.000000000000000000e+00
 0.000000000000000000e+00
 0.000000000000000000e+00
 0.000000000000000000e+00
 0.000000000000000000e+00
 0.000000000000000000e+00
 0.000000000000000000e+00
 0.000000000000000000e+00
 0.000000000000000000e+00
 0.000000000000000000e+00
 0.000000000000000000e+00
 0.000000000000000000e+00
 0.000000000000000000e+00
 0.000000000000000000e+00
 0.000000000000000000e+00
 0.000000000000000000e+00
 0.000000000000000000e+00
 0.000000000000000000e+00
 0.000000000000000000e+00
 0.000000000000000000e+00
 0.000000000000000000e+00
 0.000000000000000000e+00
 0.000000000000000000e+00
 0.000000000000000000e+00
 0.000000000000000000e+00
 0.000000000000000000e+00
 0.000000000000000000e+00
 0.000000000000000000e+00
 0.000000000000000000e+00
 0.000000000000000000e+00
 0.000000000000000000e+00
 0.000000000000000000e+00
 0.000000000000000000e+00
 0.000000000000000000e+00
 0.000000000000000000e+00
 0.000000000000000000e+00
 0.000000000000000000e+00
 0.000000000000000000e+00
 0.000000000000000000e+00
 0.000000000000000000e+00
 0.000000000000000000e+00
 0.000000000000000000e+00
 0.000000000000000000e+00
 0.000000000000000000e+00
 0.000000000000000000e+00
 0.000000000000000000e+00
 0.000000000000000000e+00
 0.000000000000000000e+00
 0.000000000000000000e+00
 0.000000000000000000e+00
 0.000000000000000000e+00
 0.000000000000000000e+00
 0.000000000000000000e+00
 0.000000000000000000e+00
 0.000000000000000000e+00
 0.000000000000000000e+00
 0.000000000000000000e+00
 0.000000000000000000e+00
 0.000000000000000000e+00
 0.000000000000000000e+00
 0.000000000000000000e+00
 0.000000000000000000e+00
 0.000000000000000000e+00
 0.000000000000000000e+00
 0.000000000000000000e+00
 0.000000000000000000e+00
 0.000000000000000000e+00
 0.000000000000000000e+00
 0.000000000000000000e+00
 0.000000000000000000e+00
 0.000000000000000000e+00
 0.000000000000000000e+00
 0.000000000000000000e+00
 0.000000000000000000e+00
 0.000000000000000000e+00
 0.000000000000000000e+00
 0.000000000000000000e+00
 0.000000000000000000e+00
 0.000000000000000000e+00
 0.000000000000000000e+00
 0.000000000000000000e+00
 0.000000000000000000e+00
 0.000000000000000000e+00
 0.000000000000000000e+00
 0.000000000000000000e+00
 0.000000000000000000e+00
 0.000000000000000000e+00
 0.000000000000000000e+00
 0.000000000000000000e+00
 0.000000000000000000e+00
 0.000000000000000000e+00
 0.000000000000000000e+00
 0.000000000000000000e+00
 0.000000000000000000e+00
 0.000000000000000000e+00
 0.000000000000000000e+00
 0.000000000000000000e+00
 0.000000000000000000e+00
 0.000000000000000000e+00
 0.000000000000000000e+00
 0.000000000000000000e+00
 0.000000000000000000e+00
 0.000000000000000000e+00
 0.000000000000000000e+00
 0.000000000000000000e+00
 0.000000000000000000e+00
 0.000000000000000000e+00
 0.000000000000000000e+00
 0.000000000000000000e+00
 0.000000000000000000e+00
 0.000000000000000000e+00
 0.000000000000000000e+00
 0.000000000000000000e+00
 0.000000000000000000e+00
 0.000000000000000000e+00
 0.000000000000000000e+00
 0.000000000000000000e+00
 0.000000000000000000e+00
 0.000000000000000000e+00
 0.000000000000000000e+00
 0.000000000000000000e+00
 0.000000000000000000e+00
 0.000000000000000000e+00
 0.000000000000000000e+00
 0.000000000000000000e+00
 0.000000000000000000e+00
 0.000000000000000000e+00
 0.000000000000000000e+00
 0.000000000000000000e+00
 0.000000000000000000e+00
 0.000000000000000000e+00
 0.000000000000000000e+00
 0.000000000000000000e+00
 0.000000000000000000e+00
 0.000000000000000000e+00
 0.000000000000000000e+00
 0.000000000000000000e+00
 0.000000000000000000e+00
 0.000000000000000000e+00
 0.000000000000000000e+00
 0.000000000000000000e+00
 0.000000000000000000e+00
 0.000000000000000000e+00
 </DataArray>
 <DataArray Name="massf-air" type="Float32" NumberOfComponents="1" format="ascii">
 1.000000000000000000e+00
 1.000000000000000000e+00
 1.000000000000000000e+00
 1.000000000000000000e+00
 1.000000000000000000e+00
 1.000000000000000000e+00
 1.000000000000000000e+00
 1.000000000000000000e+00
 1.000000000000000000e+00
 1.000000000000000000e+00
 1.000000000000000000e+00
 1.000000000000000000e+00
 1.000000000000000000e+00
 1.000000000000000000e+00
 1.000000000000000000e+00
 1.000000000000000000e+00
 1.000000000000000000e+00
 1.000000000000000000e+00
 1.000000000000000000e+00
 1.000000000000000000e+00
 1.000000000000000000e+00
 1.000000000000000000e+00
 1.000000000000000000e+00
 1.000000000000000000e+00
 1.000000000000000000e+00
 1.000000000000000000e+00
 1.000000000000000000e+00
 1.000000000000000000e+00
 1.000000000000000000e+00
 1.000000000000000000e+00
 1.000000000000000000e+00
 1.000000000000000000e+00
 1.000000000000000000e+00
 1.000000000000000000e+00
 1.000000000000000000e+00
 1.000000000000000000e+00
 1.000000000000000000e+00
 1.000000000000000000e+00
 1.000000000000000000e+00
 1.000000000000000000e+00
 1.000000000000000000e+00
 1.000000000000000000e+00
 1.000000000000000000e+00
 1.000000000000000000e+00
 1.000000000000000000e+00
 1.000000000000000000e+00
 1.000000000000000000e+00
 1.000000000000000000e+00
 1.000000000000000000e+00
 1.000000000000000000e+00
 1.000000000000000000e+00
 1.000000000000000000e+00
 1.000000000000000000e+00
 1.000000000000000000e+00
 1.000000000000000000e+00
 1.000000000000000000e+00
 1.000000000000000000e+00
 1.000000000000000000e+00
 1.000000000000000000e+00
 1.000000000000000000e+00
 1.000000000000000000e+00
 1.000000000000000000e+00
 1.000000000000000000e+00
 1.000000000000000000e+00
 1.000000000000000000e+00
 1.000000000000000000e+00
 1.000000000000000000e+00
 1.000000000000000000e+00
 1.000000000000000000e+00
 1.000000000000000000e+00
 1.000000000000000000e+00
 1.000000000000000000e+00
 1.000000000000000000e+00
 1.000000000000000000e+00
 1.000000000000000000e+00
 1.000000000000000000e+00
 1.000000000000000000e+00
 1.000000000000000000e+00
 1.000000000000000000e+00
 1.000000000000000000e+00
 1.000000000000000000e+00
 1.000000000000000000e+00
 1.000000000000000000e+00
 1.000000000000000000e+00
 1.000000000000000000e+00
 1.000000000000000000e+00
 1.000000000000000000e+00
 1.000000000000000000e+00
 1.000000000000000000e+00
 1.000000000000000000e+00
 1.000000000000000000e+00
 1.000000000000000000e+00
 1.000000000000000000e+00
 1.000000000000000000e+00
 1.000000000000000000e+00
 1.000000000000000000e+00
 1.000000000000000000e+00
 1.000000000000000000e+00
 1.000000000000000000e+00
 1.000000000000000000e+00
 1.000000000000000000e+00
 1.000000000000000000e+00
 1.000000000000000000e+00
 1.000000000000000000e+00
 1.000000000000000000e+00
 1.000000000000000000e+00
 1.000000000000000000e+00
 1.000000000000000000e+00
 1.000000000000000000e+00
 1.000000000000000000e+00
 1.000000000000000000e+00
 1.000000000000000000e+00
 1.000000000000000000e+00
 1.000000000000000000e+00
 1.000000000000000000e+00
 1.000000000000000000e+00
 1.000000000000000000e+00
 1.000000000000000000e+00
 1.000000000000000000e+00
 1.000000000000000000e+00
 1.000000000000000000e+00
 1.000000000000000000e+00
 1.000000000000000000e+00
 1.000000000000000000e+00
 1.000000000000000000e+00
 1.000000000000000000e+00
 1.000000000000000000e+00
 1.000000000000000000e+00
 1.000000000000000000e+00
 1.000000000000000000e+00
 1.000000000000000000e+00
 1.000000000000000000e+00
 1.000000000000000000e+00
 1.000000000000000000e+00
 1.000000000000000000e+00
 1.000000000000000000e+00
 1.000000000000000000e+00
 1.000000000000000000e+00
 1.000000000000000000e+00
 1.000000000000000000e+00
 1.000000000000000000e+00
 1.000000000000000000e+00
 1.000000000000000000e+00
 1.000000000000000000e+00
 1.000000000000000000e+00
 1.000000000000000000e+00
 1.000000000000000000e+00
 1.000000000000000000e+00
 1.000000000000000000e+00
 1.000000000000000000e+00
 1.000000000000000000e+00
 1.000000000000000000e+00
 1.000000000000000000e+00
 1.000000000000000000e+00
 1.000000000000000000e+00
 1.000000000000000000e+00
 1.000000000000000000e+00
 1.000000000000000000e+00
 1.000000000000000000e+00
 1.000000000000000000e+00
 1.000000000000000000e+00
 1.000000000000000000e+00
 1.000000000000000000e+00
 1.000000000000000000e+00
 1.000000000000000000e+00
 1.000000000000000000e+00
 1.000000000000000000e+00
 1.000000000000000000e+00
 1.000000000000000000e+00
 1.000000000000000000e+00
 1.000000000000000000e+00
 1.000000000000000000e+00
 1.000000000000000000e+00
 1.000000000000000000e+00
 1.000000000000000000e+00
 1.000000000000000000e+00
 1.000000000000000000e+00
 1.000000000000000000e+00
 1.000000000000000000e+00
 1.000000000000000000e+00
 1.000000000000000000e+00
 1.000000000000000000e+00
 1.000000000000000000e+00
 1.000000000000000000e+00
 1.000000000000000000e+00
 1.000000000000000000e+00
 1.000000000000000000e+00
 1.000000000000000000e+00
 1.000000000000000000e+00
 1.000000000000000000e+00
 1.000000000000000000e+00
 1.000000000000000000e+00
 1.000000000000000000e+00
 1.000000000000000000e+00
 1.000000000000000000e+00
 1.000000000000000000e+00
 1.000000000000000000e+00
 1.000000000000000000e+00
 1.000000000000000000e+00
 1.000000000000000000e+00
 1.000000000000000000e+00
 1.000000000000000000e+00
 1.000000000000000000e+00
 1.000000000000000000e+00
 1.000000000000000000e+00
 1.000000000000000000e+00
 1.000000000000000000e+00
 1.000000000000000000e+00
 1.000000000000000000e+00
 1.000000000000000000e+00
 1.000000000000000000e+00
 1.000000000000000000e+00
 1.000000000000000000e+00
 1.000000000000000000e+00
 1.000000000000000000e+00
 1.000000000000000000e+00
 1.000000000000000000e+00
 1.000000000000000000e+00
 1.000000000000000000e+00
 1.000000000000000000e+00
 1.000000000000000000e+00
 1.000000000000000000e+00
 1.000000000000000000e+00
 1.000000000000000000e+00
 1.000000000000000000e+00
 1.000000000000000000e+00
 1.000000000000000000e+00
 1.000000000000000000e+00
 1.000000000000000000e+00
 1.000000000000000000e+00
 1.000000000000000000e+00
 1.000000000000000000e+00
 1.000000000000000000e+00
 1.000000000000000000e+00
 1.000000000000000000e+00
 1.000000000000000000e+00
 1.000000000000000000e+00
 1.000000000000000000e+00
 1.000000000000000000e+00
 1.000000000000000000e+00
 1.000000000000000000e+00
 1.000000000000000000e+00
 1.000000000000000000e+00
 1.000000000000000000e+00
 1.000000000000000000e+00
 1.000000000000000000e+00
 1.000000000000000000e+00
 1.000000000000000000e+00
 1.000000000000000000e+00
 1.000000000000000000e+00
 1.000000000000000000e+00
 1.000000000000000000e+00
 1.000000000000000000e+00
 1.000000000000000000e+00
 1.000000000000000000e+00
 1.000000000000000000e+00
 1.000000000000000000e+00
 1.000000000000000000e+00
 1.000000000000000000e+00
 1.000000000000000000e+00
 1.000000000000000000e+00
 1.000000000000000000e+00
 1.000000000000000000e+00
 1.000000000000000000e+00
 1.000000000000000000e+00
 1.000000000000000000e+00
 1.000000000000000000e+00
 1.000000000000000000e+00
 1.000000000000000000e+00
 1.000000000000000000e+00
 1.000000000000000000e+00
 1.000000000000000000e+00
 1.000000000000000000e+00
 1.000000000000000000e+00
 1.000000000000000000e+00
 1.000000000000000000e+00
 1.000000000000000000e+00
 1.000000000000000000e+00
 1.000000000000000000e+00
 1.000000000000000000e+00
 1.000000000000000000e+00
 1.000000000000000000e+00
 1.000000000000000000e+00
 1.000000000000000000e+00
 1.000000000000000000e+00
 1.000000000000000000e+00
 1.000000000000000000e+00
 1.000000000000000000e+00
 1.000000000000000000e+00
 1.000000000000000000e+00
 1.000000000000000000e+00
 1.000000000000000000e+00
 1.000000000000000000e+00
 1.000000000000000000e+00
 1.000000000000000000e+00
 1.000000000000000000e+00
 1.000000000000000000e+00
 1.000000000000000000e+00
 1.000000000000000000e+00
 1.000000000000000000e+00
 1.000000000000000000e+00
 1.000000000000000000e+00
 1.000000000000000000e+00
 1.000000000000000000e+00
 1.000000000000000000e+00
 1.000000000000000000e+00
 1.000000000000000000e+00
 1.000000000000000000e+00
 1.000000000000000000e+00
 1.000000000000000000e+00
 1.000000000000000000e+00
 1.000000000000000000e+00
 1.000000000000000000e+00
 1.000000000000000000e+00
 1.000000000000000000e+00
 1.000000000000000000e+00
 1.000000000000000000e+00
 1.000000000000000000e+00
 1.000000000000000000e+00
 1.000000000000000000e+00
 1.000000000000000000e+00
 1.000000000000000000e+00
 1.000000000000000000e+00
 1.000000000000000000e+00
 1.000000000000000000e+00
 1.000000000000000000e+00
 1.000000000000000000e+00
 1.000000000000000000e+00
 1.000000000000000000e+00
 1.000000000000000000e+00
 1.000000000000000000e+00
 1.000000000000000000e+00
 1.000000000000000000e+00
 1.000000000000000000e+00
 1.000000000000000000e+00
 1.000000000000000000e+00
 1.000000000000000000e+00
 1.000000000000000000e+00
 1.000000000000000000e+00
 1.000000000000000000e+00
 1.000000000000000000e+00
 1.000000000000000000e+00
 1.000000000000000000e+00
 1.000000000000000000e+00
 1.000000000000000000e+00
 1.000000000000000000e+00
 1.000000000000000000e+00
 1.000000000000000000e+00
 1.000000000000000000e+00
 1.000000000000000000e+00
 1.000000000000000000e+00
 1.000000000000000000e+00
 1.000000000000000000e+00
 1.000000000000000000e+00
 1.000000000000000000e+00
 1.000000000000000000e+00
 1.000000000000000000e+00
 1.000000000000000000e+00
 1.000000000000000000e+00
 1.000000000000000000e+00
 1.000000000000000000e+00
 1.000000000000000000e+00
 1.000000000000000000e+00
 1.000000000000000000e+00
 1.000000000000000000e+00
 1.000000000000000000e+00
 1.000000000000000000e+00
 1.000000000000000000e+00
 1.000000000000000000e+00
 1.000000000000000000e+00
 1.000000000000000000e+00
 1.000000000000000000e+00
 1.000000000000000000e+00
 1.000000000000000000e+00
 1.000000000000000000e+00
 1.000000000000000000e+00
 1.000000000000000000e+00
 1.000000000000000000e+00
 1.000000000000000000e+00
 1.000000000000000000e+00
 1.000000000000000000e+00
 1.000000000000000000e+00
 1.000000000000000000e+00
 1.000000000000000000e+00
 1.000000000000000000e+00
 1.000000000000000000e+00
 1.000000000000000000e+00
 1.000000000000000000e+00
 1.000000000000000000e+00
 1.000000000000000000e+00
 1.000000000000000000e+00
 1.000000000000000000e+00
 1.000000000000000000e+00
 1.000000000000000000e+00
 1.000000000000000000e+00
 1.000000000000000000e+00
 1.000000000000000000e+00
 1.000000000000000000e+00
 1.000000000000000000e+00
 1.000000000000000000e+00
 </DataArray>
 <DataArray Name="e" type="Float32" NumberOfComponents="1" format="ascii">
 7.916872004494473804e+05
 7.916872004489547107e+05
 7.916872004502435448e+05
 7.916872004491246771e+05
 7.916872004511614796e+05
 7.916872004496830050e+05
 7.916872004506478552e+05
 7.916872004517192254e+05
 7.916872004475519061e+05
 7.916872004519936163e+05
 7.916872004496286390e+05
 7.916872004488110542e+05
 7.916872004506946541e+05
 7.916872004484778736e+05
 7.916872004522421630e+05
 7.916872004481074400e+05
 7.916872004523049109e+05
 7.916872004504986107e+05
 7.916872004469271051e+05
 7.916872004559459165e+05
 7.916872004500597250e+05
 7.916872004484084900e+05
 7.916872004518851172e+05
 7.916872004465097561e+05
 7.916872004556583706e+05
 7.916872004422934260e+05
 7.916872004601806402e+05
 7.916872004411234520e+05
 7.916872004487987142e+05
 7.916872004603352398e+05
 7.916872004504804499e+05
 7.916872004478492308e+05
 7.916872004532229621e+05
 7.916872004436658463e+05
 7.916872004605834372e+05
 7.916872004322957946e+05
 7.916872004773606313e+05
 7.916872004079311155e+05
 7.916872005056673661e+05
 7.916872005041682860e+05
 7.916872004503894132e+05
 7.916872004476564471e+05
 7.916872004531100392e+05
 7.916872004423025064e+05
 7.916872004623843823e+05
 7.916872004259258974e+05
 7.916872004898823798e+05
 7.916872003719750792e+05
 7.916872006205635844e+05
 7.916872003940424183e+05
 7.916872004496247973e+05
 7.916872004477819428e+05
 7.916872004515703302e+05
 7.916872004431618843e+05
 7.916872004595077597e+05
 7.916872004280944820e+05
 7.916872004852428799e+05
 7.916872003759639338e+05
 7.916872006224094657e+05
 7.916872000190780964e+05
 7.916872004459800664e+05
 7.916872004507649690e+05
 7.916872004410004010e+05
 7.916872004580674693e+05
 7.916872004276168300e+05
 7.916872004788282793e+05
 7.916872003914609086e+05
 7.916872005503179971e+05
 7.916872002366175875e+05
 7.916872004983779043e+05
 7.916872004448915832e+05
 7.916872004516128218e+05
 7.916872004380356520e+05
 7.916872004621068481e+05
 7.916872004191454034e+05
 7.916872004939048784e+05
 7.916872003531963564e+05
 7.916872006642748602e+05
 7.916871998674330534e+05
 7.916872011437357869e+05
 7.916872004507186357e+05
 7.916872004470743705e+05
 7.916872004543282092e+05
 7.916872004398079589e+05
 7.916872004662121180e+05
 7.916872004194732290e+05
 7.916872005004247185e+05
 7.916872003476439277e+05
 7.916872006895400118e+05
 7.916871996429467108e+05
 7.916872004502534401e+05
 7.916872004477643641e+05
 7.916872004528068937e+05
 7.916872004430685192e+05
 7.916872004612156888e+05
 7.916872004277162487e+05
 7.916872004877100699e+05
 7.916872003753756871e+05
 7.916872006293525919e+05
 7.916871999006777769e+05
 7.916872004494115245e+05
 7.916872004486699589e+05
 7.916872004501519259e+05
 7.916872004478363087e+05
 7.916872004513097927e+05
 7.916872004472634289e+05
 7.916872004486750811e+05
 7.916872004571908619e+05
 7.916872004214811604e+05
 7.916872005074546905e+05
 7.916872004495081492e+05
 7.916872004485662328e+05
 7.916872004505840596e+05
 7.916872004471563268e+05
 7.916872004536474124e+05
 7.916872004422341706e+05
 7.916872004624942783e+05
 7.916872004274745705e+05
 7.916872004837233108e+05
 7.916872003891457571e+05
 7.916872004490559921e+05
 7.916872004488941748e+05
 7.916872004492667038e+05
 7.916872004488818347e+05
 7.916872004495025612e+05
 7.916872004494667053e+05
 7.916872004478133749e+05
 7.916872004539927002e+05
 7.916872004397523124e+05
 7.916872004701378755e+05
 7.916872004490073305e+05
 7.916872004488713574e+05
 7.916872004492196720e+05
 7.916872004487412050e+05
 7.916872004497584421e+05
 7.916872004482521443e+05
 7.916872004509866238e+05
 7.916872004466010258e+05
 7.916872004543314688e+05
 7.916872004425624618e+05
 7.916872004489249084e+05
 7.916872004489067476e+05
 7.916872004489812534e+05
 7.916872004489599494e+05
 7.916872004490296822e+05
 7.916872004491752014e+05
 7.916872004488741513e+05
 7.916872004498513415e+05
 7.916872004480501637e+05
 7.916872004511973355e+05
 7.916872004489089595e+05
 7.916872004488992970e+05
 7.916872004489395767e+05
 7.916872004489233950e+05
 7.916872004490148975e+05
 7.916872004489890533e+05
 7.916872004491237458e+05
 7.916872004491102416e+05
 7.916872004490809049e+05
 7.916872004499852192e+05
 7.916872004488980165e+05
 7.916872004488989478e+05
 7.916872004489060491e+05
 7.916872004489195533e+05
 7.916872004489288665e+05
 7.916872004489840474e+05
 7.916872004489749670e+05
 7.916872004491032567e+05
 7.916872004489942919e+05
 7.916872004492264241e+05
 7.916872004488952225e+05
 7.916872004488972016e+05
 7.916872004488972016e+05
 7.916872004489067476e+05
 7.916872004489044193e+05
 7.916872004489428364e+05
 7.916872004489202518e+05
 7.916872004490683321e+05
 7.916872004489004612e+05
 7.916872004493980203e+05
 7.916872004488954553e+05
 7.916872004488967359e+05
 7.916872004488960374e+05
 7.916872004489002284e+05
 7.916872004488979001e+05
 7.916872004489174578e+05
 7.916872004489062820e+05
 7.916872004489726387e+05
 7.916872004489584360e+05
 7.916872004490774125e+05
 7.916872004488951061e+05
 7.916872004488955718e+05
 7.916872004488948733e+05
 7.916872004488967359e+05
 7.916872004488948733e+05
 7.916872004489030223e+05
 7.916872004488992970e+05
 7.916872004489260726e+05
 7.916872004489165265e+05
 7.916872004490196705e+05
 7.916872004488948733e+05
 7.916872004488949897e+05
 7.916872004488946404e+05
 7.916872004488958046e+05
 7.916872004488948733e+05
 7.916872004488987150e+05
 7.916872004488953389e+05
 7.916872004489100073e+05
 7.916872004489001120e+05
 7.916872004489521496e+05
 7.916872004488955718e+05
 7.916872004488955718e+05
 7.916872004488960374e+05
 7.916872004488962702e+05
 7.916872004488955718e+05
 7.916872004488967359e+05
 7.916872004488976672e+05
 7.916872004488987150e+05
 7.916872004489076789e+05
 7.916872004488961538e+05
 7.916872004488953389e+05
 7.916872004488953389e+05
 7.916872004488948733e+05
 7.916872004488956882e+05
 7.916872004488953389e+05
 7.916872004488956882e+05
 7.916872004488960374e+05
 7.916872004488972016e+05
 7.916872004488980165e+05
 7.916872004489041865e+05
 7.916872004488955718e+05
 7.916872004488953389e+05
 7.916872004488951061e+05
 7.916872004488953389e+05
 7.916872004488955718e+05
 7.916872004488959210e+05
 7.916872004488963867e+05
 7.916872004488969687e+05
 7.916872004488966195e+05
 7.916872004489002284e+05
 7.916872004488955718e+05
 7.916872004488951061e+05
 7.916872004488949897e+05
 7.916872004488951061e+05
 7.916872004488949897e+05
 7.916872004488949897e+05
 7.916872004488951061e+05
 7.916872004488954553e+05
 7.916872004488944076e+05
 7.916872004488977836e+05
 7.916872004488954553e+05
 7.916872004488958046e+05
 7.916872004488956882e+05
 7.916872004488953389e+05
 7.916872004488955718e+05
 7.916872004488958046e+05
 7.916872004488955718e+05
 7.916872004488960374e+05
 7.916872004488953389e+05
 7.916872004488969687e+05
 7.916872004488953389e+05
 7.916872004488954553e+05
 7.916872004488952225e+05
 7.916872004488955718e+05
 7.916872004488949897e+05
 7.916872004488945240e+05
 7.916872004488944076e+05
 7.916872004488948733e+05
 7.916872004488948733e+05
 7.916872004488952225e+05
 7.916872004488955718e+05
 7.916872004488956882e+05
 7.916872004488955718e+05
 7.916872004488955718e+05
 7.916872004488958046e+05
 7.916872004488960374e+05
 7.916872004488958046e+05
 7.916872004488960374e+05
 7.916872004488962702e+05
 7.916872004488967359e+05
 7.916872004488955718e+05
 7.916872004488954553e+05
 7.916872004488956882e+05
 7.916872004488955718e+05
 7.916872004488959210e+05
 7.916872004488954553e+05
 7.916872004488954553e+05
 7.916872004488954553e+05
 7.916872004488954553e+05
 7.916872004488955718e+05
 7.916872004488955718e+05
 7.916872004488953389e+05
 7.916872004488956882e+05
 7.916872004488956882e+05
 7.916872004488959210e+05
 7.916872004488959210e+05
 7.916872004488956882e+05
 7.916872004488952225e+05
 7.916872004488955718e+05
 7.916872004488955718e+05
 7.916872004488952225e+05
 7.916872004488954553e+05
 7.916872004488953389e+05
 7.916872004488956882e+05
 7.916872004488953389e+05
 7.916872004488951061e+05
 7.916872004488952225e+05
 7.916872004488949897e+05
 7.916872004488949897e+05
 7.916872004488952225e+05
 7.916872004488951061e+05
 7.916872004488952225e+05
 7.916872004488955718e+05
 7.916872004488959210e+05
 7.916872004488958046e+05
 7.916872004488958046e+05
 7.916872004488953389e+05
 7.916872004488955718e+05
 7.916872004488953389e+05
 7.916872004488959210e+05
 7.916872004488948733e+05
 7.916872004488951061e+05
 7.916872004488951061e+05
 7.916872004488958046e+05
 7.916872004488955718e+05
 7.916872004488952225e+05
 7.916872004488948733e+05
 7.916872004488949897e+05
 7.916872004488951061e+05
 7.916872004488953389e+05
 7.916872004488955718e+05
 7.916872004488958046e+05
 7.916872004488961538e+05
 7.916872004488959210e+05
 7.916872004488956882e+05
 7.916872004488959210e+05
 7.916872004488960374e+05
 7.916872004488961538e+05
 7.916872004488959210e+05
 7.916872004488956882e+05
 7.916872004488951061e+05
 7.916872004488948733e+05
 7.916872004488946404e+05
 7.916872004488946404e+05
 7.916872004488940584e+05
 7.916872004488941748e+05
 7.916872004488945240e+05
 7.916872004488944076e+05
 7.916872004488941748e+05
 7.916872004488937091e+05
 7.916872004488958046e+05
 7.916872004488954553e+05
 7.916872004488952225e+05
 7.916872004488947568e+05
 7.916872004488947568e+05
 7.916872004488947568e+05
 7.916872004488948733e+05
 7.916872004488948733e+05
 7.916872004488953389e+05
 7.916872004488951061e+05
 7.916872004488956882e+05
 7.916872004488954553e+05
 7.916872004488955718e+05
 7.916872004488953389e+05
 7.916872004488955718e+05
 7.916872004488951061e+05
 7.916872004488955718e+05
 7.916872004488958046e+05
 7.916872004488960374e+05
 7.916872004488965031e+05
 7.916872004488958046e+05
 7.916872004488951061e+05
 7.916872004488953389e+05
 7.916872004488952225e+05
 7.916872004488952225e+05
 7.916872004488949897e+05
 7.916872004488947568e+05
 7.916872004488947568e+05
 7.916872004488948733e+05
 7.916872004488951061e+05
 7.916872004488949897e+05
 7.916872004488949897e+05
 7.916872004488947568e+05
 7.916872004488949897e+05
 7.916872004488951061e+05
 7.916872004488948733e+05
 7.916872004488953389e+05
 7.916872004488948733e+05
 7.916872004488941748e+05
 7.916872004488948733e+05
 7.916872004488948733e+05
 7.916872004488949897e+05
 7.916872004488951061e+05
 7.916872004488952225e+05
 7.916872004488951061e+05
 7.916872004488951061e+05
 7.916872004488951061e+05
 7.916872004488951061e+05
 7.916872004488951061e+05
 7.916872004488955718e+05
 </DataArray>
 <DataArray Name="T" type="Float32" NumberOfComponents="1" format="ascii">
 1.103000000000769433e+03
 1.103000000000082991e+03
 1.103000000001878561e+03
 1.103000000000319687e+03
 1.103000000003157538e+03
 1.103000000001097533e+03
 1.103000000002441766e+03
 1.103000000003934474e+03
 1.102999999998128487e+03
 1.103000000004316917e+03
 1.103000000001021817e+03
 1.102999999999882675e+03
 1.103000000002507022e+03
 1.102999999999418606e+03
 1.103000000004663207e+03
 1.102999999998902467e+03
 1.103000000004750518e+03
 1.103000000002233946e+03
 1.102999999997258101e+03
 1.103000000009823225e+03
 1.103000000001622539e+03
 1.102999999999321972e+03
 1.103000000004165713e+03
 1.102999999996676479e+03
 1.103000000009422592e+03
 1.102999999990802280e+03
 1.103000000015723117e+03
 1.102999999989172238e+03
 1.102999999999865622e+03
 1.103000000015938667e+03
 1.103000000002208708e+03
 1.102999999998542762e+03
 1.103000000006029495e+03
 1.102999999992714265e+03
 1.103000000016284503e+03
 1.102999999976873369e+03
 1.103000000039658744e+03
 1.102999999942927843e+03
 1.103000000079096480e+03
 1.103000000077008053e+03
 1.103000000002081833e+03
 1.102999999998274234e+03
 1.103000000005872153e+03
 1.102999999990815013e+03
 1.103000000018793571e+03
 1.102999999967998519e+03
 1.103000000057104444e+03
 1.102999999892832875e+03
 1.103000000239173005e+03
 1.102999999923577661e+03
 1.103000000001016588e+03
 1.102999999998449084e+03
 1.103000000003727109e+03
 1.102999999992012135e+03
 1.103000000014785655e+03
 1.102999999971019861e+03
 1.103000000050640665e+03
 1.102999999898390115e+03
 1.103000000241744829e+03
 1.102999999401167315e+03
 1.102999999995938651e+03
 1.103000000002605020e+03
 1.102999999989000798e+03
 1.103000000012779083e+03
 1.102999999970354338e+03
 1.103000000041703515e+03
 1.102999999919981065e+03
 1.103000000141305009e+03
 1.102999999704249149e+03
 1.103000000068940608e+03
 1.102999999994422069e+03
 1.103000000003786226e+03
 1.102999999984870101e+03
 1.103000000018406809e+03
 1.102999999958551825e+03
 1.103000000062708750e+03
 1.102999999866669896e+03
 1.103000000300072770e+03
 1.102999999189891241e+03
 1.103000000968070708e+03
 1.103000000002540446e+03
 1.102999999997463192e+03
 1.103000000007569497e+03
 1.102999999987339379e+03
 1.103000000024126393e+03
 1.102999999959008619e+03
 1.103000000071792329e+03
 1.102999999858933961e+03
 1.103000000335272944e+03
 1.102999998877130793e+03
 1.103000000001892431e+03
 1.102999999998424528e+03
 1.103000000005449920e+03
 1.102999999991882078e+03
 1.103000000017165348e+03
 1.102999999970493036e+03
 1.103000000054077873e+03
 1.102999999897570660e+03
 1.103000000251418214e+03
 1.102999999236208623e+03
 1.103000000000719410e+03
 1.102999999999686224e+03
 1.103000000001751005e+03
 1.102999999998524800e+03
 1.103000000003363994e+03
 1.102999999997726491e+03
 1.102999999999693273e+03
 1.103000000011557859e+03
 1.102999999961805997e+03
 1.103000000081586677e+03
 1.103000000000854016e+03
 1.102999999999541615e+03
 1.103000000002353090e+03
 1.102999999997577333e+03
 1.103000000006620894e+03
 1.102999999990719743e+03
 1.103000000018946594e+03
 1.102999999970156296e+03
 1.103000000048523589e+03
 1.102999999916755542e+03
 1.103000000000223963e+03
 1.102999999999998636e+03
 1.103000000000517502e+03
 1.102999999999981355e+03
 1.103000000000846285e+03
 1.103000000000796263e+03
 1.102999999998492740e+03
 1.103000000007102017e+03
 1.102999999987261845e+03
 1.103000000029595867e+03
 1.103000000000156206e+03
 1.102999999999966803e+03
 1.103000000000452019e+03
 1.102999999999785359e+03
 1.103000000001202807e+03
 1.102999999999104148e+03
 1.103000000002913794e+03
 1.102999999996803808e+03
 1.103000000007574045e+03
 1.102999999991176992e+03
 1.103000000000041382e+03
 1.103000000000016144e+03
 1.103000000000119826e+03
 1.103000000000090267e+03
 1.103000000000187356e+03
 1.103000000000390173e+03
 1.102999999999970669e+03
 1.103000000001332182e+03
 1.102999999998822659e+03
 1.103000000003207333e+03
 1.103000000000019099e+03
 1.103000000000005684e+03
 1.103000000000061846e+03
 1.103000000000039336e+03
 1.103000000000166892e+03
 1.103000000000130740e+03
 1.103000000000318551e+03
 1.103000000000299679e+03
 1.103000000000258751e+03
 1.103000000001518629e+03
 1.103000000000003865e+03
 1.103000000000005230e+03
 1.103000000000015234e+03
 1.103000000000033879e+03
 1.103000000000046839e+03
 1.103000000000123919e+03
 1.103000000000111186e+03
 1.103000000000289901e+03
 1.103000000000138016e+03
 1.103000000000461569e+03
 1.103000000000000000e+03
 1.103000000000002728e+03
 1.103000000000002728e+03
 1.103000000000016144e+03
 1.103000000000012960e+03
 1.103000000000066393e+03
 1.103000000000035016e+03
 1.103000000000241243e+03
 1.103000000000007276e+03
 1.103000000000700538e+03
 1.103000000000000455e+03
 1.103000000000002274e+03
 1.103000000000001137e+03
 1.103000000000007049e+03
 1.103000000000003865e+03
 1.103000000000030923e+03
 1.103000000000015461e+03
 1.103000000000108002e+03
 1.103000000000088221e+03
 1.103000000000253976e+03
 1.103000000000000000e+03
 1.103000000000000455e+03
 1.102999999999999545e+03
 1.103000000000002274e+03
 1.102999999999999545e+03
 1.103000000000010914e+03
 1.103000000000005684e+03
 1.103000000000042974e+03
 1.103000000000029786e+03
 1.103000000000173486e+03
 1.102999999999999545e+03
 1.102999999999999773e+03
 1.102999999999999318e+03
 1.103000000000000909e+03
 1.102999999999999545e+03
 1.103000000000005002e+03
 1.103000000000000227e+03
 1.103000000000020691e+03
 1.103000000000006821e+03
 1.103000000000079353e+03
 1.103000000000000455e+03
 1.103000000000000455e+03
 1.103000000000001137e+03
 1.103000000000001592e+03
 1.103000000000000455e+03
 1.103000000000002274e+03
 1.103000000000003411e+03
 1.103000000000005002e+03
 1.103000000000017508e+03
 1.103000000000001364e+03
 1.103000000000000227e+03
 1.103000000000000227e+03
 1.102999999999999545e+03
 1.103000000000000682e+03
 1.103000000000000227e+03
 1.103000000000000682e+03
 1.103000000000001137e+03
 1.103000000000002728e+03
 1.103000000000003865e+03
 1.103000000000012506e+03
 1.103000000000000455e+03
 1.103000000000000227e+03
 1.103000000000000000e+03
 1.103000000000000227e+03
 1.103000000000000455e+03
 1.103000000000001137e+03
 1.103000000000001592e+03
 1.103000000000002501e+03
 1.103000000000002046e+03
 1.103000000000007049e+03
 1.103000000000000455e+03
 1.103000000000000000e+03
 1.102999999999999773e+03
 1.103000000000000000e+03
 1.102999999999999773e+03
 1.102999999999999773e+03
 1.103000000000000000e+03
 1.103000000000000455e+03
 1.102999999999998863e+03
 1.103000000000003638e+03
 1.103000000000000455e+03
 1.103000000000000909e+03
 1.103000000000000682e+03
 1.103000000000000227e+03
 1.103000000000000455e+03
 1.103000000000000909e+03
 1.103000000000000455e+03
 1.103000000000001137e+03
 1.103000000000000227e+03
 1.103000000000002501e+03
 1.103000000000000227e+03
 1.103000000000000455e+03
 1.103000000000000000e+03
 1.103000000000000455e+03
 1.102999999999999773e+03
 1.102999999999999091e+03
 1.102999999999998863e+03
 1.102999999999999545e+03
 1.102999999999999545e+03
 1.103000000000000000e+03
 1.103000000000000455e+03
 1.103000000000000682e+03
 1.103000000000000455e+03
 1.103000000000000455e+03
 1.103000000000000909e+03
 1.103000000000001137e+03
 1.103000000000000909e+03
 1.103000000000001137e+03
 1.103000000000001592e+03
 1.103000000000002274e+03
 1.103000000000000455e+03
 1.103000000000000455e+03
 1.103000000000000682e+03
 1.103000000000000455e+03
 1.103000000000001137e+03
 1.103000000000000455e+03
 1.103000000000000455e+03
 1.103000000000000455e+03
 1.103000000000000455e+03
 1.103000000000000455e+03
 1.103000000000000455e+03
 1.103000000000000227e+03
 1.103000000000000682e+03
 1.103000000000000682e+03
 1.103000000000001137e+03
 1.103000000000001137e+03
 1.103000000000000682e+03
 1.103000000000000000e+03
 1.103000000000000455e+03
 1.103000000000000455e+03
 1.103000000000000000e+03
 1.103000000000000455e+03
 1.103000000000000227e+03
 1.103000000000000682e+03
 1.103000000000000227e+03
 1.103000000000000000e+03
 1.103000000000000000e+03
 1.102999999999999773e+03
 1.102999999999999773e+03
 1.103000000000000000e+03
 1.103000000000000000e+03
 1.103000000000000000e+03
 1.103000000000000455e+03
 1.103000000000001137e+03
 1.103000000000000909e+03
 1.103000000000000909e+03
 1.103000000000000227e+03
 1.103000000000000455e+03
 1.103000000000000227e+03
 1.103000000000001137e+03
 1.102999999999999545e+03
 1.103000000000000000e+03
 1.103000000000000000e+03
 1.103000000000000909e+03
 1.103000000000000455e+03
 1.103000000000000000e+03
 1.102999999999999545e+03
 1.102999999999999773e+03
 1.103000000000000000e+03
 1.103000000000000227e+03
 1.103000000000000455e+03
 1.103000000000000909e+03
 1.103000000000001364e+03
 1.103000000000001137e+03
 1.103000000000000682e+03
 1.103000000000001137e+03
 1.103000000000001137e+03
 1.103000000000001364e+03
 1.103000000000001137e+03
 1.103000000000000682e+03
 1.103000000000000000e+03
 1.102999999999999545e+03
 1.102999999999999318e+03
 1.102999999999999318e+03
 1.102999999999998408e+03
 1.102999999999998636e+03
 1.102999999999999091e+03
 1.102999999999998863e+03
 1.102999999999998636e+03
 1.102999999999997954e+03
 1.103000000000000909e+03
 1.103000000000000455e+03
 1.103000000000000000e+03
 1.102999999999999318e+03
 1.102999999999999318e+03
 1.102999999999999318e+03
 1.102999999999999545e+03
 1.102999999999999545e+03
 1.103000000000000227e+03
 1.103000000000000000e+03
 1.103000000000000682e+03
 1.103000000000000455e+03
 1.103000000000000455e+03
 1.103000000000000227e+03
 1.103000000000000455e+03
 1.103000000000000000e+03
 1.103000000000000455e+03
 1.103000000000000909e+03
 1.103000000000001137e+03
 1.103000000000001819e+03
 1.103000000000000909e+03
 1.103000000000000000e+03
 1.103000000000000227e+03
 1.103000000000000000e+03
 1.103000000000000000e+03
 1.102999999999999773e+03
 1.102999999999999318e+03
 1.102999999999999318e+03
 1.102999999999999545e+03
 1.103000000000000000e+03
 1.102999999999999773e+03
 1.102999999999999773e+03
 1.102999999999999318e+03
 1.102999999999999773e+03
 1.103000000000000000e+03
 1.102999999999999545e+03
 1.103000000000000227e+03
 1.102999999999999545e+03
 1.102999999999998636e+03
 1.102999999999999545e+03
 1.102999999999999545e+03
 1.102999999999999773e+03
 1.103000000000000000e+03
 1.103000000000000000e+03
 1.103000000000000000e+03
 1.103000000000000000e+03
 1.103000000000000000e+03
 1.103000000000000000e+03
 1.103000000000000000e+03
 1.103000000000000455e+03
 </DataArray>
 <DataArray Name="vel.vector" type="Float32" NumberOfComponents="3" format="ascii">
 1.000000000000000000e+03 -1.368666013856767449e-10 0.000000000000000000e+00
 1.000000000000000000e+03 -3.531364090036959169e-11 0.000000000000000000e+00
 1.000000000000000000e+03 -3.581937524366196612e-10 0.000000000000000000e+00
 1.000000000000000000e+03 1.267390775661070279e-10 0.000000000000000000e+00
 1.000000000000000000e+03 -6.181371525748602380e-10 0.000000000000000000e+00
 1.000000000000000000e+03 5.162180682916073238e-10 0.000000000000000000e+00
 1.000000000000000000e+03 -6.503942384661343112e-10 0.000000000000000000e+00
 1.000000000000000000e+03 2.536963139565528991e-10 0.000000000000000000e+00
 1.000000000000000000e+03 1.567816321212944786e-09 0.000000000000000000e+00
 1.000000000000000000e+03 -2.856708647414052393e-09 0.000000000000000000e+00
 1.000000000000000000e+03 -3.833517392415330960e-10 0.000000000000000000e+00
 1.000000000000000000e+03 -3.854669014535794247e-11 0.000000000000000000e+00
 1.000000000000000000e+03 -1.051945974772650061e-09 0.000000000000000000e+00
 1.000000000000000000e+03 5.723743701224748293e-10 0.000000000000000000e+00
 1.000000000000000000e+03 -2.157782841294419995e-09 0.000000000000000000e+00
 1.000000000000000000e+03 2.383857777843445547e-09 0.000000000000000000e+00
 1.000000000000000000e+03 -3.419815319816166266e-09 0.000000000000000000e+00
 1.000000000000000000e+03 3.054219321896312067e-09 0.000000000000000000e+00
 1.000000000000000000e+03 1.399747762143022101e-09 0.000000000000000000e+00
 1.000000000000000000e+03 -1.087924061948797316e-08 0.000000000000000000e+00
 1.000000000000000000e+03 -6.653260720135278916e-10 0.000000000000000000e+00
 1.000000000000000000e+03 4.773990924800131097e-11 0.000000000000000000e+00
 1.000000000000000000e+03 -1.945843264294921937e-09 0.000000000000000000e+00
 1.000000000000000000e+03 1.714575814659724529e-09 0.000000000000000000e+00
 1.000000000000000000e+03 -4.988762736246599161e-09 0.000000000000000000e+00
 1.000000000000000000e+03 7.406931956666085171e-09 0.000000000000000000e+00
 1.000000000000000000e+03 -1.217843070833168895e-08 0.000000000000000000e+00
 1.000000000000000000e+03 1.721119602393628156e-08 0.000000000000000000e+00
 1.000000000000000000e+03 -6.247449224616730135e-09 0.000000000000000000e+00
 1.000000000000000000e+03 -3.504187162661764887e-08 0.000000000000000000e+00
 1.000000000000000000e+03 -9.131299605336096192e-10 0.000000000000000000e+00
 1.000000000000000000e+03 2.452179848067004286e-10 0.000000000000000000e+00
 1.000000000000000000e+03 -2.886770156251827757e-09 0.000000000000000000e+00
 1.000000000000000000e+03 3.810348037092126106e-09 0.000000000000000000e+00
 1.000000000000000000e+03 -9.856958804732585122e-09 0.000000000000000000e+00
 1.000000000000000000e+03 1.846885133716114069e-08 0.000000000000000000e+00
 1.000000000000000000e+03 -3.507715007344813785e-08 0.000000000000000000e+00
 1.000000000000000000e+03 6.283638498416621587e-08 0.000000000000000000e+00
 1.000000000000000000e+03 -9.421460589464913937e-08 0.000000000000000000e+00
 1.000000000000000000e+03 -3.497412137676292332e-08 0.000000000000000000e+00
 1.000000000000000000e+03 -1.012930628263575272e-09 0.000000000000000000e+00
 1.000000000000000000e+03 5.613898790279847617e-10 0.000000000000000000e+00
 1.000000000000000000e+03 -3.506883450299369542e-09 0.000000000000000000e+00
 1.000000000000000000e+03 6.002494945533953796e-09 0.000000000000000000e+00
 1.000000000000000000e+03 -1.521908821189299488e-08 0.000000000000000000e+00
 1.000000000000000000e+03 3.311140872597206908e-08 0.000000000000000000e+00
 1.000000000000000000e+03 -7.242901034487658762e-08 0.000000000000000000e+00
 1.000000000000000000e+03 1.559569824394202442e-07 0.000000000000000000e+00
 1.000000000000000000e+03 -3.238395720472908579e-07 0.000000000000000000e+00
 1.000000000000000000e+03 1.513927969654105254e-07 0.000000000000000000e+00
 1.000000000000000000e+03 -7.738150675784538635e-10 0.000000000000000000e+00
 1.000000000000000000e+03 7.444370120346377462e-10 0.000000000000000000e+00
 1.000000000000000000e+03 -3.267282888685940634e-09 0.000000000000000000e+00
 1.000000000000000000e+03 7.526053558137846267e-09 0.000000000000000000e+00
 1.000000000000000000e+03 -1.992610343393153016e-08 0.000000000000000000e+00
 1.000000000000000000e+03 5.187951757079645176e-08 0.000000000000000000e+00
 1.000000000000000000e+03 -1.314107294092536904e-07 0.000000000000000000e+00
 1.000000000000000000e+03 3.344839569763280451e-07 0.000000000000000000e+00
 1.000000000000000000e+03 -8.407891414208279457e-07 0.000000000000000000e+00
 1.000000000000000000e+03 9.964654736904776655e-07 0.000000000000000000e+00
 1.000000000000000000e+03 -1.567741630958963128e-10 0.000000000000000000e+00
 1.000000000000000000e+03 4.485147253596721839e-10 0.000000000000000000e+00
 1.000000000000000000e+03 -1.307133512540303855e-09 0.000000000000000000e+00
 1.000000000000000000e+03 4.607908277165506661e-09 0.000000000000000000e+00
 1.000000000000000000e+03 -1.263845383903117181e-08 0.000000000000000000e+00
 1.000000000000000000e+03 3.743861398675107921e-08 0.000000000000000000e+00
 1.000000000000000000e+03 -1.021470907858201826e-07 0.000000000000000000e+00
 1.000000000000000000e+03 2.789810764625144657e-07 0.000000000000000000e+00
 1.000000000000000000e+03 -7.580015335406642407e-07 0.000000000000000000e+00
 1.000000000000000000e+03 1.214378357872192282e-06 0.000000000000000000e+00
 1.000000000000000000e+03 7.448742178617351328e-10 0.000000000000000000e+00
 1.000000000000000000e+03 -5.358352095363727585e-10 0.000000000000000000e+00
 1.000000000000000000e+03 3.325007602583696098e-09 0.000000000000000000e+00
 1.000000000000000000e+03 -6.702084665022312038e-09 0.000000000000000000e+00
 1.000000000000000000e+03 2.002785670640605531e-08 0.000000000000000000e+00
 1.000000000000000000e+03 -5.011527193232723221e-08 0.000000000000000000e+00
 1.000000000000000000e+03 1.312501467509719077e-07 0.000000000000000000e+00
 1.000000000000000000e+03 -3.297608657248929376e-07 0.000000000000000000e+00
 1.000000000000000000e+03 8.309524446303839795e-07 0.000000000000000000e+00
 1.000000000000000000e+03 -2.427746721878065728e-06 0.000000000000000000e+00
 1.000000000000000000e+03 1.338826161045858498e-09 0.000000000000000000e+00
 1.000000000000000000e+03 -8.283459473901189085e-10 0.000000000000000000e+00
 1.000000000000000000e+03 5.264587432662892752e-09 0.000000000000000000e+00
 1.000000000000000000e+03 -9.744693052482489293e-09 0.000000000000000000e+00
 1.000000000000000000e+03 2.734127235726191429e-08 0.000000000000000000e+00
 1.000000000000000000e+03 -6.390744289319627569e-08 0.000000000000000000e+00
 1.000000000000000000e+03 1.604717141390210600e-07 0.000000000000000000e+00
 1.000000000000000000e+03 -3.939658483886887552e-07 0.000000000000000000e+00
 1.000000000000000000e+03 9.885840199785889126e-07 0.000000000000000000e+00
 1.000000000000000000e+03 -2.796642775138025172e-06 0.000000000000000000e+00
 1.000000000000000000e+03 1.034499597096782963e-09 0.000000000000000000e+00
 1.000000000000000000e+03 -2.202978771626007415e-10 0.000000000000000000e+00
 1.000000000000000000e+03 3.220514299684396065e-09 0.000000000000000000e+00
 1.000000000000000000e+03 -3.577641960461619419e-09 0.000000000000000000e+00
 1.000000000000000000e+03 1.055563902951917044e-08 0.000000000000000000e+00
 1.000000000000000000e+03 -1.857924658565934806e-08 0.000000000000000000e+00
 1.000000000000000000e+03 3.973059747863771918e-08 0.000000000000000000e+00
 1.000000000000000000e+03 -7.383636102531454526e-08 0.000000000000000000e+00
 1.000000000000000000e+03 1.376402423147737863e-07 0.000000000000000000e+00
 1.000000000000000000e+03 -3.204616518814873416e-07 0.000000000000000000e+00
 1.000000000000000000e+03 7.048900907413724326e-10 0.000000000000000000e+00
 1.000000000000000000e+03 -2.242844278355082821e-11 0.000000000000000000e+00
 1.000000000000000000e+03 2.176206326254259693e-09 0.000000000000000000e+00
 1.000000000000000000e+03 -1.797664239688856469e-09 0.000000000000000000e+00
 1.000000000000000000e+03 6.526833296049971977e-09 0.000000000000000000e+00
 1.000000000000000000e+03 -9.598784878050992120e-09 0.000000000000000000e+00
 1.000000000000000000e+03 1.952148842576661991e-08 0.000000000000000000e+00
 1.000000000000000000e+03 -2.717854741263181495e-08 0.000000000000000000e+00
 1.000000000000000000e+03 3.576859697318468534e-08 0.000000000000000000e+00
 1.000000000000000000e+03 1.177110409145143421e-08 0.000000000000000000e+00
 1.000000000000000000e+03 4.176412271572615964e-10 0.000000000000000000e+00
 1.000000000000000000e+03 8.313358335065856863e-11 0.000000000000000000e+00
 1.000000000000000000e+03 1.289508277935169644e-09 0.000000000000000000e+00
 1.000000000000000000e+03 -4.553188659439655339e-10 0.000000000000000000e+00
 1.000000000000000000e+03 3.268427084535119320e-09 0.000000000000000000e+00
 1.000000000000000000e+03 -3.367710554869063344e-09 0.000000000000000000e+00
 1.000000000000000000e+03 9.204282669372787495e-09 0.000000000000000000e+00
 1.000000000000000000e+03 -1.576066033237566444e-08 0.000000000000000000e+00
 1.000000000000000000e+03 3.496359113341895863e-08 0.000000000000000000e+00
 1.000000000000000000e+03 -7.624804254646733170e-08 0.000000000000000000e+00
 1.000000000000000000e+03 2.080275257609898176e-10 0.000000000000000000e+00
 1.000000000000000000e+03 9.745084600387698970e-11 0.000000000000000000e+00
 1.000000000000000000e+03 6.176033018334692315e-10 0.000000000000000000e+00
 1.000000000000000000e+03 3.962450853545185225e-11 0.000000000000000000e+00
 1.000000000000000000e+03 1.448047903807037073e-09 0.000000000000000000e+00
 1.000000000000000000e+03 -5.300171967981270882e-10 0.000000000000000000e+00
 1.000000000000000000e+03 2.581720393024511395e-09 0.000000000000000000e+00
 1.000000000000000000e+03 1.714890174309147142e-10 0.000000000000000000e+00
 1.000000000000000000e+03 -1.264135796041898629e-09 0.000000000000000000e+00
 1.000000000000000000e+03 1.654941605977455765e-08 0.000000000000000000e+00
 1.000000000000000000e+03 9.691832753011553336e-11 0.000000000000000000e+00
 1.000000000000000000e+03 7.099685422895518627e-11 0.000000000000000000e+00
 1.000000000000000000e+03 3.200175124895565659e-10 0.000000000000000000e+00
 1.000000000000000000e+03 1.200869403916726696e-10 0.000000000000000000e+00
 1.000000000000000000e+03 7.654576417159830726e-10 0.000000000000000000e+00
 1.000000000000000000e+03 9.250183258258104502e-11 0.000000000000000000e+00
 1.000000000000000000e+03 1.259985560331244869e-09 0.000000000000000000e+00
 1.000000000000000000e+03 -1.715040470751105772e-10 0.000000000000000000e+00
 1.000000000000000000e+03 3.034794637812865403e-09 0.000000000000000000e+00
 1.000000000000000000e+03 -2.382638530917802200e-09 0.000000000000000000e+00
 1.000000000000000000e+03 4.104878936761480190e-11 0.000000000000000000e+00
 1.000000000000000000e+03 3.760601899327475905e-11 0.000000000000000000e+00
 1.000000000000000000e+03 1.494250279066022813e-10 0.000000000000000000e+00
 1.000000000000000000e+03 1.110994768405149102e-10 0.000000000000000000e+00
 1.000000000000000000e+03 3.486257671436732153e-10 0.000000000000000000e+00
 1.000000000000000000e+03 2.620069439185357396e-10 0.000000000000000000e+00
 1.000000000000000000e+03 4.840982059661769199e-10 0.000000000000000000e+00
 1.000000000000000000e+03 6.708721356218916299e-10 0.000000000000000000e+00
 1.000000000000000000e+03 3.487300170856855175e-10 0.000000000000000000e+00
 1.000000000000000000e+03 3.133671766519796620e-09 0.000000000000000000e+00
 1.000000000000000000e+03 1.597414735210467285e-11 0.000000000000000000e+00
 1.000000000000000000e+03 1.735475305131295443e-11 0.000000000000000000e+00
 1.000000000000000000e+03 6.324296641935234220e-11 0.000000000000000000e+00
 1.000000000000000000e+03 7.046140754196628109e-11 0.000000000000000000e+00
 1.000000000000000000e+03 1.651863090756933161e-10 0.000000000000000000e+00
 1.000000000000000000e+03 1.893806778063833463e-10 0.000000000000000000e+00
 1.000000000000000000e+03 3.080626587159684959e-10 0.000000000000000000e+00
 1.000000000000000000e+03 3.716411345333625604e-10 0.000000000000000000e+00
 1.000000000000000000e+03 6.887300174618360415e-10 0.000000000000000000e+00
 1.000000000000000000e+03 4.497523187207974615e-10 0.000000000000000000e+00
 1.000000000000000000e+03 5.073989405718348777e-12 0.000000000000000000e+00
 1.000000000000000000e+03 7.116711733812230989e-12 0.000000000000000000e+00
 1.000000000000000000e+03 2.127642333149548648e-11 0.000000000000000000e+00
 1.000000000000000000e+03 3.600041445506185767e-11 0.000000000000000000e+00
 1.000000000000000000e+03 6.982845551783967153e-11 0.000000000000000000e+00
 1.000000000000000000e+03 1.298161578233703040e-10 0.000000000000000000e+00
 1.000000000000000000e+03 1.743143684951320438e-10 0.000000000000000000e+00
 1.000000000000000000e+03 3.610431398293201255e-10 0.000000000000000000e+00
 1.000000000000000000e+03 2.441539748154752942e-10 0.000000000000000000e+00
 1.000000000000000000e+03 9.880396500960841877e-10 0.000000000000000000e+00
 1.000000000000000000e+03 1.003317004130699353e-12 0.000000000000000000e+00
 1.000000000000000000e+03 2.495560615795033854e-12 0.000000000000000000e+00
 1.000000000000000000e+03 6.598032883942117621e-12 0.000000000000000000e+00
 1.000000000000000000e+03 1.548290488873060866e-11 0.000000000000000000e+00
 1.000000000000000000e+03 2.855825645409204583e-11 0.000000000000000000e+00
 1.000000000000000000e+03 6.168469207645799202e-11 0.000000000000000000e+00
 1.000000000000000000e+03 9.501685549473393166e-11 0.000000000000000000e+00
 1.000000000000000000e+03 2.084958317105645165e-10 0.000000000000000000e+00
 1.000000000000000000e+03 2.299430368335464436e-10 0.000000000000000000e+00
 1.000000000000000000e+03 3.909690071690619106e-10 0.000000000000000000e+00
 1.000000000000000000e+03 1.555202906559915998e-13 0.000000000000000000e+00
 1.000000000000000000e+03 9.668751259697683231e-13 0.000000000000000000e+00
 1.000000000000000000e+03 1.749308488861733846e-12 0.000000000000000000e+00
 1.000000000000000000e+03 5.778026928443535937e-12 0.000000000000000000e+00
 1.000000000000000000e+03 9.962114466688376524e-12 0.000000000000000000e+00
 1.000000000000000000e+03 2.937318097084862245e-11 0.000000000000000000e+00
 1.000000000000000000e+03 3.875457940671900303e-11 0.000000000000000000e+00
 1.000000000000000000e+03 1.196323595742398993e-10 0.000000000000000000e+00
 1.000000000000000000e+03 1.254186893229203292e-10 0.000000000000000000e+00
 1.000000000000000000e+03 3.371213586067511869e-10 0.000000000000000000e+00
 1.000000000000000000e+03 1.801297385718974436e-14 0.000000000000000000e+00
 1.000000000000000000e+03 4.443458133992356229e-13 0.000000000000000000e+00
 1.000000000000000000e+03 4.974245841615765329e-13 0.000000000000000000e+00
 1.000000000000000000e+03 2.022101453294511408e-12 0.000000000000000000e+00
 1.000000000000000000e+03 2.873379919415830486e-12 0.000000000000000000e+00
 1.000000000000000000e+03 1.187697509785756722e-11 0.000000000000000000e+00
 1.000000000000000000e+03 1.563880275279316834e-11 0.000000000000000000e+00
 1.000000000000000000e+03 4.527944685861484686e-11 0.000000000000000000e+00
 1.000000000000000000e+03 6.673169655746491458e-11 0.000000000000000000e+00
 1.000000000000000000e+03 1.725331127966356348e-10 0.000000000000000000e+00
 1.000000000000000000e+03 -1.984351403897313681e-13 0.000000000000000000e+00
 1.000000000000000000e+03 -3.512958018014530892e-14 0.000000000000000000e+00
 1.000000000000000000e+03 -2.918070854938427383e-14 0.000000000000000000e+00
 1.000000000000000000e+03 7.359563804730517855e-13 0.000000000000000000e+00
 1.000000000000000000e+03 8.444641470470304334e-13 0.000000000000000000e+00
 1.000000000000000000e+03 4.465471395431741541e-12 0.000000000000000000e+00
 1.000000000000000000e+03 5.774203164221614060e-12 0.000000000000000000e+00
 1.000000000000000000e+03 2.085395398032652281e-11 0.000000000000000000e+00
 1.000000000000000000e+03 2.445344794710369030e-11 0.000000000000000000e+00
 1.000000000000000000e+03 7.477372887532141021e-11 0.000000000000000000e+00
 1.000000000000000000e+03 -1.615021965716955527e-14 0.000000000000000000e+00
 1.000000000000000000e+03 7.863828132507327817e-14 0.000000000000000000e+00
 1.000000000000000000e+03 1.214428812503984267e-13 0.000000000000000000e+00
 1.000000000000000000e+03 4.470627969384299849e-13 0.000000000000000000e+00
 1.000000000000000000e+03 4.653735079587772994e-13 0.000000000000000000e+00
 1.000000000000000000e+03 1.983409964045890206e-12 0.000000000000000000e+00
 1.000000000000000000e+03 2.154916002583551204e-12 0.000000000000000000e+00
 1.000000000000000000e+03 7.016400915133003124e-12 0.000000000000000000e+00
 1.000000000000000000e+03 1.108628553542212458e-11 0.000000000000000000e+00
 1.000000000000000000e+03 2.412701809173523060e-11 0.000000000000000000e+00
 1.000000000000000000e+03 -3.435914272824532045e-14 0.000000000000000000e+00
 1.000000000000000000e+03 -3.642049904934233084e-14 0.000000000000000000e+00
 1.000000000000000000e+03 5.209094738672578884e-14 0.000000000000000000e+00
 1.000000000000000000e+03 4.148442386050360531e-13 0.000000000000000000e+00
 1.000000000000000000e+03 2.141595955478317603e-13 0.000000000000000000e+00
 1.000000000000000000e+03 5.398282732285708541e-13 0.000000000000000000e+00
 1.000000000000000000e+03 9.727413102442183934e-13 0.000000000000000000e+00
 1.000000000000000000e+03 2.049670979817341809e-12 0.000000000000000000e+00
 1.000000000000000000e+03 7.200786408118053927e-12 0.000000000000000000e+00
 1.000000000000000000e+03 8.455029211484887952e-12 0.000000000000000000e+00
 1.000000000000000000e+03 -7.437069216758088186e-14 0.000000000000000000e+00
 1.000000000000000000e+03 1.185339431046972952e-14 0.000000000000000000e+00
 1.000000000000000000e+03 -1.422763545432664811e-13 0.000000000000000000e+00
 1.000000000000000000e+03 2.122760449948905837e-14 0.000000000000000000e+00
 1.000000000000000000e+03 1.414243342660187475e-13 0.000000000000000000e+00
 1.000000000000000000e+03 2.835467592058465991e-13 0.000000000000000000e+00
 1.000000000000000000e+03 5.624785034442914000e-13 0.000000000000000000e+00
 1.000000000000000000e+03 9.500712933388499870e-13 0.000000000000000000e+00
 1.000000000000000000e+03 2.374055813048059349e-12 0.000000000000000000e+00
 1.000000000000000000e+03 5.754880946784446394e-12 0.000000000000000000e+00
 1.000000000000000000e+03 -5.770722983668152839e-14 0.000000000000000000e+00
 1.000000000000000000e+03 -1.661872137299902352e-13 0.000000000000000000e+00
 1.000000000000000000e+03 -3.463885265859306672e-13 0.000000000000000000e+00
 1.000000000000000000e+03 -3.109002313407549511e-13 0.000000000000000000e+00
 1.000000000000000000e+03 -1.658773080915124098e-13 0.000000000000000000e+00
 1.000000000000000000e+03 -1.245152120516249128e-13 0.000000000000000000e+00
 1.000000000000000000e+03 9.600701716917445228e-14 0.000000000000000000e+00
 1.000000000000000000e+03 4.869502153934113231e-13 0.000000000000000000e+00
 1.000000000000000000e+03 7.348711483085024199e-13 0.000000000000000000e+00
 1.000000000000000000e+03 2.882104927978690334e-12 0.000000000000000000e+00
 1.000000000000000000e+03 7.161354571415950998e-14 0.000000000000000000e+00
 1.000000000000000000e+03 -9.769911794724542298e-14 0.000000000000000000e+00
 1.000000000000000000e+03 -2.372017512963786601e-13 0.000000000000000000e+00
 1.000000000000000000e+03 -4.603978331386981981e-13 0.000000000000000000e+00
 1.000000000000000000e+03 -4.242982104985665304e-13 0.000000000000000000e+00
 1.000000000000000000e+03 -2.720225845791179875e-13 0.000000000000000000e+00
 1.000000000000000000e+03 -9.360290727190509474e-14 0.000000000000000000e+00
 1.000000000000000000e+03 3.038983181855720028e-13 0.000000000000000000e+00
 1.000000000000000000e+03 -3.982959998600175966e-14 0.000000000000000000e+00
 1.000000000000000000e+03 1.544844222163554992e-12 0.000000000000000000e+00
 1.000000000000000000e+03 -6.189344284486530956e-14 0.000000000000000000e+00
 1.000000000000000000e+03 8.695499967856581969e-14 0.000000000000000000e+00
 1.000000000000000000e+03 -2.043302152639463881e-14 0.000000000000000000e+00
 1.000000000000000000e+03 -4.540402884396776972e-14 0.000000000000000000e+00
 1.000000000000000000e+03 -1.807728906887476339e-13 0.000000000000000000e+00
 1.000000000000000000e+03 -2.264163791350359833e-13 0.000000000000000000e+00
 1.000000000000000000e+03 -2.063382559432114238e-13 0.000000000000000000e+00
 1.000000000000000000e+03 9.565906281070596373e-14 0.000000000000000000e+00
 1.000000000000000000e+03 2.709425972425780205e-14 0.000000000000000000e+00
 1.000000000000000000e+03 6.437417330966421769e-13 0.000000000000000000e+00
 1.000000000000000000e+03 -2.088842743523319778e-13 0.000000000000000000e+00
 1.000000000000000000e+03 -2.076149446588945735e-13 0.000000000000000000e+00
 1.000000000000000000e+03 -1.438725169815996408e-13 0.000000000000000000e+00
 1.000000000000000000e+03 -1.500409937623976148e-14 0.000000000000000000e+00
 1.000000000000000000e+03 -2.185895236518631268e-13 0.000000000000000000e+00
 1.000000000000000000e+03 -2.400446649179072134e-13 0.000000000000000000e+00
 1.000000000000000000e+03 -3.387383418467643237e-13 0.000000000000000000e+00
 1.000000000000000000e+03 -2.686453761269885776e-13 0.000000000000000000e+00
 1.000000000000000000e+03 -1.657378254820221497e-13 0.000000000000000000e+00
 1.000000000000000000e+03 2.542698039967317136e-13 0.000000000000000000e+00
 1.000000000000000000e+03 -2.451523752338043149e-14 0.000000000000000000e+00
 1.000000000000000000e+03 -9.958970903804417740e-14 0.000000000000000000e+00
 1.000000000000000000e+03 -9.421386197236425453e-14 0.000000000000000000e+00
 1.000000000000000000e+03 -2.655377816501020005e-13 0.000000000000000000e+00
 1.000000000000000000e+03 -2.234373439307518749e-13 0.000000000000000000e+00
 1.000000000000000000e+03 5.392580730948523613e-16 0.000000000000000000e+00
 1.000000000000000000e+03 3.020994251875771044e-15 0.000000000000000000e+00
 1.000000000000000000e+03 1.060807732346062682e-13 0.000000000000000000e+00
 1.000000000000000000e+03 1.525171319533696890e-13 0.000000000000000000e+00
 1.000000000000000000e+03 5.342782423076175569e-13 0.000000000000000000e+00
 1.000000000000000000e+03 7.399560564974594357e-14 0.000000000000000000e+00
 1.000000000000000000e+03 3.669081775599727924e-14 0.000000000000000000e+00
 1.000000000000000000e+03 -4.950171674476810946e-14 0.000000000000000000e+00
 1.000000000000000000e+03 -3.266585949217998275e-14 0.000000000000000000e+00
 1.000000000000000000e+03 1.087007342318903336e-13 0.000000000000000000e+00
 1.000000000000000000e+03 1.115631567162600479e-13 0.000000000000000000e+00
 1.000000000000000000e+03 1.743609868033041410e-13 0.000000000000000000e+00
 1.000000000000000000e+03 3.511056733979805999e-13 0.000000000000000000e+00
 1.000000000000000000e+03 4.808282678264719223e-13 0.000000000000000000e+00
 1.000000000000000000e+03 6.312923816510773722e-13 0.000000000000000000e+00
 1.000000000000000000e+03 1.217311299504808542e-13 0.000000000000000000e+00
 1.000000000000000000e+03 3.172068998528315698e-13 0.000000000000000000e+00
 1.000000000000000000e+03 2.873231980029394839e-13 0.000000000000000000e+00
 1.000000000000000000e+03 2.143259121610910367e-13 0.000000000000000000e+00
 1.000000000000000000e+03 1.648159012697034131e-13 0.000000000000000000e+00
 1.000000000000000000e+03 2.092616986811013380e-13 0.000000000000000000e+00
 1.000000000000000000e+03 3.582805981148379226e-13 0.000000000000000000e+00
 1.000000000000000000e+03 2.869658991769968859e-13 0.000000000000000000e+00
 1.000000000000000000e+03 3.077430617195314744e-13 0.000000000000000000e+00
 1.000000000000000000e+03 3.218737125790238629e-13 0.000000000000000000e+00
 1.000000000000000000e+03 1.732495304987077822e-13 0.000000000000000000e+00
 1.000000000000000000e+03 2.089001172565774223e-13 0.000000000000000000e+00
 1.000000000000000000e+03 4.343413378526256308e-13 0.000000000000000000e+00
 1.000000000000000000e+03 3.295578599512433149e-13 0.000000000000000000e+00
 1.000000000000000000e+03 1.959402963231521300e-13 0.000000000000000000e+00
 1.000000000000000000e+03 1.726508476115884427e-13 0.000000000000000000e+00
 1.000000000000000000e+03 2.833053344870883894e-13 0.000000000000000000e+00
 1.000000000000000000e+03 3.793163699805646161e-13 0.000000000000000000e+00
 1.000000000000000000e+03 4.238600030855022016e-13 0.000000000000000000e+00
 1.000000000000000000e+03 3.720062452527983510e-13 0.000000000000000000e+00
 1.000000000000000000e+03 -3.860729417366412508e-14 0.000000000000000000e+00
 1.000000000000000000e+03 -2.629514681896146649e-15 0.000000000000000000e+00
 1.000000000000000000e+03 3.466225177435437732e-14 0.000000000000000000e+00
 1.000000000000000000e+03 2.795317959308069033e-13 0.000000000000000000e+00
 1.000000000000000000e+03 5.274527017408436880e-13 0.000000000000000000e+00
 1.000000000000000000e+03 5.154320438342796518e-13 0.000000000000000000e+00
 1.000000000000000000e+03 3.726620249368262083e-13 0.000000000000000000e+00
 1.000000000000000000e+03 3.019159087232908822e-13 0.000000000000000000e+00
 1.000000000000000000e+03 3.386723681445685807e-13 0.000000000000000000e+00
 1.000000000000000000e+03 5.258694955184717301e-13 0.000000000000000000e+00
 1.000000000000000000e+03 -5.028124794238982009e-14 0.000000000000000000e+00
 1.000000000000000000e+03 1.375795212753576011e-14 0.000000000000000000e+00
 1.000000000000000000e+03 6.319921528382538289e-14 0.000000000000000000e+00
 1.000000000000000000e+03 2.150743640258120926e-13 0.000000000000000000e+00
 1.000000000000000000e+03 5.415446194777240319e-13 0.000000000000000000e+00
 1.000000000000000000e+03 4.754050885596994291e-13 0.000000000000000000e+00
 1.000000000000000000e+03 3.381655307339859196e-13 0.000000000000000000e+00
 1.000000000000000000e+03 2.011282714811310490e-13 0.000000000000000000e+00
 1.000000000000000000e+03 2.132609410246399939e-13 0.000000000000000000e+00
 1.000000000000000000e+03 4.320799902764183020e-13 0.000000000000000000e+00
 1.000000000000000000e+03 -7.932975158936664273e-14 0.000000000000000000e+00
 1.000000000000000000e+03 7.383748725662490475e-16 0.000000000000000000e+00
 1.000000000000000000e+03 1.259656983755574888e-13 0.000000000000000000e+00
 1.000000000000000000e+03 9.272991445888334461e-14 0.000000000000000000e+00
 1.000000000000000000e+03 1.542276235107914450e-13 0.000000000000000000e+00
 1.000000000000000000e+03 3.456977813818401524e-13 0.000000000000000000e+00
 1.000000000000000000e+03 4.897844825026143045e-13 0.000000000000000000e+00
 1.000000000000000000e+03 5.235612833033587155e-13 0.000000000000000000e+00
 1.000000000000000000e+03 4.099058061295818289e-13 0.000000000000000000e+00
 1.000000000000000000e+03 3.490636870263214009e-13 0.000000000000000000e+00
 1.000000000000000000e+03 -3.743641681375198260e-14 0.000000000000000000e+00
 1.000000000000000000e+03 -2.067963042560322373e-13 0.000000000000000000e+00
 1.000000000000000000e+03 -1.922451862415228141e-13 0.000000000000000000e+00
 1.000000000000000000e+03 -1.186870968259562398e-13 0.000000000000000000e+00
 1.000000000000000000e+03 -1.140442314152487202e-13 0.000000000000000000e+00
 1.000000000000000000e+03 1.890289140493717213e-13 0.000000000000000000e+00
 1.000000000000000000e+03 2.840607794558219767e-13 0.000000000000000000e+00
 1.000000000000000000e+03 4.387105912925792772e-13 0.000000000000000000e+00
 1.000000000000000000e+03 6.387922417590286006e-13 0.000000000000000000e+00
 1.000000000000000000e+03 3.201077911855337854e-13 0.000000000000000000e+00
 1.000000000000000000e+03 -5.176872588919488594e-14 0.000000000000000000e+00
 1.000000000000000000e+03 3.577222407722714659e-14 0.000000000000000000e+00
 1.000000000000000000e+03 9.562229480453154906e-14 0.000000000000000000e+00
 1.000000000000000000e+03 1.579170144259608999e-13 0.000000000000000000e+00
 1.000000000000000000e+03 1.241606508361678407e-13 0.000000000000000000e+00
 1.000000000000000000e+03 5.866222221526107283e-14 0.000000000000000000e+00
 1.000000000000000000e+03 2.232407103142444726e-13 0.000000000000000000e+00
 1.000000000000000000e+03 2.098741915933927116e-13 0.000000000000000000e+00
 1.000000000000000000e+03 3.732360286719943465e-13 0.000000000000000000e+00
 1.000000000000000000e+03 3.118245950079617801e-13 0.000000000000000000e+00
 1.000000000000000000e+03 8.331902604918201005e-14 0.000000000000000000e+00
 1.000000000000000000e+03 1.921726666687106899e-13 0.000000000000000000e+00
 1.000000000000000000e+03 2.652570003924825670e-13 0.000000000000000000e+00
 1.000000000000000000e+03 2.398497524723486318e-13 0.000000000000000000e+00
 1.000000000000000000e+03 1.914803900290515393e-13 0.000000000000000000e+00
 1.000000000000000000e+03 1.808384171575472266e-14 0.000000000000000000e+00
 1.000000000000000000e+03 -9.174252476413721769e-14 0.000000000000000000e+00
 1.000000000000000000e+03 -1.764746253860374758e-13 0.000000000000000000e+00
 1.000000000000000000e+03 -1.004044869706670340e-13 0.000000000000000000e+00
 1.000000000000000000e+03 1.868168841194853269e-13 0.000000000000000000e+00
 1.000000000000000000e+03 2.535039235820879533e-13 0.000000000000000000e+00
 1.000000000000000000e+03 2.504945036119199386e-13 0.000000000000000000e+00
 1.000000000000000000e+03 2.452055485741011509e-13 0.000000000000000000e+00
 1.000000000000000000e+03 1.304268515021564379e-13 0.000000000000000000e+00
 1.000000000000000000e+03 1.896017522672044375e-13 0.000000000000000000e+00
 1.000000000000000000e+03 1.524341904871745479e-13 0.000000000000000000e+00
 1.000000000000000000e+03 5.124054324834141638e-14 0.000000000000000000e+00
 1.000000000000000000e+03 2.282584174502651740e-15 0.000000000000000000e+00
 1.000000000000000000e+03 -3.944966166344494873e-14 0.000000000000000000e+00
 1.000000000000000000e+03 -1.735758482475716069e-13 0.000000000000000000e+00
 1.000000000000000000e+03 2.069696885122034036e-14 0.000000000000000000e+00
 1.000000000000000000e+03 8.622815731839511555e-15 0.000000000000000000e+00
 1.000000000000000000e+03 -3.303565713629226519e-14 0.000000000000000000e+00
 1.000000000000000000e+03 -4.543773397900491284e-14 0.000000000000000000e+00
 1.000000000000000000e+03 2.371988713843579955e-15 0.000000000000000000e+00
 1.000000000000000000e+03 7.180928486387461174e-14 0.000000000000000000e+00
 1.000000000000000000e+03 5.557715881477146014e-14 0.000000000000000000e+00
 1.000000000000000000e+03 6.933904541034721647e-14 0.000000000000000000e+00
 1.000000000000000000e+03 -6.217732085493990479e-14 0.000000000000000000e+00
 1.000000000000000000e+03 -1.061181172231848158e-13 0.000000000000000000e+00
 </DataArray>
</CellData>
</Piece>
</UnstructuredGrid>
</VTKFile>
