<VTKFile type="UnstructuredGrid" byte_order="BigEndian">
<UnstructuredGrid><Piece NumberOfPoints="1681" NumberOfCells="1600">
<Points>
 <DataArray type="Float32" NumberOfComponents="3" format="ascii">
 2.000000029802322388e-01 0.000000000000000000e+00 0.000000000000000000e+00
 2.199999988079071045e-01 7.279499899595975876e-03 0.000000000000000000e+00
 2.399999946355819702e-01 1.455899979919195175e-02 0.000000000000000000e+00
 2.599999904632568359e-01 2.183849923312664032e-02 0.000000000000000000e+00
 2.800000011920928955e-01 2.911799959838390350e-02 0.000000000000000000e+00
 3.000000119209289551e-01 3.639750182628631592e-02 0.000000000000000000e+00
 3.199999928474426270e-01 4.367699846625328064e-02 0.000000000000000000e+00
 3.400000035762786865e-01 5.095649883151054382e-02 0.000000000000000000e+00
 3.600000143051147461e-01 5.823599919676780701e-02 0.000000000000000000e+00
 3.799999952316284180e-01 6.551550328731536865e-02 0.000000000000000000e+00
 4.000000059604644775e-01 7.279500365257263184e-02 0.000000000000000000e+00
 4.199999868869781494e-01 8.007449656724929810e-02 0.000000000000000000e+00
 4.399999976158142090e-01 8.735399693250656128e-02 0.000000000000000000e+00
 4.600000083446502686e-01 9.463349729776382446e-02 0.000000000000000000e+00
 4.799999892711639404e-01 1.019129976630210876e-01 0.000000000000000000e+00
 5.000000000000000000e-01 1.091924980282783508e-01 0.000000000000000000e+00
 5.199999809265136719e-01 1.164719983935356140e-01 0.000000000000000000e+00
 5.400000214576721191e-01 1.237514987587928772e-01 0.000000000000000000e+00
 5.600000023841857910e-01 1.310310065746307373e-01 0.000000000000000000e+00
 5.799999833106994629e-01 1.383105069398880005e-01 0.000000000000000000e+00
 6.000000238418579102e-01 1.455900073051452637e-01 0.000000000000000000e+00
 6.200000047683715820e-01 1.528694927692413330e-01 0.000000000000000000e+00
 6.399999856948852539e-01 1.601489931344985962e-01 0.000000000000000000e+00
 6.600000262260437012e-01 1.674284934997558594e-01 0.000000000000000000e+00
 6.800000071525573730e-01 1.747079938650131226e-01 0.000000000000000000e+00
 6.999999880790710449e-01 1.819874942302703857e-01 0.000000000000000000e+00
 7.200000286102294922e-01 1.892669945955276489e-01 0.000000000000000000e+00
 7.400000095367431641e-01 1.965464949607849121e-01 0.000000000000000000e+00
 7.599999904632568359e-01 2.038259953260421753e-01 0.000000000000000000e+00
 7.799999713897705078e-01 2.111054956912994385e-01 0.000000000000000000e+00
 8.000000119209289551e-01 2.183849960565567017e-01 0.000000000000000000e+00
 8.199999928474426270e-01 2.256644964218139648e-01 0.000000000000000000e+00
 8.399999737739562988e-01 2.329439967870712280e-01 0.000000000000000000e+00
 8.600000143051147461e-01 2.402234971523284912e-01 0.000000000000000000e+00
 8.799999952316284180e-01 2.475029975175857544e-01 0.000000000000000000e+00
 8.999999761581420898e-01 2.547824978828430176e-01 0.000000000000000000e+00
 9.200000166893005371e-01 2.620620131492614746e-01 0.000000000000000000e+00
 9.399999976158142090e-01 2.693414986133575439e-01 0.000000000000000000e+00
 9.599999785423278809e-01 2.766210138797760010e-01 0.000000000000000000e+00
 9.800000190734863281e-01 2.839004993438720703e-01 0.000000000000000000e+00
 1.000000000000000000e+00 2.911800146102905273e-01 0.000000000000000000e+00
 2.000000029802322388e-01 2.500000037252902985e-02 0.000000000000000000e+00
 2.193060070276260376e-01 3.130013123154640198e-02 0.000000000000000000e+00
 2.386119961738586426e-01 3.760026767849922180e-02 0.000000000000000000e+00
 2.579180002212524414e-01 4.390040040016174316e-02 0.000000000000000000e+00
 2.772240042686462402e-01 5.020053312182426453e-02 0.000000000000000000e+00
 2.969676852226257324e-01 5.706568434834480286e-02 0.000000000000000000e+00
 3.167113959789276123e-01 6.393083930015563965e-02 0.000000000000000000e+00
 3.364550769329071045e-01 7.079599052667617798e-02 0.000000000000000000e+00
 3.561987578868865967e-01 7.766114175319671631e-02 0.000000000000000000e+00
 3.761335909366607666e-01 8.483611047267913818e-02 0.000000000000000000e+00
 3.960684239864349365e-01 9.201108664274215698e-02 0.000000000000000000e+00
 4.160032570362091064e-01 9.918606281280517578e-02 0.000000000000000000e+00
 4.359380900859832764e-01 1.063610315322875977e-01 0.000000000000000000e+00
 4.559584558010101318e-01 1.136787161231040955e-01 0.000000000000000000e+00
 4.759787917137145996e-01 1.209964007139205933e-01 0.000000000000000000e+00
 4.959991276264190674e-01 1.283140778541564941e-01 0.000000000000000000e+00
 5.160194635391235352e-01 1.356317698955535889e-01 0.000000000000000000e+00
 5.360814929008483887e-01 1.429995298385620117e-01 0.000000000000000000e+00
 5.561435222625732422e-01 1.503673046827316284e-01 0.000000000000000000e+00
 5.762055516242980957e-01 1.577350646257400513e-01 0.000000000000000000e+00
 5.962675809860229492e-01 1.651028394699096680e-01 0.000000000000000000e+00
 6.163483858108520508e-01 1.724584400653839111e-01 0.000000000000000000e+00
 6.364291906356811523e-01 1.798140257596969604e-01 0.000000000000000000e+00
 6.565099954605102539e-01 1.871696263551712036e-01 0.000000000000000000e+00
 6.765908002853393555e-01 1.945252269506454468e-01 0.000000000000000000e+00
 6.966809034347534180e-01 2.018225342035293579e-01 0.000000000000000000e+00
 7.167710065841674805e-01 2.091198414564132690e-01 0.000000000000000000e+00
 7.368611097335815430e-01 2.164171487092971802e-01 0.000000000000000000e+00
 7.569512128829956055e-01 2.237144708633422852e-01 0.000000000000000000e+00
 7.770656347274780273e-01 2.309305816888809204e-01 0.000000000000000000e+00
 7.971800565719604492e-01 2.381467074155807495e-01 0.000000000000000000e+00
 8.172945380210876465e-01 2.453628182411193848e-01 0.000000000000000000e+00
 8.374089598655700684e-01 2.525789439678192139e-01 0.000000000000000000e+00
 8.576095104217529297e-01 2.597040832042694092e-01 0.000000000000000000e+00
 8.778101205825805664e-01 2.668291926383972168e-01 0.000000000000000000e+00
 8.980106711387634277e-01 2.739543318748474121e-01 0.000000000000000000e+00
 9.182112216949462891e-01 2.810794711112976074e-01 0.000000000000000000e+00
 9.386584162712097168e-01 2.880347371101379395e-01 0.000000000000000000e+00
 9.591056108474731445e-01 2.949899733066558838e-01 0.000000000000000000e+00
 9.795528054237365723e-01 3.019452393054962158e-01 0.000000000000000000e+00
 1.000000000000000000e+00 3.089005053043365479e-01 0.000000000000000000e+00
 2.000000029802322388e-01 5.000000074505805969e-02 0.000000000000000000e+00
 2.186120003461837769e-01 5.532076582312583923e-02 0.000000000000000000e+00
 2.372239977121353149e-01 6.064153090119361877e-02 0.000000000000000000e+00
 2.558360099792480469e-01 6.596229970455169678e-02 0.000000000000000000e+00
 2.744480073451995850e-01 7.128306478261947632e-02 0.000000000000000000e+00
 2.939353883266448975e-01 7.773386687040328979e-02 0.000000000000000000e+00
 3.134227693080902100e-01 8.418466895818710327e-02 0.000000000000000000e+00
 3.329101502895355225e-01 9.063547849655151367e-02 0.000000000000000000e+00
 3.523975312709808350e-01 9.708628058433532715e-02 0.000000000000000000e+00
 3.722671866416931152e-01 1.041567251086235046e-01 0.000000000000000000e+00
 3.921368718147277832e-01 1.112271696329116821e-01 0.000000000000000000e+00
 4.120065271854400635e-01 1.182976216077804565e-01 0.000000000000000000e+00
 4.318762123584747314e-01 1.253680735826492310e-01 0.000000000000000000e+00
 4.519168734550476074e-01 1.327239274978637695e-01 0.000000000000000000e+00
 4.719575643539428711e-01 1.400797963142395020e-01 0.000000000000000000e+00
 4.919982254505157471e-01 1.474356651306152344e-01 0.000000000000000000e+00
 5.120388865470886230e-01 1.547915190458297729e-01 0.000000000000000000e+00
 5.321629643440246582e-01 1.622475683689117432e-01 0.000000000000000000e+00
 5.522870421409606934e-01 1.697036027908325195e-01 0.000000000000000000e+00
 5.724110603332519531e-01 1.771596372127532959e-01 0.000000000000000000e+00
 5.925351381301879883e-01 1.846156865358352661e-01 0.000000000000000000e+00
 6.126967668533325195e-01 1.920473724603652954e-01 0.000000000000000000e+00
 6.328583955764770508e-01 1.994790732860565186e-01 0.000000000000000000e+00
 6.530200242996215820e-01 2.069107592105865479e-01 0.000000000000000000e+00
 6.731816530227661133e-01 2.143424451351165771e-01 0.000000000000000000e+00
 6.933618187904357910e-01 2.216575741767883301e-01 0.000000000000000000e+00
 7.135420441627502441e-01 2.289726883172988892e-01 0.000000000000000000e+00
 7.337222099304199219e-01 2.362878173589706421e-01 0.000000000000000000e+00
 7.539023756980895996e-01 2.436029314994812012e-01 0.000000000000000000e+00
 7.741312980651855469e-01 2.507556676864624023e-01 0.000000000000000000e+00
 7.943601608276367188e-01 2.579084038734436035e-01 0.000000000000000000e+00
 8.145890235900878906e-01 2.650611400604248047e-01 0.000000000000000000e+00
 8.348179459571838379e-01 2.722138762474060059e-01 0.000000000000000000e+00
 8.552190661430358887e-01 2.791846394538879395e-01 0.000000000000000000e+00
 8.756201863288879395e-01 2.861554026603698730e-01 0.000000000000000000e+00
 8.960213661193847656e-01 2.931261658668518066e-01 0.000000000000000000e+00
 9.164224863052368164e-01 3.000969290733337402e-01 0.000000000000000000e+00
 9.373168349266052246e-01 3.067279458045959473e-01 0.000000000000000000e+00
 9.582112431526184082e-01 3.133589625358581543e-01 0.000000000000000000e+00
 9.791055917739868164e-01 3.199899792671203613e-01 0.000000000000000000e+00
 1.000000000000000000e+00 3.266209959983825684e-01 0.000000000000000000e+00
 2.000000029802322388e-01 7.500000298023223877e-02 0.000000000000000000e+00
 2.179179936647415161e-01 7.934139668941497803e-02 0.000000000000000000e+00
 2.358359992504119873e-01 8.368279784917831421e-02 0.000000000000000000e+00
 2.537539899349212646e-01 8.802419900894165039e-02 0.000000000000000000e+00
 2.716720104217529297e-01 9.236559271812438965e-02 0.000000000000000000e+00
 2.909030914306640625e-01 9.840205311775207520e-02 0.000000000000000000e+00
 3.101341426372528076e-01 1.044385060667991638e-01 0.000000000000000000e+00
 3.293652236461639404e-01 1.104749664664268494e-01 0.000000000000000000e+00
 3.485963046550750732e-01 1.165114194154739380e-01 0.000000000000000000e+00
 3.684008121490478516e-01 1.234773397445678711e-01 0.000000000000000000e+00
 3.882053196430206299e-01 1.304432600736618042e-01 0.000000000000000000e+00
 4.080097973346710205e-01 1.374091804027557373e-01 0.000000000000000000e+00
 4.278143048286437988e-01 1.443751007318496704e-01 0.000000000000000000e+00
 4.478753209114074707e-01 1.517691463232040405e-01 0.000000000000000000e+00
 4.679363369941711426e-01 1.591631919145584106e-01 0.000000000000000000e+00
 4.879973530769348145e-01 1.665572375059127808e-01 0.000000000000000000e+00
 5.080583691596984863e-01 1.739512830972671509e-01 0.000000000000000000e+00
 5.282444357872009277e-01 1.814955919981002808e-01 0.000000000000000000e+00
 5.484305620193481445e-01 1.890399008989334106e-01 0.000000000000000000e+00
 5.686166286468505859e-01 1.965842097997665405e-01 0.000000000000000000e+00
 5.888026952743530273e-01 2.041285187005996704e-01 0.000000000000000000e+00
 6.090451478958129883e-01 2.116363048553466797e-01 0.000000000000000000e+00
 6.292876005172729492e-01 2.191441059112548828e-01 0.000000000000000000e+00
 6.495300531387329102e-01 2.266518920660018921e-01 0.000000000000000000e+00
 6.697725057601928711e-01 2.341596782207489014e-01 0.000000000000000000e+00
 6.900427341461181641e-01 2.414926141500473022e-01 0.000000000000000000e+00
 7.103130221366882324e-01 2.488255351781845093e-01 0.000000000000000000e+00
 7.305833101272583008e-01 2.561584711074829102e-01 0.000000000000000000e+00
 7.508535981178283691e-01 2.634913921356201172e-01 0.000000000000000000e+00
 7.711969017982482910e-01 2.705807685852050781e-01 0.000000000000000000e+00
 7.915402650833129883e-01 2.776701152324676514e-01 0.000000000000000000e+00
 8.118835687637329102e-01 2.847594618797302246e-01 0.000000000000000000e+00
 8.322268724441528320e-01 2.918488383293151855e-01 0.000000000000000000e+00
 8.528286218643188477e-01 2.986652255058288574e-01 0.000000000000000000e+00
 8.734303116798400879e-01 3.054816126823425293e-01 0.000000000000000000e+00
 8.940320014953613281e-01 3.122979998588562012e-01 0.000000000000000000e+00
 9.146336913108825684e-01 3.191144168376922607e-01 0.000000000000000000e+00
 9.359753131866455078e-01 3.254211843013763428e-01 0.000000000000000000e+00
 9.573168754577636719e-01 3.317279517650604248e-01 0.000000000000000000e+00
 9.786584377288818359e-01 3.380347192287445068e-01 0.000000000000000000e+00
 1.000000000000000000e+00 3.443414866924285889e-01 0.000000000000000000e+00
 2.000000029802322388e-01 1.000000014901161194e-01 0.000000000000000000e+00
 2.172240018844604492e-01 1.033620312809944153e-01 0.000000000000000000e+00
 2.344480007886886597e-01 1.067240610718727112e-01 0.000000000000000000e+00
 2.516719996929168701e-01 1.100860983133316040e-01 0.000000000000000000e+00
 2.688960134983062744e-01 1.134481281042098999e-01 0.000000000000000000e+00
 2.878707647323608398e-01 1.190702393651008606e-01 0.000000000000000000e+00
 3.068455457687377930e-01 1.246923431754112244e-01 0.000000000000000000e+00
 3.258202970027923584e-01 1.303144544363021851e-01 0.000000000000000000e+00
 3.447950780391693115e-01 1.359365582466125488e-01 0.000000000000000000e+00
 3.645344078540802002e-01 1.427979469299316406e-01 0.000000000000000000e+00
 3.842737376689910889e-01 1.496593505144119263e-01 0.000000000000000000e+00
 4.040130674839019775e-01 1.565207391977310181e-01 0.000000000000000000e+00
 4.237524271011352539e-01 1.633821278810501099e-01 0.000000000000000000e+00
 4.438337683677673340e-01 1.708143651485443115e-01 0.000000000000000000e+00
 4.639151096343994141e-01 1.782465875148773193e-01 0.000000000000000000e+00
 4.839964509010314941e-01 1.856788247823715210e-01 0.000000000000000000e+00
 5.040777921676635742e-01 1.931110471487045288e-01 0.000000000000000000e+00
 5.243259072303771973e-01 2.007436305284500122e-01 0.000000000000000000e+00
 5.445740818977355957e-01 2.083761990070343018e-01 0.000000000000000000e+00
 5.648221969604492188e-01 2.160087823867797852e-01 0.000000000000000000e+00
 5.850703120231628418e-01 2.236413657665252686e-01 0.000000000000000000e+00
 6.053935289382934570e-01 2.312252521514892578e-01 0.000000000000000000e+00
 6.257168054580688477e-01 2.388091385364532471e-01 0.000000000000000000e+00
 6.460400819778442383e-01 2.463930249214172363e-01 0.000000000000000000e+00
 6.663632988929748535e-01 2.539769113063812256e-01 0.000000000000000000e+00
 6.867237091064453125e-01 2.613276541233062744e-01 0.000000000000000000e+00
 7.070840597152709961e-01 2.686783969402313232e-01 0.000000000000000000e+00
 7.274444103240966797e-01 2.760291099548339844e-01 0.000000000000000000e+00
 7.478047609329223633e-01 2.833798527717590332e-01 0.000000000000000000e+00
 7.682625651359558105e-01 2.904058396816253662e-01 0.000000000000000000e+00
 7.887203097343444824e-01 2.974318265914916992e-01 0.000000000000000000e+00
 8.091781139373779297e-01 3.044577836990356445e-01 0.000000000000000000e+00
 8.296358585357666016e-01 3.114837706089019775e-01 0.000000000000000000e+00
 8.504381179809570312e-01 3.181457817554473877e-01 0.000000000000000000e+00
 8.712403774261474609e-01 3.248078227043151855e-01 0.000000000000000000e+00
 8.920426964759826660e-01 3.314698338508605957e-01 0.000000000000000000e+00
 9.128449559211730957e-01 3.381318747997283936e-01 0.000000000000000000e+00
 9.346337318420410156e-01 3.441143929958343506e-01 0.000000000000000000e+00
 9.564224481582641602e-01 3.500969409942626953e-01 0.000000000000000000e+00
 9.782112240791320801e-01 3.560794591903686523e-01 0.000000000000000000e+00
 1.000000000000000000e+00 3.620620071887969971e-01 0.000000000000000000e+00
 2.000000029802322388e-01 1.250000000000000000e-01 0.000000000000000000e+00
 2.170044779777526855e-01 1.280916780233383179e-01 0.000000000000000000e+00
 2.340089529752731323e-01 1.311833560466766357e-01 0.000000000000000000e+00
 2.510134279727935791e-01 1.342750191688537598e-01 0.000000000000000000e+00
 2.680179178714752197e-01 1.373666971921920776e-01 0.000000000000000000e+00
 2.865999341011047363e-01 1.424488425254821777e-01 0.000000000000000000e+00
 3.051819801330566406e-01 1.475309878587722778e-01 0.000000000000000000e+00
 3.237639963626861572e-01 1.526131480932235718e-01 0.000000000000000000e+00
 3.423460423946380615e-01 1.576952934265136719e-01 0.000000000000000000e+00
 3.618250191211700439e-01 1.641291975975036621e-01 0.000000000000000000e+00
 3.813040256500244141e-01 1.705630868673324585e-01 0.000000000000000000e+00
 4.007830321788787842e-01 1.769969910383224487e-01 0.000000000000000000e+00
 4.202620387077331543e-01 1.834308952093124390e-01 0.000000000000000000e+00
 4.402400255203247070e-01 1.906466484069824219e-01 0.000000000000000000e+00
 4.602180421352386475e-01 1.978623867034912109e-01 0.000000000000000000e+00
 4.801960289478302002e-01 2.050781399011611938e-01 0.000000000000000000e+00
 5.001739859580993652e-01 2.122938781976699829e-01 0.000000000000000000e+00
 5.204358696937561035e-01 2.198737859725952148e-01 0.000000000000000000e+00
 5.406977534294128418e-01 2.274537086486816406e-01 0.000000000000000000e+00
 5.609596371650695801e-01 2.350336164236068726e-01 0.000000000000000000e+00
 5.812214612960815430e-01 2.426135241985321045e-01 0.000000000000000000e+00
 6.016470193862915039e-01 2.502312958240509033e-01 0.000000000000000000e+00
 6.220725178718566895e-01 2.578490674495697021e-01 0.000000000000000000e+00
 6.424980163574218750e-01 2.654668092727661133e-01 0.000000000000000000e+00
 6.629235148429870605e-01 2.730845808982849121e-01 0.000000000000000000e+00
 6.834529638290405273e-01 2.804737091064453125e-01 0.000000000000000000e+00
 7.039824128150939941e-01 2.878628075122833252e-01 0.000000000000000000e+00
 7.245119214057922363e-01 2.952519357204437256e-01 0.000000000000000000e+00
 7.450413703918457031e-01 3.026410341262817383e-01 0.000000000000000000e+00
 7.657130956649780273e-01 3.096314370632171631e-01 0.000000000000000000e+00
 7.863848209381103516e-01 3.166218400001525879e-01 0.000000000000000000e+00
 8.070565462112426758e-01 3.236122429370880127e-01 0.000000000000000000e+00
 8.277283310890197754e-01 3.306026458740234375e-01 0.000000000000000000e+00
 8.487772941589355469e-01 3.371146619319915771e-01 0.000000000000000000e+00
 8.698262572288513184e-01 3.436267077922821045e-01 0.000000000000000000e+00
 8.908752202987670898e-01 3.501387238502502441e-01 0.000000000000000000e+00
 9.119241833686828613e-01 3.566507697105407715e-01 0.000000000000000000e+00
 9.339431524276733398e-01 3.624337017536163330e-01 0.000000000000000000e+00
 9.559621214866638184e-01 3.682166337966918945e-01 0.000000000000000000e+00
 9.779810309410095215e-01 3.739995658397674561e-01 0.000000000000000000e+00
 1.000000000000000000e+00 3.797824978828430176e-01 0.000000000000000000e+00
 2.000000029802322388e-01 1.500000059604644775e-01 0.000000000000000000e+00
 2.167849540710449219e-01 1.528213173151016235e-01 0.000000000000000000e+00
 2.335699051618576050e-01 1.556426286697387695e-01 0.000000000000000000e+00
 2.503548562526702881e-01 1.584639549255371094e-01 0.000000000000000000e+00
 2.671398222446441650e-01 1.612852662801742554e-01 0.000000000000000000e+00
 2.853291034698486328e-01 1.658274531364440918e-01 0.000000000000000000e+00
 3.035184144973754883e-01 1.703696399927139282e-01 0.000000000000000000e+00
 3.217076957225799561e-01 1.749118268489837646e-01 0.000000000000000000e+00
 3.398970067501068115e-01 1.794540286064147949e-01 0.000000000000000000e+00
 3.591156601905822754e-01 1.854604333639144897e-01 0.000000000000000000e+00
 3.783343434333801270e-01 1.914668381214141846e-01 0.000000000000000000e+00
 3.975529968738555908e-01 1.974732577800750732e-01 0.000000000000000000e+00
 4.167716801166534424e-01 2.034796625375747681e-01 0.000000000000000000e+00
 4.366463124752044678e-01 2.104789167642593384e-01 0.000000000000000000e+00
 4.565209448337554932e-01 2.174781858921051025e-01 0.000000000000000000e+00
 4.763955771923065186e-01 2.244774550199508667e-01 0.000000000000000000e+00
 4.962702095508575439e-01 2.314767092466354370e-01 0.000000000000000000e+00
 5.165458321571350098e-01 2.390039563179016113e-01 0.000000000000000000e+00
 5.368214249610900879e-01 2.465312033891677856e-01 0.000000000000000000e+00
 5.570970773696899414e-01 2.540584504604339600e-01 0.000000000000000000e+00
 5.773726701736450195e-01 2.615856826305389404e-01 0.000000000000000000e+00
 5.979004502296447754e-01 2.692373394966125488e-01 0.000000000000000000e+00
 6.184281706809997559e-01 2.768889665603637695e-01 0.000000000000000000e+00
 6.389559507369995117e-01 2.845406234264373779e-01 0.000000000000000000e+00
 6.594836711883544922e-01 2.921922802925109863e-01 0.000000000000000000e+00
 6.801822781562805176e-01 2.996197640895843506e-01 0.000000000000000000e+00
 7.008808255195617676e-01 3.070472478866577148e-01 0.000000000000000000e+00
 7.215793728828430176e-01 3.144747316837310791e-01 0.000000000000000000e+00
 7.422779202461242676e-01 3.219022154808044434e-01 0.000000000000000000e+00
 7.631636261940002441e-01 3.288570344448089600e-01 0.000000000000000000e+00
 7.840493321418762207e-01 3.358118534088134766e-01 0.000000000000000000e+00
 8.049350380897521973e-01 3.427667021751403809e-01 0.000000000000000000e+00
 8.258207440376281738e-01 3.497215211391448975e-01 0.000000000000000000e+00
 8.471164107322692871e-01 3.560835421085357666e-01 0.000000000000000000e+00
 8.684120774269104004e-01 3.624455928802490234e-01 0.000000000000000000e+00
 8.897077441215515137e-01 3.688076138496398926e-01 0.000000000000000000e+00
 9.110034108161926270e-01 3.751696646213531494e-01 0.000000000000000000e+00
 9.332525730133056641e-01 3.807529807090759277e-01 0.000000000000000000e+00
 9.555017352104187012e-01 3.863363265991210938e-01 0.000000000000000000e+00
 9.777508378028869629e-01 3.919196724891662598e-01 0.000000000000000000e+00
 1.000000000000000000e+00 3.975029885768890381e-01 0.000000000000000000e+00
 2.000000029802322388e-01 1.749999970197677612e-01 0.000000000000000000e+00
 2.165654301643371582e-01 1.775509566068649292e-01 0.000000000000000000e+00
 2.331308573484420776e-01 1.801019161939620972e-01 0.000000000000000000e+00
 2.496962845325469971e-01 1.826528757810592651e-01 0.000000000000000000e+00
 2.662616968154907227e-01 1.852038353681564331e-01 0.000000000000000000e+00
 2.840582728385925293e-01 1.892060637474060059e-01 0.000000000000000000e+00
 3.018548488616943359e-01 1.932082921266555786e-01 0.000000000000000000e+00
 3.196513950824737549e-01 1.972105205059051514e-01 0.000000000000000000e+00
 3.374479711055755615e-01 2.012127488851547241e-01 0.000000000000000000e+00
 3.564063012599945068e-01 2.067916691303253174e-01 0.000000000000000000e+00
 3.753646314144134521e-01 2.123705893754959106e-01 0.000000000000000000e+00
 3.943229615688323975e-01 2.179495096206665039e-01 0.000000000000000000e+00
 4.132813215255737305e-01 2.235284298658370972e-01 0.000000000000000000e+00
 4.330525994300842285e-01 2.303112000226974487e-01 0.000000000000000000e+00
 4.528238475322723389e-01 2.370939850807189941e-01 0.000000000000000000e+00
 4.725951254367828369e-01 2.438767552375793457e-01 0.000000000000000000e+00
 4.923664033412933350e-01 2.506595551967620850e-01 0.000000000000000000e+00
 5.126557946205139160e-01 2.581341266632080078e-01 0.000000000000000000e+00
 5.329451560974121094e-01 2.656086981296539307e-01 0.000000000000000000e+00
 5.532345175743103027e-01 2.730832695960998535e-01 0.000000000000000000e+00
 5.735238790512084961e-01 2.805578708648681641e-01 0.000000000000000000e+00
 5.941538810729980469e-01 2.882433831691741943e-01 0.000000000000000000e+00
 6.147838830947875977e-01 2.959288954734802246e-01 0.000000000000000000e+00
 6.354138851165771484e-01 3.036144375801086426e-01 0.000000000000000000e+00
 6.560438871383666992e-01 3.112999498844146729e-01 0.000000000000000000e+00
 6.769115328788757324e-01 3.187658190727233887e-01 0.000000000000000000e+00
 6.977791786193847656e-01 3.262316882610321045e-01 0.000000000000000000e+00
 7.186468839645385742e-01 3.336975276470184326e-01 0.000000000000000000e+00
 7.395145297050476074e-01 3.411633968353271484e-01 0.000000000000000000e+00
 7.606142163276672363e-01 3.480826318264007568e-01 0.000000000000000000e+00
 7.817139029502868652e-01 3.550018966197967529e-01 0.000000000000000000e+00
 8.028135299682617188e-01 3.619211316108703613e-01 0.000000000000000000e+00
 8.239132165908813477e-01 3.688403964042663574e-01 0.000000000000000000e+00
 8.454555869102478027e-01 3.750524222850799561e-01 0.000000000000000000e+00
 8.669979572296142578e-01 3.812644779682159424e-01 0.000000000000000000e+00
 8.885403275489807129e-01 3.874765038490295410e-01 0.000000000000000000e+00
 9.100826382637023926e-01 3.936885595321655273e-01 0.000000000000000000e+00
 9.325619935989379883e-01 3.990722894668579102e-01 0.000000000000000000e+00
 9.550413489341735840e-01 4.044560194015502930e-01 0.000000000000000000e+00
 9.775206446647644043e-01 4.098397493362426758e-01 0.000000000000000000e+00
 1.000000000000000000e+00 4.152235090732574463e-01 0.000000000000000000e+00
 2.000000029802322388e-01 2.000000029802322388e-01 0.000000000000000000e+00
 2.163459062576293945e-01 2.022805958986282349e-01 0.000000000000000000e+00
 2.326918095350265503e-01 2.045612037181854248e-01 0.000000000000000000e+00
 2.490377128124237061e-01 2.068418115377426147e-01 0.000000000000000000e+00
 2.653836011886596680e-01 2.091224044561386108e-01 0.000000000000000000e+00
 2.827874422073364258e-01 2.125846743583679199e-01 0.000000000000000000e+00
 3.001912534236907959e-01 2.160469442605972290e-01 0.000000000000000000e+00
 3.175950944423675537e-01 2.195092141628265381e-01 0.000000000000000000e+00
 3.349989354610443115e-01 2.229714840650558472e-01 0.000000000000000000e+00
 3.536969423294067383e-01 2.281229048967361450e-01 0.000000000000000000e+00
 3.723949491977691650e-01 2.332743406295776367e-01 0.000000000000000000e+00
 3.910929262638092041e-01 2.384257614612579346e-01 0.000000000000000000e+00
 4.097909331321716309e-01 2.435771822929382324e-01 0.000000000000000000e+00
 4.294588565826416016e-01 2.501434981822967529e-01 0.000000000000000000e+00
 4.491267800331115723e-01 2.567097842693328857e-01 0.000000000000000000e+00
 4.687947034835815430e-01 2.632760703563690186e-01 0.000000000000000000e+00
 4.884625971317291260e-01 2.698423564434051514e-01 0.000000000000000000e+00
 5.087656974792480469e-01 2.772642970085144043e-01 0.000000000000000000e+00
 5.290688276290893555e-01 2.846862077713012695e-01 0.000000000000000000e+00
 5.493719577789306641e-01 2.921081185340881348e-01 0.000000000000000000e+00
 5.696750879287719727e-01 2.995300292968750000e-01 0.000000000000000000e+00
 5.904073119163513184e-01 3.072494268417358398e-01 0.000000000000000000e+00
 6.111395359039306641e-01 3.149688243865966797e-01 0.000000000000000000e+00
 6.318718194961547852e-01 3.226882219314575195e-01 0.000000000000000000e+00
 6.526040434837341309e-01 3.304076194763183594e-01 0.000000000000000000e+00
 6.736408472061157227e-01 3.379118740558624268e-01 0.000000000000000000e+00
 6.946775913238525391e-01 3.454160988330841064e-01 0.000000000000000000e+00
 7.157143354415893555e-01 3.529203534126281738e-01 0.000000000000000000e+00
 7.367511391639709473e-01 3.604245781898498535e-01 0.000000000000000000e+00
 7.580647468566894531e-01 3.673082590103149414e-01 0.000000000000000000e+00
 7.793784141540527344e-01 3.741919100284576416e-01 0.000000000000000000e+00
 8.006920218467712402e-01 3.810755908489227295e-01 0.000000000000000000e+00
 8.220056891441345215e-01 3.879592716693878174e-01 0.000000000000000000e+00
 8.437947034835815430e-01 3.940213024616241455e-01 0.000000000000000000e+00
 8.655837774276733398e-01 4.000833630561828613e-01 0.000000000000000000e+00
 8.873728513717651367e-01 4.061453938484191895e-01 0.000000000000000000e+00
 9.091618657112121582e-01 4.122074544429779053e-01 0.000000000000000000e+00
 9.318714141845703125e-01 4.173915982246398926e-01 0.000000000000000000e+00
 9.545809626579284668e-01 4.225757122039794922e-01 0.000000000000000000e+00
 9.772904515266418457e-01 4.277598559856414795e-01 0.000000000000000000e+00
 1.000000000000000000e+00 4.329439997673034668e-01 0.000000000000000000e+00
 2.000000029802322388e-01 2.249999940395355225e-01 0.000000000000000000e+00
 2.163334637880325317e-01 2.272572219371795654e-01 0.000000000000000000e+00
 2.326669245958328247e-01 2.295144647359848022e-01 0.000000000000000000e+00
 2.490003854036331177e-01 2.317716926336288452e-01 0.000000000000000000e+00
 2.653338611125946045e-01 2.340289205312728882e-01 0.000000000000000000e+00
 2.825260162353515625e-01 2.372293770313262939e-01 0.000000000000000000e+00
 2.997181415557861328e-01 2.404298335313796997e-01 0.000000000000000000e+00
 3.169102966785430908e-01 2.436303049325942993e-01 0.000000000000000000e+00
 3.341024518013000488e-01 2.468307614326477051e-01 0.000000000000000000e+00
 3.524913787841796875e-01 2.515385150909423828e-01 0.000000000000000000e+00
 3.708803057670593262e-01 2.562462389469146729e-01 0.000000000000000000e+00
 3.892692327499389648e-01 2.609539926052093506e-01 0.000000000000000000e+00
 4.076581299304962158e-01 2.656617462635040283e-01 0.000000000000000000e+00
 4.270878434181213379e-01 2.717924714088439941e-01 0.000000000000000000e+00
 4.465175271034240723e-01 2.779232263565063477e-01 0.000000000000000000e+00
 4.659472405910491943e-01 2.840539515018463135e-01 0.000000000000000000e+00
 4.853769242763519287e-01 2.901846766471862793e-01 0.000000000000000000e+00
 5.055865645408630371e-01 2.973120808601379395e-01 0.000000000000000000e+00
 5.257962346076965332e-01 3.044394552707672119e-01 0.000000000000000000e+00
 5.460058450698852539e-01 3.115668296813964844e-01 0.000000000000000000e+00
 5.662155151367187500e-01 3.186942040920257568e-01 0.000000000000000000e+00
 5.870000720024108887e-01 3.262791037559509277e-01 0.000000000000000000e+00
 6.077846288681030273e-01 3.338639736175537109e-01 0.000000000000000000e+00
 6.285692453384399414e-01 3.414488434791564941e-01 0.000000000000000000e+00
 6.493538022041320801e-01 3.490337431430816650e-01 0.000000000000000000e+00
 6.705664396286010742e-01 3.565107285976409912e-01 0.000000000000000000e+00
 6.917790770530700684e-01 3.639877140522003174e-01 0.000000000000000000e+00
 7.129917144775390625e-01 3.714646995067596436e-01 0.000000000000000000e+00
 7.342043519020080566e-01 3.789416849613189697e-01 0.000000000000000000e+00
 7.557691931724548340e-01 3.858143687248229980e-01 0.000000000000000000e+00
 7.773340344429016113e-01 3.926870524883270264e-01 0.000000000000000000e+00
 7.988988161087036133e-01 3.995597660541534424e-01 0.000000000000000000e+00
 8.204636573791503906e-01 4.064324498176574707e-01 0.000000000000000000e+00
 8.424942493438720703e-01 4.124210178852081299e-01 0.000000000000000000e+00
 8.645247817039489746e-01 4.184095859527587891e-01 0.000000000000000000e+00
 8.865553140640258789e-01 4.243981540203094482e-01 0.000000000000000000e+00
 9.085859060287475586e-01 4.303866922855377197e-01 0.000000000000000000e+00
 9.314393997192382812e-01 4.354561567306518555e-01 0.000000000000000000e+00
 9.542929530143737793e-01 4.405255913734436035e-01 0.000000000000000000e+00
 9.771464467048645020e-01 4.455950558185577393e-01 0.000000000000000000e+00
 1.000000000000000000e+00 4.506644904613494873e-01 0.000000000000000000e+00
 2.000000029802322388e-01 2.500000000000000000e-01 0.000000000000000000e+00
 2.163210213184356689e-01 2.522338628768920898e-01 0.000000000000000000e+00
 2.326420396566390991e-01 2.544677257537841797e-01 0.000000000000000000e+00
 2.489630728960037231e-01 2.567015588283538818e-01 0.000000000000000000e+00
 2.652840912342071533e-01 2.589354217052459717e-01 0.000000000000000000e+00
 2.822645604610443115e-01 2.618740797042846680e-01 0.000000000000000000e+00
 2.992450296878814697e-01 2.648127377033233643e-01 0.000000000000000000e+00
 3.162255287170410156e-01 2.677513957023620605e-01 0.000000000000000000e+00
 3.332059979438781738e-01 2.706900238990783691e-01 0.000000000000000000e+00
 3.512858450412750244e-01 2.749541103839874268e-01 0.000000000000000000e+00
 3.693656623363494873e-01 2.792181670665740967e-01 0.000000000000000000e+00
 3.874455094337463379e-01 2.834822237491607666e-01 0.000000000000000000e+00
 4.055253267288208008e-01 2.877463102340698242e-01 0.000000000000000000e+00
 4.247168004512786865e-01 2.934414744377136230e-01 0.000000000000000000e+00
 4.439083039760589600e-01 2.991366386413574219e-01 0.000000000000000000e+00
 4.630997776985168457e-01 3.048318326473236084e-01 0.000000000000000000e+00
 4.822912514209747314e-01 3.105269968509674072e-01 0.000000000000000000e+00
 5.024074316024780273e-01 3.173598349094390869e-01 0.000000000000000000e+00
 5.225235819816589355e-01 3.241927027702331543e-01 0.000000000000000000e+00
 5.426397919654846191e-01 3.310255408287048340e-01 0.000000000000000000e+00
 5.627559423446655273e-01 3.378584086894989014e-01 0.000000000000000000e+00
 5.835928320884704590e-01 3.453087508678436279e-01 0.000000000000000000e+00
 6.044297218322753906e-01 3.527591228485107422e-01 0.000000000000000000e+00
 6.252666115760803223e-01 3.602094650268554688e-01 0.000000000000000000e+00
 6.461035013198852539e-01 3.676598370075225830e-01 0.000000000000000000e+00
 6.674920320510864258e-01 3.751095831394195557e-01 0.000000000000000000e+00
 6.888805627822875977e-01 3.825593292713165283e-01 0.000000000000000000e+00
 7.102690935134887695e-01 3.900090754032135010e-01 0.000000000000000000e+00
 7.316576242446899414e-01 3.974588215351104736e-01 0.000000000000000000e+00
 7.534736394882202148e-01 4.043205082416534424e-01 0.000000000000000000e+00
 7.752896547317504883e-01 4.111822247505187988e-01 0.000000000000000000e+00
 7.971056699752807617e-01 4.180439114570617676e-01 0.000000000000000000e+00
 8.189216256141662598e-01 4.249056279659271240e-01 0.000000000000000000e+00
 8.411937355995178223e-01 4.308207035064697266e-01 0.000000000000000000e+00
 8.634657859802246094e-01 4.367357790470123291e-01 0.000000000000000000e+00
 8.857378363609313965e-01 4.426508843898773193e-01 0.000000000000000000e+00
 9.080098867416381836e-01 4.485659599304199219e-01 0.000000000000000000e+00
 9.310073852539062500e-01 4.535207152366638184e-01 0.000000000000000000e+00
 9.540049433708190918e-01 4.584754705429077148e-01 0.000000000000000000e+00
 9.770024418830871582e-01 4.634302556514739990e-01 0.000000000000000000e+00
 1.000000000000000000e+00 4.683850109577178955e-01 0.000000000000000000e+00
 2.000000029802322388e-01 2.750000059604644775e-01 0.000000000000000000e+00
 2.163085788488388062e-01 2.772104740142822266e-01 0.000000000000000000e+00
 2.326171696186065674e-01 2.794209718704223633e-01 0.000000000000000000e+00
 2.489257454872131348e-01 2.816314399242401123e-01 0.000000000000000000e+00
 2.652343213558197021e-01 2.838419377803802490e-01 0.000000000000000000e+00
 2.820031344890594482e-01 2.865187823772430420e-01 0.000000000000000000e+00
 2.987719178199768066e-01 2.891956269741058350e-01 0.000000000000000000e+00
 3.155407309532165527e-01 2.918724715709686279e-01 0.000000000000000000e+00
 3.323095440864562988e-01 2.945493161678314209e-01 0.000000000000000000e+00
 3.500802814960479736e-01 2.983697056770324707e-01 0.000000000000000000e+00
 3.678510189056396484e-01 3.021900951862335205e-01 0.000000000000000000e+00
 3.856217861175537109e-01 3.060104846954345703e-01 0.000000000000000000e+00
 4.033925235271453857e-01 3.098308742046356201e-01 0.000000000000000000e+00
 4.223457872867584229e-01 3.150904774665832520e-01 0.000000000000000000e+00
 4.412990510463714600e-01 3.203500807285308838e-01 0.000000000000000000e+00
 4.602523148059844971e-01 3.256097137928009033e-01 0.000000000000000000e+00
 4.792055785655975342e-01 3.308693170547485352e-01 0.000000000000000000e+00
 4.992282688617706299e-01 3.374076187610626221e-01 0.000000000000000000e+00
 5.192509889602661133e-01 3.439459502696990967e-01 0.000000000000000000e+00
 5.392736792564392090e-01 3.504842519760131836e-01 0.000000000000000000e+00
 5.592964291572570801e-01 3.570225834846496582e-01 0.000000000000000000e+00
 5.801855921745300293e-01 3.643384277820587158e-01 0.000000000000000000e+00
 6.010748147964477539e-01 3.716542422771453857e-01 0.000000000000000000e+00
 6.219640374183654785e-01 3.789700865745544434e-01 0.000000000000000000e+00
 6.428532600402832031e-01 3.862859308719635010e-01 0.000000000000000000e+00
 6.644176244735717773e-01 3.937084376811981201e-01 0.000000000000000000e+00
 6.859820485115051270e-01 4.011309146881103516e-01 0.000000000000000000e+00
 7.075464725494384766e-01 4.085534214973449707e-01 0.000000000000000000e+00
 7.291108369827270508e-01 4.159759283065795898e-01 0.000000000000000000e+00
 7.511780858039855957e-01 4.228266477584838867e-01 0.000000000000000000e+00
 7.732452750205993652e-01 4.296773672103881836e-01 0.000000000000000000e+00
 7.953124642372131348e-01 4.365280866622924805e-01 0.000000000000000000e+00
 8.173796534538269043e-01 4.433788061141967773e-01 0.000000000000000000e+00
 8.398932218551635742e-01 4.492203891277313232e-01 0.000000000000000000e+00
 8.624067306518554688e-01 4.550620019435882568e-01 0.000000000000000000e+00
 8.849202990531921387e-01 4.609036147594451904e-01 0.000000000000000000e+00
 9.074338674545288086e-01 4.667452275753021240e-01 0.000000000000000000e+00
 9.305754303932189941e-01 4.715853035449981689e-01 0.000000000000000000e+00
 9.537169337272644043e-01 4.764253497123718262e-01 0.000000000000000000e+00
 9.768584966659545898e-01 4.812654256820678711e-01 0.000000000000000000e+00
 1.000000000000000000e+00 4.861055016517639160e-01 0.000000000000000000e+00
 2.000000029802322388e-01 3.000000119209289551e-01 0.000000000000000000e+00
 2.162961363792419434e-01 3.021871149539947510e-01 0.000000000000000000e+00
 2.325922846794128418e-01 3.043742179870605469e-01 0.000000000000000000e+00
 2.488884180784225464e-01 3.065613210201263428e-01 0.000000000000000000e+00
 2.651845514774322510e-01 3.087484240531921387e-01 0.000000000000000000e+00
 2.817416787147521973e-01 3.111634850502014160e-01 0.000000000000000000e+00
 2.982988059520721436e-01 3.135785162448883057e-01 0.000000000000000000e+00
 3.148559331893920898e-01 3.159935474395751953e-01 0.000000000000000000e+00
 3.314130902290344238e-01 3.184085786342620850e-01 0.000000000000000000e+00
 3.488747477531433105e-01 3.217853009700775146e-01 0.000000000000000000e+00
 3.663364052772521973e-01 3.251619935035705566e-01 0.000000000000000000e+00
 3.837980628013610840e-01 3.285387158393859863e-01 0.000000000000000000e+00
 4.012597203254699707e-01 3.319154381752014160e-01 0.000000000000000000e+00
 4.199747443199157715e-01 3.367394804954528809e-01 0.000000000000000000e+00
 4.386897981166839600e-01 3.415635228157043457e-01 0.000000000000000000e+00
 4.574048519134521484e-01 3.463875651359558105e-01 0.000000000000000000e+00
 4.761199057102203369e-01 3.512116372585296631e-01 0.000000000000000000e+00
 4.960491359233856201e-01 3.574554026126861572e-01 0.000000000000000000e+00
 5.159783959388732910e-01 3.636991977691650391e-01 0.000000000000000000e+00
 5.359076261520385742e-01 3.699429929256439209e-01 0.000000000000000000e+00
 5.558368563652038574e-01 3.761867582798004150e-01 0.000000000000000000e+00
 5.767784118652343750e-01 3.833680748939514160e-01 0.000000000000000000e+00
 5.977199077606201172e-01 3.905493915081024170e-01 0.000000000000000000e+00
 6.186614632606506348e-01 3.977307081222534180e-01 0.000000000000000000e+00
 6.396029591560363770e-01 4.049120247364044189e-01 0.000000000000000000e+00
 6.613432765007019043e-01 4.123072624206542969e-01 0.000000000000000000e+00
 6.830835342407226562e-01 4.197025299072265625e-01 0.000000000000000000e+00
 7.048238515853881836e-01 4.270977973937988281e-01 0.000000000000000000e+00
 7.265641093254089355e-01 4.344930350780487061e-01 0.000000000000000000e+00
 7.488824725151062012e-01 4.413327574729919434e-01 0.000000000000000000e+00
 7.712008953094482422e-01 4.481725096702575684e-01 0.000000000000000000e+00
 7.935192584991455078e-01 4.550122320652008057e-01 0.000000000000000000e+00
 8.158376216888427734e-01 4.618519842624664307e-01 0.000000000000000000e+00
 8.385927081108093262e-01 4.676201045513153076e-01 0.000000000000000000e+00
 8.613477349281311035e-01 4.733882248401641846e-01 0.000000000000000000e+00
 8.841028213500976562e-01 4.791563451290130615e-01 0.000000000000000000e+00
 9.068578481674194336e-01 4.849244952201843262e-01 0.000000000000000000e+00
 9.301434159278869629e-01 4.896498620510101318e-01 0.000000000000000000e+00
 9.534289240837097168e-01 4.943752586841583252e-01 0.000000000000000000e+00
 9.767144918441772461e-01 4.991006255149841309e-01 0.000000000000000000e+00
 1.000000000000000000e+00 5.038260221481323242e-01 0.000000000000000000e+00
 2.000000029802322388e-01 3.249999880790710449e-01 0.000000000000000000e+00
 2.163584530353546143e-01 3.272431492805480957e-01 0.000000000000000000e+00
 2.327169030904769897e-01 3.294863104820251465e-01 0.000000000000000000e+00
 2.490753531455993652e-01 3.317294716835021973e-01 0.000000000000000000e+00
 2.654337882995605469e-01 3.339726626873016357e-01 0.000000000000000000e+00
 2.819560468196868896e-01 3.363194763660430908e-01 0.000000000000000000e+00
 2.984782755374908447e-01 3.386663198471069336e-01 0.000000000000000000e+00
 3.150005340576171875e-01 3.410131633281707764e-01 0.000000000000000000e+00
 3.315227627754211426e-01 3.433599770069122314e-01 0.000000000000000000e+00
 3.488091230392456055e-01 3.464740216732025146e-01 0.000000000000000000e+00
 3.660955131053924561e-01 3.495880365371704102e-01 0.000000000000000000e+00
 3.833818733692169189e-01 3.527020812034606934e-01 0.000000000000000000e+00
 4.006682336330413818e-01 3.558160960674285889e-01 0.000000000000000000e+00
 4.191318452358245850e-01 3.602085411548614502e-01 0.000000000000000000e+00
 4.375954270362854004e-01 3.646009862422943115e-01 0.000000000000000000e+00
 4.560590088367462158e-01 3.689934015274047852e-01 0.000000000000000000e+00
 4.745225906372070312e-01 3.733858466148376465e-01 0.000000000000000000e+00
 4.942534863948822021e-01 3.791595697402954102e-01 0.000000000000000000e+00
 5.139843821525573730e-01 3.849333226680755615e-01 0.000000000000000000e+00
 5.337152481079101562e-01 3.907070457935333252e-01 0.000000000000000000e+00
 5.534461736679077148e-01 3.964807987213134766e-01 0.000000000000000000e+00
 5.743309259414672852e-01 4.032989740371704102e-01 0.000000000000000000e+00
 5.952156782150268555e-01 4.101171791553497314e-01 0.000000000000000000e+00
 6.161004304885864258e-01 4.169353842735290527e-01 0.000000000000000000e+00
 6.369851827621459961e-01 4.237535595893859863e-01 0.000000000000000000e+00
 6.588236689567565918e-01 4.309582412242889404e-01 0.000000000000000000e+00
 6.806621551513671875e-01 4.381628930568695068e-01 0.000000000000000000e+00
 7.025006413459777832e-01 4.453675448894500732e-01 0.000000000000000000e+00
 7.243391275405883789e-01 4.525722265243530273e-01 0.000000000000000000e+00
 7.468684911727905273e-01 4.593628048896789551e-01 0.000000000000000000e+00
 7.693977952003479004e-01 4.661534130573272705e-01 0.000000000000000000e+00
 7.919271588325500488e-01 4.729440212249755859e-01 0.000000000000000000e+00
 8.144565224647521973e-01 4.797346293926239014e-01 0.000000000000000000e+00
 8.374360203742980957e-01 4.854975938796997070e-01 0.000000000000000000e+00
 8.604155778884887695e-01 4.912605583667755127e-01 0.000000000000000000e+00
 8.833950757980346680e-01 4.970235526561737061e-01 0.000000000000000000e+00
 9.063745737075805664e-01 5.027865171432495117e-01 0.000000000000000000e+00
 9.297809600830078125e-01 5.074765086174011230e-01 0.000000000000000000e+00
 9.531872868537902832e-01 5.121665000915527344e-01 0.000000000000000000e+00
 9.765936732292175293e-01 5.168564915657043457e-01 0.000000000000000000e+00
 1.000000000000000000e+00 5.215464830398559570e-01 0.000000000000000000e+00
 2.000000029802322388e-01 3.499999940395355225e-01 0.000000000000000000e+00
 2.164207547903060913e-01 3.522992134094238281e-01 0.000000000000000000e+00
 2.328415215015411377e-01 3.545984327793121338e-01 0.000000000000000000e+00
 2.492622733116149902e-01 3.568976521492004395e-01 0.000000000000000000e+00
 2.656830251216888428e-01 3.591968715190887451e-01 0.000000000000000000e+00
 2.821703851222991943e-01 3.614754974842071533e-01 0.000000000000000000e+00
 2.986577451229095459e-01 3.637541234493255615e-01 0.000000000000000000e+00
 3.151451051235198975e-01 3.660327494144439697e-01 0.000000000000000000e+00
 3.316324651241302490e-01 3.683114051818847656e-01 0.000000000000000000e+00
 3.487435281276702881e-01 3.711627423763275146e-01 0.000000000000000000e+00
 3.658546209335327148e-01 3.740140795707702637e-01 0.000000000000000000e+00
 3.829657137393951416e-01 3.768654465675354004e-01 0.000000000000000000e+00
 4.000767767429351807e-01 3.797167837619781494e-01 0.000000000000000000e+00
 4.182889163494110107e-01 3.836776018142700195e-01 0.000000000000000000e+00
 4.365010559558868408e-01 3.876384198665618896e-01 0.000000000000000000e+00
 4.547131657600402832e-01 3.915992379188537598e-01 0.000000000000000000e+00
 4.729253053665161133e-01 3.955600559711456299e-01 0.000000000000000000e+00
 4.924578368663787842e-01 4.008637368679046631e-01 0.000000000000000000e+00
 5.119903683662414551e-01 4.061674475669860840e-01 0.000000000000000000e+00
 5.315229296684265137e-01 4.114711284637451172e-01 0.000000000000000000e+00
 5.510554313659667969e-01 4.167748391628265381e-01 0.000000000000000000e+00
 5.718834400177001953e-01 4.232299029827117920e-01 0.000000000000000000e+00
 5.927113890647888184e-01 4.296849668025970459e-01 0.000000000000000000e+00
 6.135393977165222168e-01 4.361400306224822998e-01 0.000000000000000000e+00
 6.343674063682556152e-01 4.425951242446899414e-01 0.000000000000000000e+00
 6.563040614128112793e-01 4.496091902256011963e-01 0.000000000000000000e+00
 6.782407760620117188e-01 4.566232562065124512e-01 0.000000000000000000e+00
 7.001774311065673828e-01 4.636373221874237061e-01 0.000000000000000000e+00
 7.221141457557678223e-01 4.706513881683349609e-01 0.000000000000000000e+00
 7.448544502258300781e-01 4.773928523063659668e-01 0.000000000000000000e+00
 7.675947546958923340e-01 4.841343462467193604e-01 0.000000000000000000e+00
 7.903351187705993652e-01 4.908758103847503662e-01 0.000000000000000000e+00
 8.130754232406616211e-01 4.976172745227813721e-01 0.000000000000000000e+00
 8.362793922424316406e-01 5.033751130104064941e-01 0.000000000000000000e+00
 8.594833612442016602e-01 5.091329216957092285e-01 0.000000000000000000e+00
 8.826873302459716797e-01 5.148907303810119629e-01 0.000000000000000000e+00
 9.058912992477416992e-01 5.206485390663146973e-01 0.000000000000000000e+00
 9.294185042381286621e-01 5.253031849861145020e-01 0.000000000000000000e+00
 9.529456496238708496e-01 5.299577713012695312e-01 0.000000000000000000e+00
 9.764728546142578125e-01 5.346124172210693359e-01 0.000000000000000000e+00
 1.000000000000000000e+00 5.392670035362243652e-01 0.000000000000000000e+00
 2.000000029802322388e-01 3.750000000000000000e-01 0.000000000000000000e+00
 2.164830714464187622e-01 3.773552775382995605e-01 0.000000000000000000e+00
 2.329661399126052856e-01 3.797105252742767334e-01 0.000000000000000000e+00
 2.494492083787918091e-01 3.820658028125762939e-01 0.000000000000000000e+00
 2.659322619438171387e-01 3.844210803508758545e-01 0.000000000000000000e+00
 2.823847532272338867e-01 3.866314888000488281e-01 0.000000000000000000e+00
 2.988372147083282471e-01 3.888419270515441895e-01 0.000000000000000000e+00
 3.152896761894226074e-01 3.910523653030395508e-01 0.000000000000000000e+00
 3.317421376705169678e-01 3.932628035545349121e-01 0.000000000000000000e+00
 3.486779332160949707e-01 3.958514630794525146e-01 0.000000000000000000e+00
 3.656137287616729736e-01 3.984401226043701172e-01 0.000000000000000000e+00
 3.825495243072509766e-01 4.010287821292877197e-01 0.000000000000000000e+00
 3.994853198528289795e-01 4.036174714565277100e-01 0.000000000000000000e+00
 4.174459874629974365e-01 4.071466624736785889e-01 0.000000000000000000e+00
 4.354066550731658936e-01 4.106758534908294678e-01 0.000000000000000000e+00
 4.533673524856567383e-01 4.142050743103027344e-01 0.000000000000000000e+00
 4.713280200958251953e-01 4.177342653274536133e-01 0.000000000000000000e+00
 4.906621873378753662e-01 4.225679039955139160e-01 0.000000000000000000e+00
 5.099963545799255371e-01 4.274015724658966064e-01 0.000000000000000000e+00
 5.293305516242980957e-01 4.322352111339569092e-01 0.000000000000000000e+00
 5.486647486686706543e-01 4.370688498020172119e-01 0.000000000000000000e+00
 5.694359540939331055e-01 4.431608021259307861e-01 0.000000000000000000e+00
 5.902071595191955566e-01 4.492527544498443604e-01 0.000000000000000000e+00
 6.109783649444580078e-01 4.553447067737579346e-01 0.000000000000000000e+00
 6.317495703697204590e-01 4.614366590976715088e-01 0.000000000000000000e+00
 6.537844538688659668e-01 4.682601392269134521e-01 0.000000000000000000e+00
 6.758193969726562500e-01 4.750836193561553955e-01 0.000000000000000000e+00
 6.978542804718017578e-01 4.819070994853973389e-01 0.000000000000000000e+00
 7.198891639709472656e-01 4.887305796146392822e-01 0.000000000000000000e+00
 7.428404688835144043e-01 4.954228997230529785e-01 0.000000000000000000e+00
 7.657917141914367676e-01 5.021152496337890625e-01 0.000000000000000000e+00
 7.887430191040039062e-01 5.088075995445251465e-01 0.000000000000000000e+00
 8.116943240165710449e-01 5.154998898506164551e-01 0.000000000000000000e+00
 8.351227641105651855e-01 5.212525725364685059e-01 0.000000000000000000e+00
 8.585511445999145508e-01 5.270052552223205566e-01 0.000000000000000000e+00
 8.819795846939086914e-01 5.327579379081726074e-01 0.000000000000000000e+00
 9.054080247879028320e-01 5.385106205940246582e-01 0.000000000000000000e+00
 9.290560483932495117e-01 5.431298017501831055e-01 0.000000000000000000e+00
 9.527040123939514160e-01 5.477490425109863281e-01 0.000000000000000000e+00
 9.763520359992980957e-01 5.523682832717895508e-01 0.000000000000000000e+00
 1.000000000000000000e+00 5.569875240325927734e-01 0.000000000000000000e+00
 2.000000029802322388e-01 4.000000059604644775e-01 0.000000000000000000e+00
 2.165453732013702393e-01 4.024113118648529053e-01 0.000000000000000000e+00
 2.330907583236694336e-01 4.048226475715637207e-01 0.000000000000000000e+00
 2.496361285448074341e-01 4.072339534759521484e-01 0.000000000000000000e+00
 2.661814987659454346e-01 4.096452891826629639e-01 0.000000000000000000e+00
 2.825990915298461914e-01 4.117875099182128906e-01 0.000000000000000000e+00
 2.990166544914245605e-01 4.139297306537628174e-01 0.000000000000000000e+00
 3.154342472553253174e-01 4.160719811916351318e-01 0.000000000000000000e+00
 3.318518400192260742e-01 4.182142019271850586e-01 0.000000000000000000e+00
 3.486123383045196533e-01 4.205401837825775146e-01 0.000000000000000000e+00
 3.653728365898132324e-01 4.228661656379699707e-01 0.000000000000000000e+00
 3.821333348751068115e-01 4.251921474933624268e-01 0.000000000000000000e+00
 3.988938629627227783e-01 4.275181293487548828e-01 0.000000000000000000e+00
 4.166030585765838623e-01 4.306157231330871582e-01 0.000000000000000000e+00
 4.343122839927673340e-01 4.337133169174194336e-01 0.000000000000000000e+00
 4.520215094089508057e-01 4.368109107017517090e-01 0.000000000000000000e+00
 4.697307348251342773e-01 4.399084746837615967e-01 0.000000000000000000e+00
 4.888665378093719482e-01 4.442720711231231689e-01 0.000000000000000000e+00
 5.080023407936096191e-01 4.486356973648071289e-01 0.000000000000000000e+00
 5.271381735801696777e-01 4.529992938041687012e-01 0.000000000000000000e+00
 5.462740063667297363e-01 4.573628902435302734e-01 0.000000000000000000e+00
 5.669884681701660156e-01 4.630917310714721680e-01 0.000000000000000000e+00
 5.877028703689575195e-01 4.688205420970916748e-01 0.000000000000000000e+00
 6.084173321723937988e-01 4.745493829250335693e-01 0.000000000000000000e+00
 6.291317939758300781e-01 4.802782237529754639e-01 0.000000000000000000e+00
 6.512649059295654297e-01 4.869110882282257080e-01 0.000000000000000000e+00
 6.733979582786560059e-01 4.935439825057983398e-01 0.000000000000000000e+00
 6.955310702323913574e-01 5.001768469810485840e-01 0.000000000000000000e+00
 7.176641821861267090e-01 5.068097710609436035e-01 0.000000000000000000e+00
 7.408264279365539551e-01 5.134529471397399902e-01 0.000000000000000000e+00
 7.639886736869812012e-01 5.200961828231811523e-01 0.000000000000000000e+00
 7.871509194374084473e-01 5.267393589019775391e-01 0.000000000000000000e+00
 8.103132247924804688e-01 5.333825349807739258e-01 0.000000000000000000e+00
 8.339660763740539551e-01 5.391300916671752930e-01 0.000000000000000000e+00
 8.576189875602722168e-01 5.448775887489318848e-01 0.000000000000000000e+00
 8.812718987464904785e-01 5.506250858306884766e-01 0.000000000000000000e+00
 9.049247503280639648e-01 5.563726425170898438e-01 0.000000000000000000e+00
 9.286935925483703613e-01 5.609564781188964844e-01 0.000000000000000000e+00
 9.524623751640319824e-01 5.655403137207031250e-01 0.000000000000000000e+00
 9.762312173843383789e-01 5.701241493225097656e-01 0.000000000000000000e+00
 1.000000000000000000e+00 5.747079849243164062e-01 0.000000000000000000e+00
 2.000000029802322388e-01 4.250000119209289551e-01 0.000000000000000000e+00
 2.166272252798080444e-01 4.274734854698181152e-01 0.000000000000000000e+00
 2.332544624805450439e-01 4.299469292163848877e-01 0.000000000000000000e+00
 2.498816847801208496e-01 4.324204027652740479e-01 0.000000000000000000e+00
 2.665089070796966553e-01 4.348938763141632080e-01 0.000000000000000000e+00
 2.829961776733398438e-01 4.370537698268890381e-01 0.000000000000000000e+00
 2.994834184646606445e-01 4.392136335372924805e-01 0.000000000000000000e+00
 3.159706890583038330e-01 4.413734972476959229e-01 0.000000000000000000e+00
 3.324579298496246338e-01 4.435333907604217529e-01 0.000000000000000000e+00
 3.492099344730377197e-01 4.457509815692901611e-01 0.000000000000000000e+00
 3.659619390964508057e-01 4.479685723781585693e-01 0.000000000000000000e+00
 3.827139437198638916e-01 4.501861929893493652e-01 0.000000000000000000e+00
 3.994659185409545898e-01 4.524037837982177734e-01 0.000000000000000000e+00
 4.170516729354858398e-01 4.552108347415924072e-01 0.000000000000000000e+00
 4.346373975276947021e-01 4.580179154872894287e-01 0.000000000000000000e+00
 4.522231519222259521e-01 4.608249664306640625e-01 0.000000000000000000e+00
 4.698088765144348145e-01 4.636320173740386963e-01 0.000000000000000000e+00
 4.887449443340301514e-01 4.675358235836029053e-01 0.000000000000000000e+00
 5.076810121536254883e-01 4.714395999908447266e-01 0.000000000000000000e+00
 5.266170501708984375e-01 4.753434062004089355e-01 0.000000000000000000e+00
 5.455531477928161621e-01 4.792472124099731445e-01 0.000000000000000000e+00
 5.660991668701171875e-01 4.844636917114257812e-01 0.000000000000000000e+00
 5.866451859474182129e-01 4.896802008152008057e-01 0.000000000000000000e+00
 6.071911454200744629e-01 4.948967099189758301e-01 0.000000000000000000e+00
 6.277371644973754883e-01 5.001131892204284668e-01 0.000000000000000000e+00
 6.498261690139770508e-01 5.063515901565551758e-01 0.000000000000000000e+00
 6.719151139259338379e-01 5.125899314880371094e-01 0.000000000000000000e+00
 6.940041184425354004e-01 5.188282728195190430e-01 0.000000000000000000e+00
 7.160930633544921875e-01 5.250666737556457520e-01 0.000000000000000000e+00
 7.393511533737182617e-01 5.315346717834472656e-01 0.000000000000000000e+00
 7.626091837882995605e-01 5.380026698112487793e-01 0.000000000000000000e+00
 7.858672738075256348e-01 5.444707274436950684e-01 0.000000000000000000e+00
 8.091253638267517090e-01 5.509387254714965820e-01 0.000000000000000000e+00
 8.329513669013977051e-01 5.566900968551635742e-01 0.000000000000000000e+00
 8.567774295806884766e-01 5.624414682388305664e-01 0.000000000000000000e+00
 8.806034326553344727e-01 5.681928396224975586e-01 0.000000000000000000e+00
 9.044294357299804688e-01 5.739442706108093262e-01 0.000000000000000000e+00
 9.283220767974853516e-01 5.785652995109558105e-01 0.000000000000000000e+00
 9.522147178649902344e-01 5.831863880157470703e-01 0.000000000000000000e+00
 9.761073589324951172e-01 5.878074169158935547e-01 0.000000000000000000e+00
 1.000000000000000000e+00 5.924285054206848145e-01 0.000000000000000000e+00
 2.000000029802322388e-01 4.499999880790710449e-01 0.000000000000000000e+00
 2.167090773582458496e-01 4.525356292724609375e-01 0.000000000000000000e+00
 2.334181517362594604e-01 4.550712406635284424e-01 0.000000000000000000e+00
 2.501272261142730713e-01 4.576068520545959473e-01 0.000000000000000000e+00
 2.668363153934478760e-01 4.601424932479858398e-01 0.000000000000000000e+00
 2.833932340145111084e-01 4.623199999332427979e-01 0.000000000000000000e+00
 2.999501824378967285e-01 4.644975364208221436e-01 0.000000000000000000e+00
 3.165071010589599609e-01 4.666750431060791016e-01 0.000000000000000000e+00
 3.330640196800231934e-01 4.688525497913360596e-01 0.000000000000000000e+00
 3.498075306415557861e-01 4.709617793560028076e-01 0.000000000000000000e+00
 3.665510118007659912e-01 4.730710089206695557e-01 0.000000000000000000e+00
 3.832945227622985840e-01 4.751802086830139160e-01 0.000000000000000000e+00
 4.000380039215087891e-01 4.772894382476806641e-01 0.000000000000000000e+00
 4.175002574920654297e-01 4.798059761524200439e-01 0.000000000000000000e+00
 4.349625110626220703e-01 4.823224842548370361e-01 0.000000000000000000e+00
 4.524247646331787109e-01 4.848390221595764160e-01 0.000000000000000000e+00
 4.698870182037353516e-01 4.873555600643157959e-01 0.000000000000000000e+00
 4.886233210563659668e-01 4.907995462417602539e-01 0.000000000000000000e+00
 5.073596239089965820e-01 4.942435324192047119e-01 0.000000000000000000e+00
 5.260959267616271973e-01 4.976875185966491699e-01 0.000000000000000000e+00
 5.448322892189025879e-01 5.011315345764160156e-01 0.000000000000000000e+00
 5.652098655700683594e-01 5.058357119560241699e-01 0.000000000000000000e+00
 5.855874419212341309e-01 5.105398893356323242e-01 0.000000000000000000e+00
 6.059650182723999023e-01 5.152440667152404785e-01 0.000000000000000000e+00
 6.263425946235656738e-01 5.199482440948486328e-01 0.000000000000000000e+00
 6.483874320983886719e-01 5.257920622825622559e-01 0.000000000000000000e+00
 6.704322695732116699e-01 5.316358804702758789e-01 0.000000000000000000e+00
 6.924771070480346680e-01 5.374796986579895020e-01 0.000000000000000000e+00
 7.145219445228576660e-01 5.433235168457031250e-01 0.000000000000000000e+00
 7.378758192062377930e-01 5.496163964271545410e-01 0.000000000000000000e+00
 7.612297534942626953e-01 5.559092164039611816e-01 0.000000000000000000e+00
 7.845836281776428223e-01 5.622020363807678223e-01 0.000000000000000000e+00
 8.079375028610229492e-01 5.684948563575744629e-01 0.000000000000000000e+00
 8.319366574287414551e-01 5.742501020431518555e-01 0.000000000000000000e+00
 8.559358119964599609e-01 5.800053477287292480e-01 0.000000000000000000e+00
 8.799349665641784668e-01 5.857605934143066406e-01 0.000000000000000000e+00
 9.039341211318969727e-01 5.915158390998840332e-01 0.000000000000000000e+00
 9.279506206512451172e-01 5.961741805076599121e-01 0.000000000000000000e+00
 9.519670605659484863e-01 6.008324623107910156e-01 0.000000000000000000e+00
 9.759835600852966309e-01 6.054907441139221191e-01 0.000000000000000000e+00
 1.000000000000000000e+00 6.101490259170532227e-01 0.000000000000000000e+00
 2.000000029802322388e-01 4.749999940395355225e-01 0.000000000000000000e+00
 2.167909294366836548e-01 4.775977730751037598e-01 0.000000000000000000e+00
 2.335818558931350708e-01 4.801955521106719971e-01 0.000000000000000000e+00
 2.503727972507476807e-01 4.827933311462402344e-01 0.000000000000000000e+00
 2.671637237071990967e-01 4.853910803794860840e-01 0.000000000000000000e+00
 2.837903201580047607e-01 4.875862598419189453e-01 0.000000000000000000e+00
 3.004169166088104248e-01 4.897814095020294189e-01 0.000000000000000000e+00
 3.170435428619384766e-01 4.919765889644622803e-01 0.000000000000000000e+00
 3.336701393127441406e-01 4.941717386245727539e-01 0.000000000000000000e+00
 3.504051268100738525e-01 4.961725771427154541e-01 0.000000000000000000e+00
 3.671401143074035645e-01 4.981734156608581543e-01 0.000000000000000000e+00
 3.838751018047332764e-01 5.001742243766784668e-01 0.000000000000000000e+00
 4.006100893020629883e-01 5.021750926971435547e-01 0.000000000000000000e+00
 4.179488718509674072e-01 5.044010877609252930e-01 0.000000000000000000e+00
 4.352876245975494385e-01 5.066270828247070312e-01 0.000000000000000000e+00
 4.526264071464538574e-01 5.088530778884887695e-01 0.000000000000000000e+00
 4.699651598930358887e-01 5.110790729522705078e-01 0.000000000000000000e+00
 4.885017275810241699e-01 5.140632390975952148e-01 0.000000000000000000e+00
 5.070382952690124512e-01 5.170474648475646973e-01 0.000000000000000000e+00
 5.255748033523559570e-01 5.200316309928894043e-01 0.000000000000000000e+00
 5.441113710403442383e-01 5.230157971382141113e-01 0.000000000000000000e+00
 5.643205642700195312e-01 5.272076725959777832e-01 0.000000000000000000e+00
 5.845296978950500488e-01 5.313995480537414551e-01 0.000000000000000000e+00
 6.047388315200805664e-01 5.355913639068603516e-01 0.000000000000000000e+00
 6.249479651451110840e-01 5.397832393646240234e-01 0.000000000000000000e+00
 6.469486951828002930e-01 5.452325344085693359e-01 0.000000000000000000e+00
 6.689494252204895020e-01 5.506818294525146484e-01 0.000000000000000000e+00
 6.909500956535339355e-01 5.561311244964599609e-01 0.000000000000000000e+00
 7.129508256912231445e-01 5.615804195404052734e-01 0.000000000000000000e+00
 7.364005446434020996e-01 5.676980614662170410e-01 0.000000000000000000e+00
 7.598502635955810547e-01 5.738157033920288086e-01 0.000000000000000000e+00
 7.832999825477600098e-01 5.799333453178405762e-01 0.000000000000000000e+00
 8.067497014999389648e-01 5.860510468482971191e-01 0.000000000000000000e+00
 8.309219479560852051e-01 5.918101668357849121e-01 0.000000000000000000e+00
 8.550942540168762207e-01 5.975692272186279297e-01 0.000000000000000000e+00
 8.792665600776672363e-01 6.033283472061157227e-01 0.000000000000000000e+00
 9.034388065338134766e-01 6.090874671936035156e-01 0.000000000000000000e+00
 9.275791049003601074e-01 6.137830018997192383e-01 0.000000000000000000e+00
 9.517194032669067383e-01 6.184784770011901855e-01 0.000000000000000000e+00
 9.758597016334533691e-01 6.231740117073059082e-01 0.000000000000000000e+00
 1.000000000000000000e+00 6.278694868087768555e-01 0.000000000000000000e+00
 2.000000029802322388e-01 5.000000000000000000e-01 0.000000000000000000e+00
 2.168727815151214600e-01 5.026599168777465820e-01 0.000000000000000000e+00
 2.337455600500106812e-01 5.053198337554931641e-01 0.000000000000000000e+00
 2.506183385848999023e-01 5.079797506332397461e-01 0.000000000000000000e+00
 2.674911320209503174e-01 5.106396675109863281e-01 0.000000000000000000e+00
 2.841874063014984131e-01 5.128524899482727051e-01 0.000000000000000000e+00
 3.008836805820465088e-01 5.150653123855590820e-01 0.000000000000000000e+00
 3.175799548625946045e-01 5.172781348228454590e-01 0.000000000000000000e+00
 3.342762291431427002e-01 5.194908976554870605e-01 0.000000000000000000e+00
 3.510027229785919189e-01 5.213834047317504883e-01 0.000000000000000000e+00
 3.677292168140411377e-01 5.232758522033691406e-01 0.000000000000000000e+00
 3.844556808471679688e-01 5.251682996749877930e-01 0.000000000000000000e+00
 4.011821746826171875e-01 5.270607471466064453e-01 0.000000000000000000e+00
 4.183974564075469971e-01 5.289962291717529297e-01 0.000000000000000000e+00
 4.356127381324768066e-01 5.309316515922546387e-01 0.000000000000000000e+00
 4.528280198574066162e-01 5.328671336174011230e-01 0.000000000000000000e+00
 4.700433313846588135e-01 5.348026156425476074e-01 0.000000000000000000e+00
 4.883801043033599854e-01 5.373269915580749512e-01 0.000000000000000000e+00
 5.067169070243835449e-01 5.398513674736022949e-01 0.000000000000000000e+00
 5.250537395477294922e-01 5.423757433891296387e-01 0.000000000000000000e+00
 5.433905124664306641e-01 5.449001193046569824e-01 0.000000000000000000e+00
 5.634312033653259277e-01 5.485796332359313965e-01 0.000000000000000000e+00
 5.834719538688659668e-01 5.522592067718505859e-01 0.000000000000000000e+00
 6.035126447677612305e-01 5.559387207031250000e-01 0.000000000000000000e+00
 6.235533952713012695e-01 5.596182346343994141e-01 0.000000000000000000e+00
 6.455099582672119141e-01 5.646730065345764160e-01 0.000000000000000000e+00
 6.674665212631225586e-01 5.697277784347534180e-01 0.000000000000000000e+00
 6.894231438636779785e-01 5.747825503349304199e-01 0.000000000000000000e+00
 7.113797068595886230e-01 5.798373222351074219e-01 0.000000000000000000e+00
 7.349252700805664062e-01 5.857797861099243164e-01 0.000000000000000000e+00
 7.584707736968994141e-01 5.917222499847412109e-01 0.000000000000000000e+00
 7.820163369178771973e-01 5.976647138595581055e-01 0.000000000000000000e+00
 8.055618405342102051e-01 6.036071777343750000e-01 0.000000000000000000e+00
 8.299072384834289551e-01 6.093701720237731934e-01 0.000000000000000000e+00
 8.542526960372924805e-01 6.151331663131713867e-01 0.000000000000000000e+00
 8.785980939865112305e-01 6.208961009979248047e-01 0.000000000000000000e+00
 9.029434919357299805e-01 6.266590952873229980e-01 0.000000000000000000e+00
 9.272076487541198730e-01 6.313918232917785645e-01 0.000000000000000000e+00
 9.514717459678649902e-01 6.361245512962341309e-01 0.000000000000000000e+00
 9.757359027862548828e-01 6.408572793006896973e-01 0.000000000000000000e+00
 1.000000000000000000e+00 6.455900073051452637e-01 0.000000000000000000e+00
 2.000000029802322388e-01 5.249999761581420898e-01 0.000000000000000000e+00
 2.169468700885772705e-01 5.276858806610107422e-01 0.000000000000000000e+00
 2.338937371969223022e-01 5.303717255592346191e-01 0.000000000000000000e+00
 2.508406043052673340e-01 5.330576300621032715e-01 0.000000000000000000e+00
 2.677874565124511719e-01 5.357434749603271484e-01 0.000000000000000000e+00
 2.846032679080963135e-01 5.379847288131713867e-01 0.000000000000000000e+00
 3.014190495014190674e-01 5.402259826660156250e-01 0.000000000000000000e+00
 3.182348310947418213e-01 5.424672365188598633e-01 0.000000000000000000e+00
 3.350506424903869629e-01 5.447085499763488770e-01 0.000000000000000000e+00
 3.518953323364257812e-01 5.465679168701171875e-01 0.000000000000000000e+00
 3.687400519847869873e-01 5.484273433685302734e-01 0.000000000000000000e+00
 3.855847716331481934e-01 5.502867102622985840e-01 0.000000000000000000e+00
 4.024294614791870117e-01 5.521461367607116699e-01 0.000000000000000000e+00
 4.196915924549102783e-01 5.539210438728332520e-01 0.000000000000000000e+00
 4.369537532329559326e-01 5.556959509849548340e-01 0.000000000000000000e+00
 4.542158842086791992e-01 5.574708580970764160e-01 0.000000000000000000e+00
 4.714780151844024658e-01 5.592457652091979980e-01 0.000000000000000000e+00
 4.897350072860717773e-01 5.614392161369323730e-01 0.000000000000000000e+00
 5.079920291900634766e-01 5.636326670646667480e-01 0.000000000000000000e+00
 5.262489914894104004e-01 5.658261775970458984e-01 0.000000000000000000e+00
 5.445059537887573242e-01 5.680196285247802734e-01 0.000000000000000000e+00
 5.643560886383056641e-01 5.712132453918457031e-01 0.000000000000000000e+00
 5.842062234878540039e-01 5.744068026542663574e-01 0.000000000000000000e+00
 6.040562987327575684e-01 5.776003599166870117e-01 0.000000000000000000e+00
 6.239064335823059082e-01 5.807939767837524414e-01 0.000000000000000000e+00
 6.456692814826965332e-01 5.853313803672790527e-01 0.000000000000000000e+00
 6.674321293830871582e-01 5.898687839508056641e-01 0.000000000000000000e+00
 6.891949772834777832e-01 5.944062471389770508e-01 0.000000000000000000e+00
 7.109578251838684082e-01 5.989436507225036621e-01 0.000000000000000000e+00
 7.344241142272949219e-01 6.045359373092651367e-01 0.000000000000000000e+00
 7.578904032707214355e-01 6.101282835006713867e-01 0.000000000000000000e+00
 7.813566923141479492e-01 6.157205700874328613e-01 0.000000000000000000e+00
 8.048229217529296875e-01 6.213129162788391113e-01 0.000000000000000000e+00
 8.292332291603088379e-01 6.269986033439636230e-01 0.000000000000000000e+00
 8.536434769630432129e-01 6.326842904090881348e-01 0.000000000000000000e+00
 8.780537843704223633e-01 6.383700370788574219e-01 0.000000000000000000e+00
 9.024640321731567383e-01 6.440557241439819336e-01 0.000000000000000000e+00
 9.268480539321899414e-01 6.488693952560424805e-01 0.000000000000000000e+00
 9.512320160865783691e-01 6.536831259727478027e-01 0.000000000000000000e+00
 9.756160378456115723e-01 6.584967970848083496e-01 0.000000000000000000e+00
 1.000000000000000000e+00 6.633105278015136719e-01 0.000000000000000000e+00
 2.000000029802322388e-01 5.500000119209289551e-01 0.000000000000000000e+00
 2.170209586620330811e-01 5.527117848396301270e-01 0.000000000000000000e+00
 2.340418994426727295e-01 5.554236173629760742e-01 0.000000000000000000e+00
 2.510628700256347656e-01 5.581354498863220215e-01 0.000000000000000000e+00
 2.680838108062744141e-01 5.608472228050231934e-01 0.000000000000000000e+00
 2.850190997123718262e-01 5.631169676780700684e-01 0.000000000000000000e+00
 3.019544184207916260e-01 5.653867125511169434e-01 0.000000000000000000e+00
 3.188897371292114258e-01 5.676563978195190430e-01 0.000000000000000000e+00
 3.358250260353088379e-01 5.699261426925659180e-01 0.000000000000000000e+00
 3.527879714965820312e-01 5.717524886131286621e-01 0.000000000000000000e+00
 3.697508871555328369e-01 5.735788345336914062e-01 0.000000000000000000e+00
 3.867138326168060303e-01 5.754051804542541504e-01 0.000000000000000000e+00
 4.036767482757568359e-01 5.772315263748168945e-01 0.000000000000000000e+00
 4.209857583045959473e-01 5.788458585739135742e-01 0.000000000000000000e+00
 4.382947385311126709e-01 5.804601907730102539e-01 0.000000000000000000e+00
 4.556037485599517822e-01 5.820745229721069336e-01 0.000000000000000000e+00
 4.729127287864685059e-01 5.836889147758483887e-01 0.000000000000000000e+00
 4.910899102687835693e-01 5.855514407157897949e-01 0.000000000000000000e+00
 5.092670917510986328e-01 5.874140262603759766e-01 0.000000000000000000e+00
 5.274442434310913086e-01 5.892765522003173828e-01 0.000000000000000000e+00
 5.456214547157287598e-01 5.911391377449035645e-01 0.000000000000000000e+00
 5.652809739112854004e-01 5.938467979431152344e-01 0.000000000000000000e+00
 5.849404335021972656e-01 5.965543985366821289e-01 0.000000000000000000e+00
 6.045999526977539062e-01 5.992620587348937988e-01 0.000000000000000000e+00
 6.242594122886657715e-01 6.019696593284606934e-01 0.000000000000000000e+00
 6.458285450935363770e-01 6.059897541999816895e-01 0.000000000000000000e+00
 6.673976778984069824e-01 6.100098490715026855e-01 0.000000000000000000e+00
 6.889668107032775879e-01 6.140298843383789062e-01 0.000000000000000000e+00
 7.105359435081481934e-01 6.180499792098999023e-01 0.000000000000000000e+00
 7.339229583740234375e-01 6.232921481132507324e-01 0.000000000000000000e+00
 7.573099732398986816e-01 6.285343170166015625e-01 0.000000000000000000e+00
 7.806969881057739258e-01 6.337764859199523926e-01 0.000000000000000000e+00
 8.040840625762939453e-01 6.390186548233032227e-01 0.000000000000000000e+00
 8.285592198371887207e-01 6.446270346641540527e-01 0.000000000000000000e+00
 8.530343174934387207e-01 6.502354741096496582e-01 0.000000000000000000e+00
 8.775094747543334961e-01 6.558439135551452637e-01 0.000000000000000000e+00
 9.019846320152282715e-01 6.614522933959960938e-01 0.000000000000000000e+00
 9.264884591102600098e-01 6.663469672203063965e-01 0.000000000000000000e+00
 9.509922862052917480e-01 6.712416410446166992e-01 0.000000000000000000e+00
 9.754961729049682617e-01 6.761363148689270020e-01 0.000000000000000000e+00
 1.000000000000000000e+00 6.810309886932373047e-01 0.000000000000000000e+00
 2.000000029802322388e-01 5.749999880790710449e-01 0.000000000000000000e+00
 2.170950323343276978e-01 5.777377486228942871e-01 0.000000000000000000e+00
 2.341900765895843506e-01 5.804755091667175293e-01 0.000000000000000000e+00
 2.512851059436798096e-01 5.832132697105407715e-01 0.000000000000000000e+00
 2.683801651000976562e-01 5.859510302543640137e-01 0.000000000000000000e+00
 2.854349613189697266e-01 5.882492065429687500e-01 0.000000000000000000e+00
 3.024897873401641846e-01 5.905473828315734863e-01 0.000000000000000000e+00
 3.195446133613586426e-01 5.928455591201782227e-01 0.000000000000000000e+00
 3.365994393825531006e-01 5.951437354087829590e-01 0.000000000000000000e+00
 3.536805808544158936e-01 5.969370007514953613e-01 0.000000000000000000e+00
 3.707617521286010742e-01 5.987303256988525391e-01 0.000000000000000000e+00
 3.878428936004638672e-01 6.005235910415649414e-01 0.000000000000000000e+00
 4.049240648746490479e-01 6.023168563842773438e-01 0.000000000000000000e+00
 4.222798943519592285e-01 6.037706732749938965e-01 0.000000000000000000e+00
 4.396357536315917969e-01 6.052244305610656738e-01 0.000000000000000000e+00
 4.569915831089019775e-01 6.066782474517822266e-01 0.000000000000000000e+00
 4.743474423885345459e-01 6.081320643424987793e-01 0.000000000000000000e+00
 4.924448132514953613e-01 6.096636652946472168e-01 0.000000000000000000e+00
 5.105421543121337891e-01 6.111953258514404297e-01 0.000000000000000000e+00
 5.286395549774169922e-01 6.127269864082336426e-01 0.000000000000000000e+00
 5.467368960380554199e-01 6.142586469650268555e-01 0.000000000000000000e+00
 5.662057995796203613e-01 6.164803504943847656e-01 0.000000000000000000e+00
 5.856747031211853027e-01 6.187020540237426758e-01 0.000000000000000000e+00
 6.051435470581054688e-01 6.209236979484558105e-01 0.000000000000000000e+00
 6.246124505996704102e-01 6.231454014778137207e-01 0.000000000000000000e+00
 6.459878087043762207e-01 6.266481280326843262e-01 0.000000000000000000e+00
 6.673632264137268066e-01 6.301508545875549316e-01 0.000000000000000000e+00
 6.887386441230773926e-01 6.336535811424255371e-01 0.000000000000000000e+00
 7.101140618324279785e-01 6.371563076972961426e-01 0.000000000000000000e+00
 7.334218025207519531e-01 6.420482993125915527e-01 0.000000000000000000e+00
 7.567296028137207031e-01 6.469403505325317383e-01 0.000000000000000000e+00
 7.800373435020446777e-01 6.518323421478271484e-01 0.000000000000000000e+00
 8.033451437950134277e-01 6.567243933677673340e-01 0.000000000000000000e+00
 8.278851509094238281e-01 6.622555255889892578e-01 0.000000000000000000e+00
 8.524251580238342285e-01 6.677866578102111816e-01 0.000000000000000000e+00
 8.769651651382446289e-01 6.733177900314331055e-01 0.000000000000000000e+00
 9.015051722526550293e-01 6.788489222526550293e-01 0.000000000000000000e+00
 9.261289238929748535e-01 6.838245987892150879e-01 0.000000000000000000e+00
 9.507526159286499023e-01 6.888002157211303711e-01 0.000000000000000000e+00
 9.753763079643249512e-01 6.937758326530456543e-01 0.000000000000000000e+00
 1.000000000000000000e+00 6.987515091896057129e-01 0.000000000000000000e+00
 2.000000029802322388e-01 6.000000238418579102e-01 0.000000000000000000e+00
 2.171691209077835083e-01 6.027637124061584473e-01 0.000000000000000000e+00
 2.343382537364959717e-01 6.055274009704589844e-01 0.000000000000000000e+00
 2.515073716640472412e-01 6.082910895347595215e-01 0.000000000000000000e+00
 2.686764895915985107e-01 6.110547780990600586e-01 0.000000000000000000e+00
 2.858508229255676270e-01 6.133814454078674316e-01 0.000000000000000000e+00
 3.030251562595367432e-01 6.157080531120300293e-01 0.000000000000000000e+00
 3.201994895935058594e-01 6.180347204208374023e-01 0.000000000000000000e+00
 3.373738229274749756e-01 6.203613281250000000e-01 0.000000000000000000e+00
 3.545731902122497559e-01 6.221215724945068359e-01 0.000000000000000000e+00
 3.717725872993469238e-01 6.238818168640136719e-01 0.000000000000000000e+00
 3.889719545841217041e-01 6.256420016288757324e-01 0.000000000000000000e+00
 4.061713516712188721e-01 6.274022459983825684e-01 0.000000000000000000e+00
 4.235740303993225098e-01 6.286954879760742188e-01 0.000000000000000000e+00
 4.409767389297485352e-01 6.299887299537658691e-01 0.000000000000000000e+00
 4.583794474601745605e-01 6.312819719314575195e-01 0.000000000000000000e+00
 4.757821261882781982e-01 6.325751543045043945e-01 0.000000000000000000e+00
 4.937997162342071533e-01 6.337758898735046387e-01 0.000000000000000000e+00
 5.118172764778137207e-01 6.349766850471496582e-01 0.000000000000000000e+00
 5.298348069190979004e-01 6.361774206161499023e-01 0.000000000000000000e+00
 5.478523969650268555e-01 6.373781561851501465e-01 0.000000000000000000e+00
 5.671306848526000977e-01 6.391139030456542969e-01 0.000000000000000000e+00
 5.864089131355285645e-01 6.408496499061584473e-01 0.000000000000000000e+00
 6.056872010231018066e-01 6.425853967666625977e-01 0.000000000000000000e+00
 6.249654293060302734e-01 6.443211436271667480e-01 0.000000000000000000e+00
 6.461471319198608398e-01 6.473065018653869629e-01 0.000000000000000000e+00
 6.673287749290466309e-01 6.502918601036071777e-01 0.000000000000000000e+00
 6.885104775428771973e-01 6.532772183418273926e-01 0.000000000000000000e+00
 7.096921205520629883e-01 6.562626361846923828e-01 0.000000000000000000e+00
 7.329206466674804688e-01 6.608045101165771484e-01 0.000000000000000000e+00
 7.561491727828979492e-01 6.653463840484619141e-01 0.000000000000000000e+00
 7.793776988983154297e-01 6.698882579803466797e-01 0.000000000000000000e+00
 8.026062250137329102e-01 6.744301319122314453e-01 0.000000000000000000e+00
 8.272111415863037109e-01 6.798839569091796875e-01 0.000000000000000000e+00
 8.518159985542297363e-01 6.853378415107727051e-01 0.000000000000000000e+00
 8.764208555221557617e-01 6.907916665077209473e-01 0.000000000000000000e+00
 9.010257720947265625e-01 6.962455511093139648e-01 0.000000000000000000e+00
 9.257693290710449219e-01 7.013021707534790039e-01 0.000000000000000000e+00
 9.505128860473632812e-01 7.063587903976440430e-01 0.000000000000000000e+00
 9.752564430236816406e-01 7.114154100418090820e-01 0.000000000000000000e+00
 1.000000000000000000e+00 7.164720296859741211e-01 0.000000000000000000e+00
 2.000000029802322388e-01 6.250000000000000000e-01 0.000000000000000000e+00
 2.172306925058364868e-01 6.277349591255187988e-01 0.000000000000000000e+00
 2.344613969326019287e-01 6.304699182510375977e-01 0.000000000000000000e+00
 2.516920864582061768e-01 6.332048177719116211e-01 0.000000000000000000e+00
 2.689228057861328125e-01 6.359397768974304199e-01 0.000000000000000000e+00
 2.862347066402435303e-01 6.382460594177246094e-01 0.000000000000000000e+00
 3.035466372966766357e-01 6.405522823333740234e-01 0.000000000000000000e+00
 3.208585381507873535e-01 6.428585648536682129e-01 0.000000000000000000e+00
 3.381704688072204590e-01 6.451647877693176270e-01 0.000000000000000000e+00
 3.555638790130615234e-01 6.468885540962219238e-01 0.000000000000000000e+00
 3.729573190212249756e-01 6.486122608184814453e-01 0.000000000000000000e+00
 3.903507590293884277e-01 6.503359675407409668e-01 0.000000000000000000e+00
 4.077441692352294922e-01 6.520596742630004883e-01 0.000000000000000000e+00
 4.253283739089965820e-01 6.532626748085021973e-01 0.000000000000000000e+00
 4.429125785827636719e-01 6.544656157493591309e-01 0.000000000000000000e+00
 4.604967832565307617e-01 6.556686162948608398e-01 0.000000000000000000e+00
 4.780809581279754639e-01 6.568715572357177734e-01 0.000000000000000000e+00
 4.961749911308288574e-01 6.578826308250427246e-01 0.000000000000000000e+00
 5.142689943313598633e-01 6.588937640190124512e-01 0.000000000000000000e+00
 5.323630571365356445e-01 6.599048376083374023e-01 0.000000000000000000e+00
 5.504570603370666504e-01 6.609159111976623535e-01 0.000000000000000000e+00
 5.696367025375366211e-01 6.623207330703735352e-01 0.000000000000000000e+00
 5.888163447380065918e-01 6.637254953384399414e-01 0.000000000000000000e+00
 6.079959273338317871e-01 6.651302576065063477e-01 0.000000000000000000e+00
 6.271755695343017578e-01 6.665350794792175293e-01 0.000000000000000000e+00
 6.481028199195861816e-01 6.690523028373718262e-01 0.000000000000000000e+00
 6.690300107002258301e-01 6.715695858001708984e-01 0.000000000000000000e+00
 6.899572610855102539e-01 6.740868091583251953e-01 0.000000000000000000e+00
 7.108844518661499023e-01 6.766040325164794922e-01 0.000000000000000000e+00
 7.338488101959228516e-01 6.806741356849670410e-01 0.000000000000000000e+00
 7.568131685256958008e-01 6.847442388534545898e-01 0.000000000000000000e+00
 7.797775268554687500e-01 6.888143420219421387e-01 0.000000000000000000e+00
 8.027418255805969238e-01 6.928844451904296875e-01 0.000000000000000000e+00
 8.272390961647033691e-01 6.980964541435241699e-01 0.000000000000000000e+00
 8.517363667488098145e-01 7.033085227012634277e-01 0.000000000000000000e+00
 8.762336969375610352e-01 7.085205316543579102e-01 0.000000000000000000e+00
 9.007309675216674805e-01 7.137326002120971680e-01 0.000000000000000000e+00
 9.255481958389282227e-01 7.188475728034973145e-01 0.000000000000000000e+00
 9.503654837608337402e-01 7.239625453948974609e-01 0.000000000000000000e+00
 9.751827120780944824e-01 7.290775179862976074e-01 0.000000000000000000e+00
 1.000000000000000000e+00 7.341924905776977539e-01 0.000000000000000000e+00
 2.000000029802322388e-01 6.499999761581420898e-01 0.000000000000000000e+00
 2.172922790050506592e-01 6.527062058448791504e-01 0.000000000000000000e+00
 2.345845550298690796e-01 6.554123759269714355e-01 0.000000000000000000e+00
 2.518768310546875000e-01 6.581186056137084961e-01 0.000000000000000000e+00
 2.691690921783447266e-01 6.608247756958007812e-01 0.000000000000000000e+00
 2.866185903549194336e-01 6.631106734275817871e-01 0.000000000000000000e+00
 3.040680885314941406e-01 6.653965115547180176e-01 0.000000000000000000e+00
 3.215175867080688477e-01 6.676824092864990234e-01 0.000000000000000000e+00
 3.389670848846435547e-01 6.699683070182800293e-01 0.000000000000000000e+00
 3.565545678138732910e-01 6.716554760932922363e-01 0.000000000000000000e+00
 3.741420507431030273e-01 6.733427047729492188e-01 0.000000000000000000e+00
 3.917295336723327637e-01 6.750299334526062012e-01 0.000000000000000000e+00
 4.093170166015625000e-01 6.767171025276184082e-01 0.000000000000000000e+00
 4.270827174186706543e-01 6.778298616409301758e-01 0.000000000000000000e+00
 4.448484182357788086e-01 6.789425611495971680e-01 0.000000000000000000e+00
 4.626141190528869629e-01 6.800552606582641602e-01 0.000000000000000000e+00
 4.803797900676727295e-01 6.811679601669311523e-01 0.000000000000000000e+00
 4.985502958297729492e-01 6.819894313812255859e-01 0.000000000000000000e+00
 5.167207717895507812e-01 6.828108429908752441e-01 0.000000000000000000e+00
 5.348912477493286133e-01 6.836323142051696777e-01 0.000000000000000000e+00
 5.530617237091064453e-01 6.844537258148193359e-01 0.000000000000000000e+00
 5.721427202224731445e-01 6.855275630950927734e-01 0.000000000000000000e+00
 5.912237167358398438e-01 6.866013407707214355e-01 0.000000000000000000e+00
 6.103047132492065430e-01 6.876751780509948730e-01 0.000000000000000000e+00
 6.293857097625732422e-01 6.887490153312683105e-01 0.000000000000000000e+00
 6.500585079193115234e-01 6.907981038093566895e-01 0.000000000000000000e+00
 6.707312464714050293e-01 6.928472518920898438e-01 0.000000000000000000e+00
 6.914040446281433105e-01 6.948963403701782227e-01 0.000000000000000000e+00
 7.120767831802368164e-01 6.969454884529113770e-01 0.000000000000000000e+00
 7.347769737243652344e-01 7.005438208580017090e-01 0.000000000000000000e+00
 7.574771046638488770e-01 7.041421532630920410e-01 0.000000000000000000e+00
 7.801772952079772949e-01 7.077404260635375977e-01 0.000000000000000000e+00
 8.028774261474609375e-01 7.113387584686279297e-01 0.000000000000000000e+00
 8.272671103477478027e-01 7.163090109825134277e-01 0.000000000000000000e+00
 8.516567945480346680e-01 7.212792038917541504e-01 0.000000000000000000e+00
 8.760464787483215332e-01 7.262493968009948730e-01 0.000000000000000000e+00
 9.004361629486083984e-01 7.312195897102355957e-01 0.000000000000000000e+00
 9.253271222114562988e-01 7.363929748535156250e-01 0.000000000000000000e+00
 9.502180814743041992e-01 7.415663003921508789e-01 0.000000000000000000e+00
 9.751090407371520996e-01 7.467396259307861328e-01 0.000000000000000000e+00
 1.000000000000000000e+00 7.519130110740661621e-01 0.000000000000000000e+00
 2.000000029802322388e-01 6.750000119209289551e-01 0.000000000000000000e+00
 2.173538506031036377e-01 6.776774525642395020e-01 0.000000000000000000e+00
 2.347076982259750366e-01 6.803548932075500488e-01 0.000000000000000000e+00
 2.520615458488464355e-01 6.830323338508605957e-01 0.000000000000000000e+00
 2.694154083728790283e-01 6.857097744941711426e-01 0.000000000000000000e+00
 2.870024740695953369e-01 6.879752874374389648e-01 0.000000000000000000e+00
 3.045895695686340332e-01 6.902407407760620117e-01 0.000000000000000000e+00
 3.221766352653503418e-01 6.925062537193298340e-01 0.000000000000000000e+00
 3.397637307643890381e-01 6.947717666625976562e-01 0.000000000000000000e+00
 3.575452566146850586e-01 6.964224576950073242e-01 0.000000000000000000e+00
 3.753267824649810791e-01 6.980731487274169922e-01 0.000000000000000000e+00
 3.931083381175994873e-01 6.997238397598266602e-01 0.000000000000000000e+00
 4.108898639678955078e-01 7.013745903968811035e-01 0.000000000000000000e+00
 4.288370609283447266e-01 7.023969888687133789e-01 0.000000000000000000e+00
 4.467842578887939453e-01 7.034194469451904297e-01 0.000000000000000000e+00
 4.647314548492431641e-01 7.044419050216674805e-01 0.000000000000000000e+00
 4.826786220073699951e-01 7.054643630981445312e-01 0.000000000000000000e+00
 5.009256005287170410e-01 7.060961723327636719e-01 0.000000000000000000e+00
 5.191724896430969238e-01 7.067279219627380371e-01 0.000000000000000000e+00
 5.374194383621215820e-01 7.073597311973571777e-01 0.000000000000000000e+00
 5.556663870811462402e-01 7.079915404319763184e-01 0.000000000000000000e+00
 5.746487379074096680e-01 7.087343931198120117e-01 0.000000000000000000e+00
 5.936311483383178711e-01 7.094772458076477051e-01 0.000000000000000000e+00
 6.126134991645812988e-01 7.102200984954833984e-01 0.000000000000000000e+00
 6.315958499908447266e-01 7.109629511833190918e-01 0.000000000000000000e+00
 6.520141363143920898e-01 7.125439047813415527e-01 0.000000000000000000e+00
 6.724324822425842285e-01 7.141249179840087891e-01 0.000000000000000000e+00
 6.928508281707763672e-01 7.157059311866760254e-01 0.000000000000000000e+00
 7.132691144943237305e-01 7.172869443893432617e-01 0.000000000000000000e+00
 7.357051372528076172e-01 7.204134464263916016e-01 0.000000000000000000e+00
 7.581411004066467285e-01 7.235400080680847168e-01 0.000000000000000000e+00
 7.805770635604858398e-01 7.266665697097778320e-01 0.000000000000000000e+00
 8.030130267143249512e-01 7.297931313514709473e-01 0.000000000000000000e+00
 8.272951245307922363e-01 7.345215082168579102e-01 0.000000000000000000e+00
 8.515771627426147461e-01 7.392498850822448730e-01 0.000000000000000000e+00
 8.758592605590820312e-01 7.439782619476318359e-01 0.000000000000000000e+00
 9.001412987709045410e-01 7.487066388130187988e-01 0.000000000000000000e+00
 9.251059889793395996e-01 7.539383769035339355e-01 0.000000000000000000e+00
 9.500706791877746582e-01 7.591700553894042969e-01 0.000000000000000000e+00
 9.750353097915649414e-01 7.644017934799194336e-01 0.000000000000000000e+00
 1.000000000000000000e+00 7.696334719657897949e-01 0.000000000000000000e+00
 2.000000029802322388e-01 6.999999880790710449e-01 0.000000000000000000e+00
 2.174154222011566162e-01 7.026486992835998535e-01 0.000000000000000000e+00
 2.348308563232421875e-01 7.052974104881286621e-01 0.000000000000000000e+00
 2.522462904453277588e-01 7.079460620880126953e-01 0.000000000000000000e+00
 2.696616947650909424e-01 7.105947732925415039e-01 0.000000000000000000e+00
 2.873863577842712402e-01 7.128399014472961426e-01 0.000000000000000000e+00
 3.051110208034515381e-01 7.150850296020507812e-01 0.000000000000000000e+00
 3.228356838226318359e-01 7.173300981521606445e-01 0.000000000000000000e+00
 3.405603766441345215e-01 7.195752263069152832e-01 0.000000000000000000e+00
 3.585359454154968262e-01 7.211894392967224121e-01 0.000000000000000000e+00
 3.765115439891815186e-01 7.228035926818847656e-01 0.000000000000000000e+00
 3.944871127605438232e-01 7.244178056716918945e-01 0.000000000000000000e+00
 4.124627113342285156e-01 7.260320186614990234e-01 0.000000000000000000e+00
 4.305914044380187988e-01 7.269641757011413574e-01 0.000000000000000000e+00
 4.487200677394866943e-01 7.278963923454284668e-01 0.000000000000000000e+00
 4.668487608432769775e-01 7.288285493850708008e-01 0.000000000000000000e+00
 4.849774539470672607e-01 7.297607660293579102e-01 0.000000000000000000e+00
 5.033008456230163574e-01 7.302029132843017578e-01 0.000000000000000000e+00
 5.216242671012878418e-01 7.306450605392456055e-01 0.000000000000000000e+00
 5.399476885795593262e-01 7.310872077941894531e-01 0.000000000000000000e+00
 5.582710504531860352e-01 7.315293550491333008e-01 0.000000000000000000e+00
 5.771548151969909668e-01 7.319412231445312500e-01 0.000000000000000000e+00
 5.960385203361511230e-01 7.323530912399291992e-01 0.000000000000000000e+00
 6.149222254753112793e-01 7.327649593353271484e-01 0.000000000000000000e+00
 6.338059902191162109e-01 7.331768274307250977e-01 0.000000000000000000e+00
 6.539698243141174316e-01 7.342897057533264160e-01 0.000000000000000000e+00
 6.741337180137634277e-01 7.354025840759277344e-01 0.000000000000000000e+00
 6.942976117134094238e-01 7.365154623985290527e-01 0.000000000000000000e+00
 7.144614458084106445e-01 7.376283407211303711e-01 0.000000000000000000e+00
 7.366332411766052246e-01 7.402831315994262695e-01 0.000000000000000000e+00
 7.588050365447998047e-01 7.429379224777221680e-01 0.000000000000000000e+00
 7.809768319129943848e-01 7.455926537513732910e-01 0.000000000000000000e+00
 8.031486272811889648e-01 7.482474446296691895e-01 0.000000000000000000e+00
 8.273230791091918945e-01 7.527340054512023926e-01 0.000000000000000000e+00
 8.514975905418395996e-01 7.572205662727355957e-01 0.000000000000000000e+00
 8.756720423698425293e-01 7.617071270942687988e-01 0.000000000000000000e+00
 8.998464941978454590e-01 7.661936879158020020e-01 0.000000000000000000e+00
 9.248848557472229004e-01 7.714837789535522461e-01 0.000000000000000000e+00
 9.499232769012451172e-01 7.767738699913024902e-01 0.000000000000000000e+00
 9.749616384506225586e-01 7.820639014244079590e-01 0.000000000000000000e+00
 1.000000000000000000e+00 7.873539924621582031e-01 0.000000000000000000e+00
 2.000000029802322388e-01 7.250000238418579102e-01 0.000000000000000000e+00
 2.174908518791198730e-01 7.275637388229370117e-01 0.000000000000000000e+00
 2.349817156791687012e-01 7.301274538040161133e-01 0.000000000000000000e+00
 2.524725794792175293e-01 7.326912283897399902e-01 0.000000000000000000e+00
 2.699634134769439697e-01 7.352549433708190918e-01 0.000000000000000000e+00
 2.878475487232208252e-01 7.373868823051452637e-01 0.000000000000000000e+00
 3.057316541671752930e-01 7.395188212394714355e-01 0.000000000000000000e+00
 3.236157894134521484e-01 7.416507601737976074e-01 0.000000000000000000e+00
 3.414998948574066162e-01 7.437826395034790039e-01 0.000000000000000000e+00
 3.596942424774169922e-01 7.452926039695739746e-01 0.000000000000000000e+00
 3.778885900974273682e-01 7.468025684356689453e-01 0.000000000000000000e+00
 3.960829079151153564e-01 7.483125329017639160e-01 0.000000000000000000e+00
 4.142772555351257324e-01 7.498224377632141113e-01 0.000000000000000000e+00
 4.326354563236236572e-01 7.506782412528991699e-01 0.000000000000000000e+00
 4.509936571121215820e-01 7.515341043472290039e-01 0.000000000000000000e+00
 4.693518579006195068e-01 7.523899078369140625e-01 0.000000000000000000e+00
 4.877100288867950439e-01 7.532457113265991211e-01 0.000000000000000000e+00
 5.062106847763061523e-01 7.536112070083618164e-01 0.000000000000000000e+00
 5.247113704681396484e-01 7.539767026901245117e-01 0.000000000000000000e+00
 5.432120561599731445e-01 7.543421387672424316e-01 0.000000000000000000e+00
 5.617126822471618652e-01 7.547076344490051270e-01 0.000000000000000000e+00
 5.806372761726379395e-01 7.549771666526794434e-01 0.000000000000000000e+00
 5.995618104934692383e-01 7.552466988563537598e-01 0.000000000000000000e+00
 6.184863448143005371e-01 7.555162310600280762e-01 0.000000000000000000e+00
 6.374109387397766113e-01 7.557857632637023926e-01 0.000000000000000000e+00
 6.574036478996276855e-01 7.566161155700683594e-01 0.000000000000000000e+00
 6.773963570594787598e-01 7.574464678764343262e-01 0.000000000000000000e+00
 6.973890066146850586e-01 7.582767605781555176e-01 0.000000000000000000e+00
 7.173817157745361328e-01 7.591071128845214844e-01 0.000000000000000000e+00
 7.391992807388305664e-01 7.613213062286376953e-01 0.000000000000000000e+00
 7.610167860984802246e-01 7.635354399681091309e-01 0.000000000000000000e+00
 7.828342914581298828e-01 7.657496333122253418e-01 0.000000000000000000e+00
 8.046518564224243164e-01 7.679638266563415527e-01 0.000000000000000000e+00
 8.285047411918640137e-01 7.720286846160888672e-01 0.000000000000000000e+00
 8.523576259613037109e-01 7.760935425758361816e-01 0.000000000000000000e+00
 8.762105703353881836e-01 7.801583409309387207e-01 0.000000000000000000e+00
 9.000634551048278809e-01 7.842231988906860352e-01 0.000000000000000000e+00
 9.250475764274597168e-01 7.894360423088073730e-01 0.000000000000000000e+00
 9.500317573547363281e-01 7.946488261222839355e-01 0.000000000000000000e+00
 9.750158786773681641e-01 7.998616695404052734e-01 0.000000000000000000e+00
 1.000000000000000000e+00 8.050745129585266113e-01 0.000000000000000000e+00
 2.000000029802322388e-01 7.500000000000000000e-01 0.000000000000000000e+00
 2.175662815570831299e-01 7.524787783622741699e-01 0.000000000000000000e+00
 2.351325750350952148e-01 7.549575567245483398e-01 0.000000000000000000e+00
 2.526988685131072998e-01 7.574363350868225098e-01 0.000000000000000000e+00
 2.702651619911193848e-01 7.599151134490966797e-01 0.000000000000000000e+00
 2.883087098598480225e-01 7.619338631629943848e-01 0.000000000000000000e+00
 3.063522875308990479e-01 7.639526128768920898e-01 0.000000000000000000e+00
 3.243958652019500732e-01 7.659713625907897949e-01 0.000000000000000000e+00
 3.424394428730010986e-01 7.679901123046875000e-01 0.000000000000000000e+00
 3.608525395393371582e-01 7.693958282470703125e-01 0.000000000000000000e+00
 3.792656362056732178e-01 7.708014845848083496e-01 0.000000000000000000e+00
 3.976787328720092773e-01 7.722072005271911621e-01 0.000000000000000000e+00
 4.160918295383453369e-01 7.736129164695739746e-01 0.000000000000000000e+00
 4.346795380115509033e-01 7.743923664093017578e-01 0.000000000000000000e+00
 4.532672166824340820e-01 7.751718163490295410e-01 0.000000000000000000e+00
 4.718549251556396484e-01 7.759512662887573242e-01 0.000000000000000000e+00
 4.904426336288452148e-01 7.767307162284851074e-01 0.000000000000000000e+00
 5.091205239295959473e-01 7.770195007324218750e-01 0.000000000000000000e+00
 5.277984738349914551e-01 7.773083448410034180e-01 0.000000000000000000e+00
 5.464764237403869629e-01 7.775971293449401855e-01 0.000000000000000000e+00
 5.651543140411376953e-01 7.778859734535217285e-01 0.000000000000000000e+00
 5.841197371482849121e-01 7.780131697654724121e-01 0.000000000000000000e+00
 6.030851006507873535e-01 7.781403660774230957e-01 0.000000000000000000e+00
 6.220505237579345703e-01 7.782675623893737793e-01 0.000000000000000000e+00
 6.410158872604370117e-01 7.783946990966796875e-01 0.000000000000000000e+00
 6.608374118804931641e-01 7.789425253868103027e-01 0.000000000000000000e+00
 6.806589365005493164e-01 7.794902920722961426e-01 0.000000000000000000e+00
 7.004804611206054688e-01 7.800380587577819824e-01 0.000000000000000000e+00
 7.203019857406616211e-01 7.805858254432678223e-01 0.000000000000000000e+00
 7.417652606964111328e-01 7.823594212532043457e-01 0.000000000000000000e+00
 7.632285356521606445e-01 7.841330170631408691e-01 0.000000000000000000e+00
 7.846917510032653809e-01 7.859066128730773926e-01 0.000000000000000000e+00
 8.061550259590148926e-01 7.876802682876586914e-01 0.000000000000000000e+00
 8.296864032745361328e-01 7.913233637809753418e-01 0.000000000000000000e+00
 8.532177209854125977e-01 7.949664592742919922e-01 0.000000000000000000e+00
 8.767490983009338379e-01 7.986096143722534180e-01 0.000000000000000000e+00
 9.002804160118103027e-01 8.022527098655700684e-01 0.000000000000000000e+00
 9.252102971076965332e-01 8.073883056640625000e-01 0.000000000000000000e+00
 9.501402378082275391e-01 8.125238418579101562e-01 0.000000000000000000e+00
 9.750701189041137695e-01 8.176594376564025879e-01 0.000000000000000000e+00
 1.000000000000000000e+00 8.227949738502502441e-01 0.000000000000000000e+00
 2.000000029802322388e-01 7.749999761581420898e-01 0.000000000000000000e+00
 2.176417112350463867e-01 7.773938179016113281e-01 0.000000000000000000e+00
 2.352834343910217285e-01 7.797876596450805664e-01 0.000000000000000000e+00
 2.529251575469970703e-01 7.821815013885498047e-01 0.000000000000000000e+00
 2.705668807029724121e-01 7.845752835273742676e-01 0.000000000000000000e+00
 2.887699007987976074e-01 7.864808440208435059e-01 0.000000000000000000e+00
 3.069729208946228027e-01 7.883864045143127441e-01 0.000000000000000000e+00
 3.251759409904479980e-01 7.902919650077819824e-01 0.000000000000000000e+00
 3.433789610862731934e-01 7.921975255012512207e-01 0.000000000000000000e+00
 3.620108366012573242e-01 7.934989929199218750e-01 0.000000000000000000e+00
 3.806426823139190674e-01 7.948004603385925293e-01 0.000000000000000000e+00
 3.992745280265808105e-01 7.961019277572631836e-01 0.000000000000000000e+00
 4.179064035415649414e-01 7.974033355712890625e-01 0.000000000000000000e+00
 4.367235898971557617e-01 7.981064319610595703e-01 0.000000000000000000e+00
 4.555408060550689697e-01 7.988095283508300781e-01 0.000000000000000000e+00
 4.743579924106597900e-01 7.995125651359558105e-01 0.000000000000000000e+00
 4.931752085685729980e-01 8.002156615257263184e-01 0.000000000000000000e+00
 5.120303630828857422e-01 8.004277944564819336e-01 0.000000000000000000e+00
 5.308855772018432617e-01 8.006399869918823242e-01 0.000000000000000000e+00
 5.497407913208007812e-01 8.008521199226379395e-01 0.000000000000000000e+00
 5.685959458351135254e-01 8.010643124580383301e-01 0.000000000000000000e+00
 5.876021981239318848e-01 8.010491132736206055e-01 0.000000000000000000e+00
 6.066083908081054688e-01 8.010339736938476562e-01 0.000000000000000000e+00
 6.256146430969238281e-01 8.010188341140747070e-01 0.000000000000000000e+00
 6.446208357810974121e-01 8.010036349296569824e-01 0.000000000000000000e+00
 6.642711758613586426e-01 8.012688755989074707e-01 0.000000000000000000e+00
 6.839215755462646484e-01 8.015341162681579590e-01 0.000000000000000000e+00
 7.035719156265258789e-01 8.017993569374084473e-01 0.000000000000000000e+00
 7.232222557067871094e-01 8.020645380020141602e-01 0.000000000000000000e+00
 7.443312406539916992e-01 8.033975958824157715e-01 0.000000000000000000e+00
 7.654402256011962891e-01 8.047305941581726074e-01 0.000000000000000000e+00
 7.865492701530456543e-01 8.060636520385742188e-01 0.000000000000000000e+00
 8.076582551002502441e-01 8.073966503143310547e-01 0.000000000000000000e+00
 8.308680057525634766e-01 8.106180429458618164e-01 0.000000000000000000e+00
 8.540778160095214844e-01 8.138394355773925781e-01 0.000000000000000000e+00
 8.772875666618347168e-01 8.170608282089233398e-01 0.000000000000000000e+00
 9.004973769187927246e-01 8.202822208404541016e-01 0.000000000000000000e+00
 9.253730177879333496e-01 8.253405690193176270e-01 0.000000000000000000e+00
 9.502486586570739746e-01 8.303988575935363770e-01 0.000000000000000000e+00
 9.751243591308593750e-01 8.354572057723999023e-01 0.000000000000000000e+00
 1.000000000000000000e+00 8.405154943466186523e-01 0.000000000000000000e+00
 2.000000029802322388e-01 8.000000119209289551e-01 0.000000000000000000e+00
 2.177171409130096436e-01 8.023088574409484863e-01 0.000000000000000000e+00
 2.354342937469482422e-01 8.046177625656127930e-01 0.000000000000000000e+00
 2.531514465808868408e-01 8.069266080856323242e-01 0.000000000000000000e+00
 2.708685994148254395e-01 8.092354536056518555e-01 0.000000000000000000e+00
 2.892310619354248047e-01 8.110278248786926270e-01 0.000000000000000000e+00
 3.075935542583465576e-01 8.128201961517333984e-01 0.000000000000000000e+00
 3.259560167789459229e-01 8.146126270294189453e-01 0.000000000000000000e+00
 3.443185091018676758e-01 8.164049983024597168e-01 0.000000000000000000e+00
 3.631691336631774902e-01 8.176022171974182129e-01 0.000000000000000000e+00
 3.820197284221649170e-01 8.187993764877319336e-01 0.000000000000000000e+00
 4.008703529834747314e-01 8.199965953826904297e-01 0.000000000000000000e+00
 4.197209477424621582e-01 8.211938142776489258e-01 0.000000000000000000e+00
 4.387676715850830078e-01 8.218204975128173828e-01 0.000000000000000000e+00
 4.578143656253814697e-01 8.224472403526306152e-01 0.000000000000000000e+00
 4.768610596656799316e-01 8.230739235877990723e-01 0.000000000000000000e+00
 4.959077835083007812e-01 8.237006068229675293e-01 0.000000000000000000e+00
 5.149402022361755371e-01 8.238361477851867676e-01 0.000000000000000000e+00
 5.339726805686950684e-01 8.239716291427612305e-01 0.000000000000000000e+00
 5.530051589012145996e-01 8.241071105003356934e-01 0.000000000000000000e+00
 5.720375776290893555e-01 8.242425918579101562e-01 0.000000000000000000e+00
 5.910846590995788574e-01 8.240851163864135742e-01 0.000000000000000000e+00
 6.101316809654235840e-01 8.239275813102722168e-01 0.000000000000000000e+00
 6.291787624359130859e-01 8.237701058387756348e-01 0.000000000000000000e+00
 6.482258439064025879e-01 8.236126303672790527e-01 0.000000000000000000e+00
 6.677049994468688965e-01 8.235952854156494141e-01 0.000000000000000000e+00
 6.871841549873352051e-01 8.235779404640197754e-01 0.000000000000000000e+00
 7.066633105278015137e-01 8.235605955123901367e-01 0.000000000000000000e+00
 7.261425256729125977e-01 8.235433101654052734e-01 0.000000000000000000e+00
 7.468972206115722656e-01 8.244357109069824219e-01 0.000000000000000000e+00
 7.676519751548767090e-01 8.253281712532043457e-01 0.000000000000000000e+00
 7.884067296981811523e-01 8.262206315994262695e-01 0.000000000000000000e+00
 8.091614246368408203e-01 8.271130323410034180e-01 0.000000000000000000e+00
 8.320496678352355957e-01 8.299127221107482910e-01 0.000000000000000000e+00
 8.549379110336303711e-01 8.327124118804931641e-01 0.000000000000000000e+00
 8.778260946273803711e-01 8.355120420455932617e-01 0.000000000000000000e+00
 9.007143378257751465e-01 8.383117318153381348e-01 0.000000000000000000e+00
 9.255357384681701660e-01 8.432928323745727539e-01 0.000000000000000000e+00
 9.503571391105651855e-01 8.482738733291625977e-01 0.000000000000000000e+00
 9.751785993576049805e-01 8.532549142837524414e-01 0.000000000000000000e+00
 1.000000000000000000e+00 8.582360148429870605e-01 0.000000000000000000e+00
 2.000000029802322388e-01 8.249999880790710449e-01 0.000000000000000000e+00
 2.178778648376464844e-01 8.271406292915344238e-01 0.000000000000000000e+00
 2.357557415962219238e-01 8.292812108993530273e-01 0.000000000000000000e+00
 2.536335885524749756e-01 8.314218521118164062e-01 0.000000000000000000e+00
 2.715114653110504150e-01 8.335624933242797852e-01 0.000000000000000000e+00
 2.900856435298919678e-01 8.351335525512695312e-01 0.000000000000000000e+00
 3.086598217487335205e-01 8.367046713829040527e-01 0.000000000000000000e+00
 3.272340297698974609e-01 8.382757902145385742e-01 0.000000000000000000e+00
 3.458082079887390137e-01 8.398469090461730957e-01 0.000000000000000000e+00
 3.648460209369659424e-01 8.408765196800231934e-01 0.000000000000000000e+00
 3.838838040828704834e-01 8.419061303138732910e-01 0.000000000000000000e+00
 4.029216170310974121e-01 8.429357409477233887e-01 0.000000000000000000e+00
 4.219594299793243408e-01 8.439654111862182617e-01 0.000000000000000000e+00
 4.411777257919311523e-01 8.445073366165161133e-01 0.000000000000000000e+00
 4.603959918022155762e-01 8.450493216514587402e-01 0.000000000000000000e+00
 4.796142876148223877e-01 8.455912470817565918e-01 0.000000000000000000e+00
 4.988325536251068115e-01 8.461332321166992188e-01 0.000000000000000000e+00
 5.180321931838989258e-01 8.462524414062500000e-01 0.000000000000000000e+00
 5.372318625450134277e-01 8.463716506958007812e-01 0.000000000000000000e+00
 5.564315319061279297e-01 8.464908599853515625e-01 0.000000000000000000e+00
 5.756312012672424316e-01 8.466100692749023438e-01 0.000000000000000000e+00
 5.948111414909362793e-01 8.464553356170654297e-01 0.000000000000000000e+00
 6.139910221099853516e-01 8.463006019592285156e-01 0.000000000000000000e+00
 6.331709623336791992e-01 8.461458683013916016e-01 0.000000000000000000e+00
 6.523509025573730469e-01 8.459911346435546875e-01 0.000000000000000000e+00
 6.718375682830810547e-01 8.459096550941467285e-01 0.000000000000000000e+00
 6.913241744041442871e-01 8.458282351493835449e-01 0.000000000000000000e+00
 7.108108401298522949e-01 8.457468152046203613e-01 0.000000000000000000e+00
 7.302975058555603027e-01 8.456653952598571777e-01 0.000000000000000000e+00
 7.508147358894348145e-01 8.463145494461059570e-01 0.000000000000000000e+00
 7.713320255279541016e-01 8.469637036323547363e-01 0.000000000000000000e+00
 7.918493151664733887e-01 8.476129174232482910e-01 0.000000000000000000e+00
 8.123665452003479004e-01 8.482620716094970703e-01 0.000000000000000000e+00
 8.347755670547485352e-01 8.505762815475463867e-01 0.000000000000000000e+00
 8.571845293045043945e-01 8.528904318809509277e-01 0.000000000000000000e+00
 8.795935511589050293e-01 8.552046418190002441e-01 0.000000000000000000e+00
 9.020025730133056641e-01 8.575188517570495605e-01 0.000000000000000000e+00
 9.265019297599792480e-01 8.621282577514648438e-01 0.000000000000000000e+00
 9.510012865066528320e-01 8.667376637458801270e-01 0.000000000000000000e+00
 9.755006432533264160e-01 8.713470697402954102e-01 0.000000000000000000e+00
 1.000000000000000000e+00 8.759564757347106934e-01 0.000000000000000000e+00
 2.000000029802322388e-01 8.500000238418579102e-01 0.000000000000000000e+00
 2.180385887622833252e-01 8.519723415374755859e-01 0.000000000000000000e+00
 2.360771745443344116e-01 8.539447188377380371e-01 0.000000000000000000e+00
 2.541157603263854980e-01 8.559170961380004883e-01 0.000000000000000000e+00
 2.721543610095977783e-01 8.578894734382629395e-01 0.000000000000000000e+00
 2.909402251243591309e-01 8.592393398284912109e-01 0.000000000000000000e+00
 3.097261190414428711e-01 8.605891466140747070e-01 0.000000000000000000e+00
 3.285120129585266113e-01 8.619390130043029785e-01 0.000000000000000000e+00
 3.472978770732879639e-01 8.632888793945312500e-01 0.000000000000000000e+00
 3.665228784084320068e-01 8.641508817672729492e-01 0.000000000000000000e+00
 3.857479095458984375e-01 8.650128841400146484e-01 0.000000000000000000e+00
 4.049729108810424805e-01 8.658749461174011230e-01 0.000000000000000000e+00
 4.241979122161865234e-01 8.667369484901428223e-01 0.000000000000000000e+00
 4.435877799987792969e-01 8.671941757202148438e-01 0.000000000000000000e+00
 4.629776179790496826e-01 8.676514029502868652e-01 0.000000000000000000e+00
 4.823674857616424561e-01 8.681086301803588867e-01 0.000000000000000000e+00
 5.017573237419128418e-01 8.685658574104309082e-01 0.000000000000000000e+00
 5.211241841316223145e-01 8.686687946319580078e-01 0.000000000000000000e+00
 5.404910445213317871e-01 8.687716722488403320e-01 0.000000000000000000e+00
 5.598579049110412598e-01 8.688746094703674316e-01 0.000000000000000000e+00
 5.792247653007507324e-01 8.689775466918945312e-01 0.000000000000000000e+00
 5.985375642776489258e-01 8.688255548477172852e-01 0.000000000000000000e+00
 6.178503632545471191e-01 8.686736226081848145e-01 0.000000000000000000e+00
 6.371631622314453125e-01 8.685216307640075684e-01 0.000000000000000000e+00
 6.564759612083435059e-01 8.683696389198303223e-01 0.000000000000000000e+00
 6.759700775146484375e-01 8.682240843772888184e-01 0.000000000000000000e+00
 6.954641938209533691e-01 8.680785298347473145e-01 0.000000000000000000e+00
 7.149583697319030762e-01 8.679329752922058105e-01 0.000000000000000000e+00
 7.344524860382080078e-01 8.677874207496643066e-01 0.000000000000000000e+00
 7.547322511672973633e-01 8.681933879852294922e-01 0.000000000000000000e+00
 7.750120759010314941e-01 8.685992956161499023e-01 0.000000000000000000e+00
 7.952918410301208496e-01 8.690052032470703125e-01 0.000000000000000000e+00
 8.155716657638549805e-01 8.694111108779907227e-01 0.000000000000000000e+00
 8.375014066696166992e-01 8.712398409843444824e-01 0.000000000000000000e+00
 8.594312071800231934e-01 8.730685114860534668e-01 0.000000000000000000e+00
 8.813610076904296875e-01 8.748972415924072266e-01 0.000000000000000000e+00
 9.032907485961914062e-01 8.767259716987609863e-01 0.000000000000000000e+00
 9.274680614471435547e-01 8.809637427330017090e-01 0.000000000000000000e+00
 9.516453742980957031e-01 8.852014541625976562e-01 0.000000000000000000e+00
 9.758226871490478516e-01 8.894392251968383789e-01 0.000000000000000000e+00
 1.000000000000000000e+00 8.936769962310791016e-01 0.000000000000000000e+00
 2.000000029802322388e-01 8.750000000000000000e-01 0.000000000000000000e+00
 2.181993126869201660e-01 8.768041133880615234e-01 0.000000000000000000e+00
 2.363986223936080933e-01 8.786082267761230469e-01 0.000000000000000000e+00
 2.545979321002960205e-01 8.804123401641845703e-01 0.000000000000000000e+00
 2.727972269058227539e-01 8.822164535522460938e-01 0.000000000000000000e+00
 2.917948067188262939e-01 8.833450675010681152e-01 0.000000000000000000e+00
 3.107924163341522217e-01 8.844736218452453613e-01 0.000000000000000000e+00
 3.297899961471557617e-01 8.856022357940673828e-01 0.000000000000000000e+00
 3.487875759601593018e-01 8.867307901382446289e-01 0.000000000000000000e+00
 3.681997656822204590e-01 8.874252438545227051e-01 0.000000000000000000e+00
 3.876119852066040039e-01 8.881196379661560059e-01 0.000000000000000000e+00
 4.070241749286651611e-01 8.888140916824340820e-01 0.000000000000000000e+00
 4.264363944530487061e-01 8.895085453987121582e-01 0.000000000000000000e+00
 4.459978342056274414e-01 8.898810148239135742e-01 0.000000000000000000e+00
 4.655592441558837891e-01 8.902534842491149902e-01 0.000000000000000000e+00
 4.851206839084625244e-01 8.906259536743164062e-01 0.000000000000000000e+00
 5.046821236610412598e-01 8.909984230995178223e-01 0.000000000000000000e+00
 5.242161750793457031e-01 8.910850882530212402e-01 0.000000000000000000e+00
 5.437502264976501465e-01 8.911717534065246582e-01 0.000000000000000000e+00
 5.632843375205993652e-01 8.912583589553833008e-01 0.000000000000000000e+00
 5.828183889389038086e-01 8.913450241088867188e-01 0.000000000000000000e+00
 6.022640466690063477e-01 8.911958336830139160e-01 0.000000000000000000e+00
 6.217097043991088867e-01 8.910465836524963379e-01 0.000000000000000000e+00
 6.411553621292114258e-01 8.908973932266235352e-01 0.000000000000000000e+00
 6.606010198593139648e-01 8.907481431961059570e-01 0.000000000000000000e+00
 6.801026463508605957e-01 8.905385136604309082e-01 0.000000000000000000e+00
 6.996042728424072266e-01 8.903288245201110840e-01 0.000000000000000000e+00
 7.191058397293090820e-01 8.901191949844360352e-01 0.000000000000000000e+00
 7.386074662208557129e-01 8.899095058441162109e-01 0.000000000000000000e+00
 7.586497664451599121e-01 8.900721669197082520e-01 0.000000000000000000e+00
 7.786921262741088867e-01 8.902348279953002930e-01 0.000000000000000000e+00
 7.987344264984130859e-01 8.903974890708923340e-01 0.000000000000000000e+00
 8.187767267227172852e-01 8.905601501464843750e-01 0.000000000000000000e+00
 8.402273058891296387e-01 8.919033408164978027e-01 0.000000000000000000e+00
 8.616778850555419922e-01 8.932465910911560059e-01 0.000000000000000000e+00
 8.831284046173095703e-01 8.945898413658142090e-01 0.000000000000000000e+00
 9.045789837837219238e-01 8.959330916404724121e-01 0.000000000000000000e+00
 9.284342527389526367e-01 8.997991681098937988e-01 0.000000000000000000e+00
 9.522894620895385742e-01 9.036653041839599609e-01 0.000000000000000000e+00
 9.761447310447692871e-01 9.075313806533813477e-01 0.000000000000000000e+00
 1.000000000000000000e+00 9.113975167274475098e-01 0.000000000000000000e+00
 2.000000029802322388e-01 8.999999761581420898e-01 0.000000000000000000e+00
 2.183600217103958130e-01 9.016358852386474609e-01 0.000000000000000000e+00
 2.367200553417205811e-01 9.032717347145080566e-01 0.000000000000000000e+00
 2.550800740718841553e-01 9.049075841903686523e-01 0.000000000000000000e+00
 2.734401226043701172e-01 9.065434336662292480e-01 0.000000000000000000e+00
 2.926493883132934570e-01 9.074507951736450195e-01 0.000000000000000000e+00
 3.118586838245391846e-01 9.083580970764160156e-01 0.000000000000000000e+00
 3.310679793357849121e-01 9.092654585838317871e-01 0.000000000000000000e+00
 3.502772748470306396e-01 9.101727604866027832e-01 0.000000000000000000e+00
 3.698766529560089111e-01 9.106996059417724609e-01 0.000000000000000000e+00
 3.894760608673095703e-01 9.112263917922973633e-01 0.000000000000000000e+00
 4.090754687786102295e-01 9.117532372474670410e-01 0.000000000000000000e+00
 4.286748766899108887e-01 9.122800827026367188e-01 0.000000000000000000e+00
 4.484078884124755859e-01 9.125677943229675293e-01 0.000000000000000000e+00
 4.681409001350402832e-01 9.128555655479431152e-01 0.000000000000000000e+00
 4.878739118576049805e-01 9.131432771682739258e-01 0.000000000000000000e+00
 5.076069235801696777e-01 9.134310483932495117e-01 0.000000000000000000e+00
 5.273081660270690918e-01 9.135013818740844727e-01 0.000000000000000000e+00
 5.470094680786132812e-01 9.135717749595642090e-01 0.000000000000000000e+00
 5.667107105255126953e-01 9.136421084403991699e-01 0.000000000000000000e+00
 5.864119529724121094e-01 9.137125015258789062e-01 0.000000000000000000e+00
 6.059905290603637695e-01 9.135660529136657715e-01 0.000000000000000000e+00
 6.255690455436706543e-01 9.134196043014526367e-01 0.000000000000000000e+00
 6.451475620269775391e-01 9.132731556892395020e-01 0.000000000000000000e+00
 6.647260785102844238e-01 9.131267070770263672e-01 0.000000000000000000e+00
 6.842352151870727539e-01 9.128529429435729980e-01 0.000000000000000000e+00
 7.037442922592163086e-01 9.125791192054748535e-01 0.000000000000000000e+00
 7.232533693313598633e-01 9.123053550720214844e-01 0.000000000000000000e+00
 7.427624464035034180e-01 9.120315909385681152e-01 0.000000000000000000e+00
 7.625672817230224609e-01 9.119510054588317871e-01 0.000000000000000000e+00
 7.823721766471862793e-01 9.118703603744506836e-01 0.000000000000000000e+00
 8.021770119667053223e-01 9.117897748947143555e-01 0.000000000000000000e+00
 8.219818472862243652e-01 9.117091298103332520e-01 0.000000000000000000e+00
 8.429532051086425781e-01 9.125669002532958984e-01 0.000000000000000000e+00
 8.639245033264160156e-01 9.134246706962585449e-01 0.000000000000000000e+00
 8.848958611488342285e-01 9.142824411392211914e-01 0.000000000000000000e+00
 9.058671593666076660e-01 9.151401519775390625e-01 0.000000000000000000e+00
 9.294003844261169434e-01 9.186346530914306641e-01 0.000000000000000000e+00
 9.529336094856262207e-01 9.221290946006774902e-01 0.000000000000000000e+00
 9.764667749404907227e-01 9.256235361099243164e-01 0.000000000000000000e+00
 1.000000000000000000e+00 9.291179776191711426e-01 0.000000000000000000e+00
 2.000000029802322388e-01 9.250000119209289551e-01 0.000000000000000000e+00
 2.187700271606445312e-01 9.262269139289855957e-01 0.000000000000000000e+00
 2.375400364398956299e-01 9.274538159370422363e-01 0.000000000000000000e+00
 2.563100755214691162e-01 9.286807179450988770e-01 0.000000000000000000e+00
 2.750800848007202148e-01 9.299076199531555176e-01 0.000000000000000000e+00
 2.944870591163635254e-01 9.305880665779113770e-01 0.000000000000000000e+00
 3.138940036296844482e-01 9.312685728073120117e-01 0.000000000000000000e+00
 3.333009779453277588e-01 9.319490790367126465e-01 0.000000000000000000e+00
 3.527079522609710693e-01 9.326295852661132812e-01 0.000000000000000000e+00
 3.724074959754943848e-01 9.330247044563293457e-01 0.000000000000000000e+00
 3.921070396900177002e-01 9.334198236465454102e-01 0.000000000000000000e+00
 4.118066132068634033e-01 9.338149428367614746e-01 0.000000000000000000e+00
 4.315061569213867188e-01 9.342100620269775391e-01 0.000000000000000000e+00
 4.513058960437774658e-01 9.344258904457092285e-01 0.000000000000000000e+00
 4.711056649684906006e-01 9.346416592597961426e-01 0.000000000000000000e+00
 4.909054338932037354e-01 9.348574876785278320e-01 0.000000000000000000e+00
 5.107051730155944824e-01 9.350732564926147461e-01 0.000000000000000000e+00
 5.304811596870422363e-01 9.351260662078857422e-01 0.000000000000000000e+00
 5.502570867538452148e-01 9.351788163185119629e-01 0.000000000000000000e+00
 5.700330138206481934e-01 9.352315664291381836e-01 0.000000000000000000e+00
 5.898090004920959473e-01 9.352843761444091797e-01 0.000000000000000000e+00
 6.094928979873657227e-01 9.351745247840881348e-01 0.000000000000000000e+00
 6.291767954826354980e-01 9.350646734237670898e-01 0.000000000000000000e+00
 6.488606929779052734e-01 9.349548816680908203e-01 0.000000000000000000e+00
 6.685445904731750488e-01 9.348450303077697754e-01 0.000000000000000000e+00
 6.881763935089111328e-01 9.346396923065185547e-01 0.000000000000000000e+00
 7.078081965446472168e-01 9.344343543052673340e-01 0.000000000000000000e+00
 7.274399995803833008e-01 9.342290163040161133e-01 0.000000000000000000e+00
 7.470718622207641602e-01 9.340236783027648926e-01 0.000000000000000000e+00
 7.669254541397094727e-01 9.339632391929626465e-01 0.000000000000000000e+00
 7.867791056632995605e-01 9.339028000831604004e-01 0.000000000000000000e+00
 8.066327571868896484e-01 9.338423013687133789e-01 0.000000000000000000e+00
 8.264864087104797363e-01 9.337818622589111328e-01 0.000000000000000000e+00
 8.472148776054382324e-01 9.344251751899719238e-01 0.000000000000000000e+00
 8.679434061050415039e-01 9.350684881210327148e-01 0.000000000000000000e+00
 8.886718750000000000e-01 9.357118010520935059e-01 0.000000000000000000e+00
 9.094004034996032715e-01 9.363551139831542969e-01 0.000000000000000000e+00
 9.320502877235412598e-01 9.389759898185729980e-01 0.000000000000000000e+00
 9.547001719474792480e-01 9.415968060493469238e-01 0.000000000000000000e+00
 9.773501157760620117e-01 9.442176818847656250e-01 0.000000000000000000e+00
 1.000000000000000000e+00 9.468384981155395508e-01 0.000000000000000000e+00
 2.000000029802322388e-01 9.499999880790710449e-01 0.000000000000000000e+00
 2.191800177097320557e-01 9.508179426193237305e-01 0.000000000000000000e+00
 2.383600324392318726e-01 9.516358375549316406e-01 0.000000000000000000e+00
 2.575400471687316895e-01 9.524537920951843262e-01 0.000000000000000000e+00
 2.767200469970703125e-01 9.532717466354370117e-01 0.000000000000000000e+00
 2.963247001171112061e-01 9.537253975868225098e-01 0.000000000000000000e+00
 3.159293532371520996e-01 9.541790485382080078e-01 0.000000000000000000e+00
 3.355339765548706055e-01 9.546326994895935059e-01 0.000000000000000000e+00
 3.551386296749114990e-01 9.550863504409790039e-01 0.000000000000000000e+00
 3.749383389949798584e-01 9.553498029708862305e-01 0.000000000000000000e+00
 3.947380483150482178e-01 9.556131958961486816e-01 0.000000000000000000e+00
 4.145377278327941895e-01 9.558766484260559082e-01 0.000000000000000000e+00
 4.343374371528625488e-01 9.561400413513183594e-01 0.000000000000000000e+00
 4.542039334774017334e-01 9.562839269638061523e-01 0.000000000000000000e+00
 4.740704298019409180e-01 9.564277529716491699e-01 0.000000000000000000e+00
 4.939369559288024902e-01 9.565716385841369629e-01 0.000000000000000000e+00
 5.138034820556640625e-01 9.567155241966247559e-01 0.000000000000000000e+00
 5.336540937423706055e-01 9.567506909370422363e-01 0.000000000000000000e+00
 5.535047054290771484e-01 9.567858576774597168e-01 0.000000000000000000e+00
 5.733553767204284668e-01 9.568210840225219727e-01 0.000000000000000000e+00
 5.932059884071350098e-01 9.568562507629394531e-01 0.000000000000000000e+00
 6.129952669143676758e-01 9.567829966545104980e-01 0.000000000000000000e+00
 6.327845454216003418e-01 9.567098021507263184e-01 0.000000000000000000e+00
 6.525737643241882324e-01 9.566365480422973633e-01 0.000000000000000000e+00
 6.723630428314208984e-01 9.565633535385131836e-01 0.000000000000000000e+00
 6.921175718307495117e-01 9.564264416694641113e-01 0.000000000000000000e+00
 7.118721604347229004e-01 9.562895894050598145e-01 0.000000000000000000e+00
 7.316266894340515137e-01 9.561526775360107422e-01 0.000000000000000000e+00
 7.513812184333801270e-01 9.560158252716064453e-01 0.000000000000000000e+00
 7.712836265563964844e-01 9.559754729270935059e-01 0.000000000000000000e+00
 7.911860942840576172e-01 9.559351801872253418e-01 0.000000000000000000e+00
 8.110885024070739746e-01 9.558948874473571777e-01 0.000000000000000000e+00
 8.309909105300903320e-01 9.558545947074890137e-01 0.000000000000000000e+00
 8.514766097068786621e-01 9.562834501266479492e-01 0.000000000000000000e+00
 8.719622492790222168e-01 9.567123055458068848e-01 0.000000000000000000e+00
 8.924479484558105469e-01 9.571412205696105957e-01 0.000000000000000000e+00
 9.129335880279541016e-01 9.575700759887695312e-01 0.000000000000000000e+00
 9.347001910209655762e-01 9.593173265457153320e-01 0.000000000000000000e+00
 9.564667940139770508e-01 9.610645174980163574e-01 0.000000000000000000e+00
 9.782333970069885254e-01 9.628117680549621582e-01 0.000000000000000000e+00
 1.000000000000000000e+00 9.645590186119079590e-01 0.000000000000000000e+00
 2.000000029802322388e-01 9.750000238418579102e-01 0.000000000000000000e+00
 2.195900082588195801e-01 9.754089713096618652e-01 0.000000000000000000e+00
 2.391800135374069214e-01 9.758179187774658203e-01 0.000000000000000000e+00
 2.587700188159942627e-01 9.762269258499145508e-01 0.000000000000000000e+00
 2.783600389957427979e-01 9.766358733177185059e-01 0.000000000000000000e+00
 2.981623411178588867e-01 9.768626689910888672e-01 0.000000000000000000e+00
 3.179646730422973633e-01 9.770895242691040039e-01 0.000000000000000000e+00
 3.377670049667358398e-01 9.773163795471191406e-01 0.000000000000000000e+00
 3.575693070888519287e-01 9.775431752204895020e-01 0.000000000000000000e+00
 3.774691522121429443e-01 9.776749014854431152e-01 0.000000000000000000e+00
 3.973690271377563477e-01 9.778066277503967285e-01 0.000000000000000000e+00
 4.172688722610473633e-01 9.779382944107055664e-01 0.000000000000000000e+00
 4.371687173843383789e-01 9.780700206756591797e-01 0.000000000000000000e+00
 4.571019709110260010e-01 9.781419634819030762e-01 0.000000000000000000e+00
 4.770352244377136230e-01 9.782139062881469727e-01 0.000000000000000000e+00
 4.969684779644012451e-01 9.782858490943908691e-01 0.000000000000000000e+00
 5.169017314910888672e-01 9.783577322959899902e-01 0.000000000000000000e+00
 5.368270277976989746e-01 9.783753752708435059e-01 0.000000000000000000e+00
 5.567523837089538574e-01 9.783929586410522461e-01 0.000000000000000000e+00
 5.766776800155639648e-01 9.784105420112609863e-01 0.000000000000000000e+00
 5.966029763221740723e-01 9.784281253814697266e-01 0.000000000000000000e+00
 6.164976358413696289e-01 9.783915281295776367e-01 0.000000000000000000e+00
 6.363922357559204102e-01 9.783548712730407715e-01 0.000000000000000000e+00
 6.562868952751159668e-01 9.783182740211486816e-01 0.000000000000000000e+00
 6.761815547943115234e-01 9.782816767692565918e-01 0.000000000000000000e+00
 6.960588097572326660e-01 9.782132506370544434e-01 0.000000000000000000e+00
 7.159360647201538086e-01 9.781447649002075195e-01 0.000000000000000000e+00
 7.358133196830749512e-01 9.780763387680053711e-01 0.000000000000000000e+00
 7.556906342506408691e-01 9.780079126358032227e-01 0.000000000000000000e+00
 7.756417989730834961e-01 9.779877662658691406e-01 0.000000000000000000e+00
 7.955930233001708984e-01 9.779676198959350586e-01 0.000000000000000000e+00
 8.155442476272583008e-01 9.779474139213562012e-01 0.000000000000000000e+00
 8.354954719543457031e-01 9.779272675514221191e-01 0.000000000000000000e+00
 8.557382822036743164e-01 9.781417250633239746e-01 0.000000000000000000e+00
 8.759811520576477051e-01 9.783561825752258301e-01 0.000000000000000000e+00
 8.962239623069763184e-01 9.785705804824829102e-01 0.000000000000000000e+00
 9.164667725563049316e-01 9.787850379943847656e-01 0.000000000000000000e+00
 9.373500943183898926e-01 9.796586632728576660e-01 0.000000000000000000e+00
 9.582334160804748535e-01 9.805322885513305664e-01 0.000000000000000000e+00
 9.791166782379150391e-01 9.814059138298034668e-01 0.000000000000000000e+00
 1.000000000000000000e+00 9.822794795036315918e-01 0.000000000000000000e+00
 2.000000029802322388e-01 1.000000000000000000e+00 0.000000000000000000e+00
 2.199999988079071045e-01 1.000000000000000000e+00 0.000000000000000000e+00
 2.399999946355819702e-01 1.000000000000000000e+00 0.000000000000000000e+00
 2.599999904632568359e-01 1.000000000000000000e+00 0.000000000000000000e+00
 2.800000011920928955e-01 1.000000000000000000e+00 0.000000000000000000e+00
 3.000000119209289551e-01 1.000000000000000000e+00 0.000000000000000000e+00
 3.199999928474426270e-01 1.000000000000000000e+00 0.000000000000000000e+00
 3.400000035762786865e-01 1.000000000000000000e+00 0.000000000000000000e+00
 3.600000143051147461e-01 1.000000000000000000e+00 0.000000000000000000e+00
 3.799999952316284180e-01 1.000000000000000000e+00 0.000000000000000000e+00
 4.000000059604644775e-01 1.000000000000000000e+00 0.000000000000000000e+00
 4.199999868869781494e-01 1.000000000000000000e+00 0.000000000000000000e+00
 4.399999976158142090e-01 1.000000000000000000e+00 0.000000000000000000e+00
 4.600000083446502686e-01 1.000000000000000000e+00 0.000000000000000000e+00
 4.799999892711639404e-01 1.000000000000000000e+00 0.000000000000000000e+00
 5.000000000000000000e-01 1.000000000000000000e+00 0.000000000000000000e+00
 5.199999809265136719e-01 1.000000000000000000e+00 0.000000000000000000e+00
 5.400000214576721191e-01 1.000000000000000000e+00 0.000000000000000000e+00
 5.600000023841857910e-01 1.000000000000000000e+00 0.000000000000000000e+00
 5.799999833106994629e-01 1.000000000000000000e+00 0.000000000000000000e+00
 6.000000238418579102e-01 1.000000000000000000e+00 0.000000000000000000e+00
 6.200000047683715820e-01 1.000000000000000000e+00 0.000000000000000000e+00
 6.399999856948852539e-01 1.000000000000000000e+00 0.000000000000000000e+00
 6.600000262260437012e-01 1.000000000000000000e+00 0.000000000000000000e+00
 6.800000071525573730e-01 1.000000000000000000e+00 0.000000000000000000e+00
 6.999999880790710449e-01 1.000000000000000000e+00 0.000000000000000000e+00
 7.200000286102294922e-01 1.000000000000000000e+00 0.000000000000000000e+00
 7.400000095367431641e-01 1.000000000000000000e+00 0.000000000000000000e+00
 7.599999904632568359e-01 1.000000000000000000e+00 0.000000000000000000e+00
 7.799999713897705078e-01 1.000000000000000000e+00 0.000000000000000000e+00
 8.000000119209289551e-01 1.000000000000000000e+00 0.000000000000000000e+00
 8.199999928474426270e-01 1.000000000000000000e+00 0.000000000000000000e+00
 8.399999737739562988e-01 1.000000000000000000e+00 0.000000000000000000e+00
 8.600000143051147461e-01 1.000000000000000000e+00 0.000000000000000000e+00
 8.799999952316284180e-01 1.000000000000000000e+00 0.000000000000000000e+00
 8.999999761581420898e-01 1.000000000000000000e+00 0.000000000000000000e+00
 9.200000166893005371e-01 1.000000000000000000e+00 0.000000000000000000e+00
 9.399999976158142090e-01 1.000000000000000000e+00 0.000000000000000000e+00
 9.599999785423278809e-01 1.000000000000000000e+00 0.000000000000000000e+00
 9.800000190734863281e-01 1.000000000000000000e+00 0.000000000000000000e+00
 1.000000000000000000e+00 1.000000000000000000e+00 0.000000000000000000e+00
 </DataArray>
</Points>
<Cells>
 <DataArray type="Int32" Name="connectivity" format="ascii">
 0 1 42 41
 1 2 43 42
 2 3 44 43
 3 4 45 44
 4 5 46 45
 5 6 47 46
 6 7 48 47
 7 8 49 48
 8 9 50 49
 9 10 51 50
 10 11 52 51
 11 12 53 52
 12 13 54 53
 13 14 55 54
 14 15 56 55
 15 16 57 56
 16 17 58 57
 17 18 59 58
 18 19 60 59
 19 20 61 60
 20 21 62 61
 21 22 63 62
 22 23 64 63
 23 24 65 64
 24 25 66 65
 25 26 67 66
 26 27 68 67
 27 28 69 68
 28 29 70 69
 29 30 71 70
 30 31 72 71
 31 32 73 72
 32 33 74 73
 33 34 75 74
 34 35 76 75
 35 36 77 76
 36 37 78 77
 37 38 79 78
 38 39 80 79
 39 40 81 80
 41 42 83 82
 42 43 84 83
 43 44 85 84
 44 45 86 85
 45 46 87 86
 46 47 88 87
 47 48 89 88
 48 49 90 89
 49 50 91 90
 50 51 92 91
 51 52 93 92
 52 53 94 93
 53 54 95 94
 54 55 96 95
 55 56 97 96
 56 57 98 97
 57 58 99 98
 58 59 100 99
 59 60 101 100
 60 61 102 101
 61 62 103 102
 62 63 104 103
 63 64 105 104
 64 65 106 105
 65 66 107 106
 66 67 108 107
 67 68 109 108
 68 69 110 109
 69 70 111 110
 70 71 112 111
 71 72 113 112
 72 73 114 113
 73 74 115 114
 74 75 116 115
 75 76 117 116
 76 77 118 117
 77 78 119 118
 78 79 120 119
 79 80 121 120
 80 81 122 121
 82 83 124 123
 83 84 125 124
 84 85 126 125
 85 86 127 126
 86 87 128 127
 87 88 129 128
 88 89 130 129
 89 90 131 130
 90 91 132 131
 91 92 133 132
 92 93 134 133
 93 94 135 134
 94 95 136 135
 95 96 137 136
 96 97 138 137
 97 98 139 138
 98 99 140 139
 99 100 141 140
 100 101 142 141
 101 102 143 142
 102 103 144 143
 103 104 145 144
 104 105 146 145
 105 106 147 146
 106 107 148 147
 107 108 149 148
 108 109 150 149
 109 110 151 150
 110 111 152 151
 111 112 153 152
 112 113 154 153
 113 114 155 154
 114 115 156 155
 115 116 157 156
 116 117 158 157
 117 118 159 158
 118 119 160 159
 119 120 161 160
 120 121 162 161
 121 122 163 162
 123 124 165 164
 124 125 166 165
 125 126 167 166
 126 127 168 167
 127 128 169 168
 128 129 170 169
 129 130 171 170
 130 131 172 171
 131 132 173 172
 132 133 174 173
 133 134 175 174
 134 135 176 175
 135 136 177 176
 136 137 178 177
 137 138 179 178
 138 139 180 179
 139 140 181 180
 140 141 182 181
 141 142 183 182
 142 143 184 183
 143 144 185 184
 144 145 186 185
 145 146 187 186
 146 147 188 187
 147 148 189 188
 148 149 190 189
 149 150 191 190
 150 151 192 191
 151 152 193 192
 152 153 194 193
 153 154 195 194
 154 155 196 195
 155 156 197 196
 156 157 198 197
 157 158 199 198
 158 159 200 199
 159 160 201 200
 160 161 202 201
 161 162 203 202
 162 163 204 203
 164 165 206 205
 165 166 207 206
 166 167 208 207
 167 168 209 208
 168 169 210 209
 169 170 211 210
 170 171 212 211
 171 172 213 212
 172 173 214 213
 173 174 215 214
 174 175 216 215
 175 176 217 216
 176 177 218 217
 177 178 219 218
 178 179 220 219
 179 180 221 220
 180 181 222 221
 181 182 223 222
 182 183 224 223
 183 184 225 224
 184 185 226 225
 185 186 227 226
 186 187 228 227
 187 188 229 228
 188 189 230 229
 189 190 231 230
 190 191 232 231
 191 192 233 232
 192 193 234 233
 193 194 235 234
 194 195 236 235
 195 196 237 236
 196 197 238 237
 197 198 239 238
 198 199 240 239
 199 200 241 240
 200 201 242 241
 201 202 243 242
 202 203 244 243
 203 204 245 244
 205 206 247 246
 206 207 248 247
 207 208 249 248
 208 209 250 249
 209 210 251 250
 210 211 252 251
 211 212 253 252
 212 213 254 253
 213 214 255 254
 214 215 256 255
 215 216 257 256
 216 217 258 257
 217 218 259 258
 218 219 260 259
 219 220 261 260
 220 221 262 261
 221 222 263 262
 222 223 264 263
 223 224 265 264
 224 225 266 265
 225 226 267 266
 226 227 268 267
 227 228 269 268
 228 229 270 269
 229 230 271 270
 230 231 272 271
 231 232 273 272
 232 233 274 273
 233 234 275 274
 234 235 276 275
 235 236 277 276
 236 237 278 277
 237 238 279 278
 238 239 280 279
 239 240 281 280
 240 241 282 281
 241 242 283 282
 242 243 284 283
 243 244 285 284
 244 245 286 285
 246 247 288 287
 247 248 289 288
 248 249 290 289
 249 250 291 290
 250 251 292 291
 251 252 293 292
 252 253 294 293
 253 254 295 294
 254 255 296 295
 255 256 297 296
 256 257 298 297
 257 258 299 298
 258 259 300 299
 259 260 301 300
 260 261 302 301
 261 262 303 302
 262 263 304 303
 263 264 305 304
 264 265 306 305
 265 266 307 306
 266 267 308 307
 267 268 309 308
 268 269 310 309
 269 270 311 310
 270 271 312 311
 271 272 313 312
 272 273 314 313
 273 274 315 314
 274 275 316 315
 275 276 317 316
 276 277 318 317
 277 278 319 318
 278 279 320 319
 279 280 321 320
 280 281 322 321
 281 282 323 322
 282 283 324 323
 283 284 325 324
 284 285 326 325
 285 286 327 326
 287 288 329 328
 288 289 330 329
 289 290 331 330
 290 291 332 331
 291 292 333 332
 292 293 334 333
 293 294 335 334
 294 295 336 335
 295 296 337 336
 296 297 338 337
 297 298 339 338
 298 299 340 339
 299 300 341 340
 300 301 342 341
 301 302 343 342
 302 303 344 343
 303 304 345 344
 304 305 346 345
 305 306 347 346
 306 307 348 347
 307 308 349 348
 308 309 350 349
 309 310 351 350
 310 311 352 351
 311 312 353 352
 312 313 354 353
 313 314 355 354
 314 315 356 355
 315 316 357 356
 316 317 358 357
 317 318 359 358
 318 319 360 359
 319 320 361 360
 320 321 362 361
 321 322 363 362
 322 323 364 363
 323 324 365 364
 324 325 366 365
 325 326 367 366
 326 327 368 367
 328 329 370 369
 329 330 371 370
 330 331 372 371
 331 332 373 372
 332 333 374 373
 333 334 375 374
 334 335 376 375
 335 336 377 376
 336 337 378 377
 337 338 379 378
 338 339 380 379
 339 340 381 380
 340 341 382 381
 341 342 383 382
 342 343 384 383
 343 344 385 384
 344 345 386 385
 345 346 387 386
 346 347 388 387
 347 348 389 388
 348 349 390 389
 349 350 391 390
 350 351 392 391
 351 352 393 392
 352 353 394 393
 353 354 395 394
 354 355 396 395
 355 356 397 396
 356 357 398 397
 357 358 399 398
 358 359 400 399
 359 360 401 400
 360 361 402 401
 361 362 403 402
 362 363 404 403
 363 364 405 404
 364 365 406 405
 365 366 407 406
 366 367 408 407
 367 368 409 408
 369 370 411 410
 370 371 412 411
 371 372 413 412
 372 373 414 413
 373 374 415 414
 374 375 416 415
 375 376 417 416
 376 377 418 417
 377 378 419 418
 378 379 420 419
 379 380 421 420
 380 381 422 421
 381 382 423 422
 382 383 424 423
 383 384 425 424
 384 385 426 425
 385 386 427 426
 386 387 428 427
 387 388 429 428
 388 389 430 429
 389 390 431 430
 390 391 432 431
 391 392 433 432
 392 393 434 433
 393 394 435 434
 394 395 436 435
 395 396 437 436
 396 397 438 437
 397 398 439 438
 398 399 440 439
 399 400 441 440
 400 401 442 441
 401 402 443 442
 402 403 444 443
 403 404 445 444
 404 405 446 445
 405 406 447 446
 406 407 448 447
 407 408 449 448
 408 409 450 449
 410 411 452 451
 411 412 453 452
 412 413 454 453
 413 414 455 454
 414 415 456 455
 415 416 457 456
 416 417 458 457
 417 418 459 458
 418 419 460 459
 419 420 461 460
 420 421 462 461
 421 422 463 462
 422 423 464 463
 423 424 465 464
 424 425 466 465
 425 426 467 466
 426 427 468 467
 427 428 469 468
 428 429 470 469
 429 430 471 470
 430 431 472 471
 431 432 473 472
 432 433 474 473
 433 434 475 474
 434 435 476 475
 435 436 477 476
 436 437 478 477
 437 438 479 478
 438 439 480 479
 439 440 481 480
 440 441 482 481
 441 442 483 482
 442 443 484 483
 443 444 485 484
 444 445 486 485
 445 446 487 486
 446 447 488 487
 447 448 489 488
 448 449 490 489
 449 450 491 490
 451 452 493 492
 452 453 494 493
 453 454 495 494
 454 455 496 495
 455 456 497 496
 456 457 498 497
 457 458 499 498
 458 459 500 499
 459 460 501 500
 460 461 502 501
 461 462 503 502
 462 463 504 503
 463 464 505 504
 464 465 506 505
 465 466 507 506
 466 467 508 507
 467 468 509 508
 468 469 510 509
 469 470 511 510
 470 471 512 511
 471 472 513 512
 472 473 514 513
 473 474 515 514
 474 475 516 515
 475 476 517 516
 476 477 518 517
 477 478 519 518
 478 479 520 519
 479 480 521 520
 480 481 522 521
 481 482 523 522
 482 483 524 523
 483 484 525 524
 484 485 526 525
 485 486 527 526
 486 487 528 527
 487 488 529 528
 488 489 530 529
 489 490 531 530
 490 491 532 531
 492 493 534 533
 493 494 535 534
 494 495 536 535
 495 496 537 536
 496 497 538 537
 497 498 539 538
 498 499 540 539
 499 500 541 540
 500 501 542 541
 501 502 543 542
 502 503 544 543
 503 504 545 544
 504 505 546 545
 505 506 547 546
 506 507 548 547
 507 508 549 548
 508 509 550 549
 509 510 551 550
 510 511 552 551
 511 512 553 552
 512 513 554 553
 513 514 555 554
 514 515 556 555
 515 516 557 556
 516 517 558 557
 517 518 559 558
 518 519 560 559
 519 520 561 560
 520 521 562 561
 521 522 563 562
 522 523 564 563
 523 524 565 564
 524 525 566 565
 525 526 567 566
 526 527 568 567
 527 528 569 568
 528 529 570 569
 529 530 571 570
 530 531 572 571
 531 532 573 572
 533 534 575 574
 534 535 576 575
 535 536 577 576
 536 537 578 577
 537 538 579 578
 538 539 580 579
 539 540 581 580
 540 541 582 581
 541 542 583 582
 542 543 584 583
 543 544 585 584
 544 545 586 585
 545 546 587 586
 546 547 588 587
 547 548 589 588
 548 549 590 589
 549 550 591 590
 550 551 592 591
 551 552 593 592
 552 553 594 593
 553 554 595 594
 554 555 596 595
 555 556 597 596
 556 557 598 597
 557 558 599 598
 558 559 600 599
 559 560 601 600
 560 561 602 601
 561 562 603 602
 562 563 604 603
 563 564 605 604
 564 565 606 605
 565 566 607 606
 566 567 608 607
 567 568 609 608
 568 569 610 609
 569 570 611 610
 570 571 612 611
 571 572 613 612
 572 573 614 613
 574 575 616 615
 575 576 617 616
 576 577 618 617
 577 578 619 618
 578 579 620 619
 579 580 621 620
 580 581 622 621
 581 582 623 622
 582 583 624 623
 583 584 625 624
 584 585 626 625
 585 586 627 626
 586 587 628 627
 587 588 629 628
 588 589 630 629
 589 590 631 630
 590 591 632 631
 591 592 633 632
 592 593 634 633
 593 594 635 634
 594 595 636 635
 595 596 637 636
 596 597 638 637
 597 598 639 638
 598 599 640 639
 599 600 641 640
 600 601 642 641
 601 602 643 642
 602 603 644 643
 603 604 645 644
 604 605 646 645
 605 606 647 646
 606 607 648 647
 607 608 649 648
 608 609 650 649
 609 610 651 650
 610 611 652 651
 611 612 653 652
 612 613 654 653
 613 614 655 654
 615 616 657 656
 616 617 658 657
 617 618 659 658
 618 619 660 659
 619 620 661 660
 620 621 662 661
 621 622 663 662
 622 623 664 663
 623 624 665 664
 624 625 666 665
 625 626 667 666
 626 627 668 667
 627 628 669 668
 628 629 670 669
 629 630 671 670
 630 631 672 671
 631 632 673 672
 632 633 674 673
 633 634 675 674
 634 635 676 675
 635 636 677 676
 636 637 678 677
 637 638 679 678
 638 639 680 679
 639 640 681 680
 640 641 682 681
 641 642 683 682
 642 643 684 683
 643 644 685 684
 644 645 686 685
 645 646 687 686
 646 647 688 687
 647 648 689 688
 648 649 690 689
 649 650 691 690
 650 651 692 691
 651 652 693 692
 652 653 694 693
 653 654 695 694
 654 655 696 695
 656 657 698 697
 657 658 699 698
 658 659 700 699
 659 660 701 700
 660 661 702 701
 661 662 703 702
 662 663 704 703
 663 664 705 704
 664 665 706 705
 665 666 707 706
 666 667 708 707
 667 668 709 708
 668 669 710 709
 669 670 711 710
 670 671 712 711
 671 672 713 712
 672 673 714 713
 673 674 715 714
 674 675 716 715
 675 676 717 716
 676 677 718 717
 677 678 719 718
 678 679 720 719
 679 680 721 720
 680 681 722 721
 681 682 723 722
 682 683 724 723
 683 684 725 724
 684 685 726 725
 685 686 727 726
 686 687 728 727
 687 688 729 728
 688 689 730 729
 689 690 731 730
 690 691 732 731
 691 692 733 732
 692 693 734 733
 693 694 735 734
 694 695 736 735
 695 696 737 736
 697 698 739 738
 698 699 740 739
 699 700 741 740
 700 701 742 741
 701 702 743 742
 702 703 744 743
 703 704 745 744
 704 705 746 745
 705 706 747 746
 706 707 748 747
 707 708 749 748
 708 709 750 749
 709 710 751 750
 710 711 752 751
 711 712 753 752
 712 713 754 753
 713 714 755 754
 714 715 756 755
 715 716 757 756
 716 717 758 757
 717 718 759 758
 718 719 760 759
 719 720 761 760
 720 721 762 761
 721 722 763 762
 722 723 764 763
 723 724 765 764
 724 725 766 765
 725 726 767 766
 726 727 768 767
 727 728 769 768
 728 729 770 769
 729 730 771 770
 730 731 772 771
 731 732 773 772
 732 733 774 773
 733 734 775 774
 734 735 776 775
 735 736 777 776
 736 737 778 777
 738 739 780 779
 739 740 781 780
 740 741 782 781
 741 742 783 782
 742 743 784 783
 743 744 785 784
 744 745 786 785
 745 746 787 786
 746 747 788 787
 747 748 789 788
 748 749 790 789
 749 750 791 790
 750 751 792 791
 751 752 793 792
 752 753 794 793
 753 754 795 794
 754 755 796 795
 755 756 797 796
 756 757 798 797
 757 758 799 798
 758 759 800 799
 759 760 801 800
 760 761 802 801
 761 762 803 802
 762 763 804 803
 763 764 805 804
 764 765 806 805
 765 766 807 806
 766 767 808 807
 767 768 809 808
 768 769 810 809
 769 770 811 810
 770 771 812 811
 771 772 813 812
 772 773 814 813
 773 774 815 814
 774 775 816 815
 775 776 817 816
 776 777 818 817
 777 778 819 818
 779 780 821 820
 780 781 822 821
 781 782 823 822
 782 783 824 823
 783 784 825 824
 784 785 826 825
 785 786 827 826
 786 787 828 827
 787 788 829 828
 788 789 830 829
 789 790 831 830
 790 791 832 831
 791 792 833 832
 792 793 834 833
 793 794 835 834
 794 795 836 835
 795 796 837 836
 796 797 838 837
 797 798 839 838
 798 799 840 839
 799 800 841 840
 800 801 842 841
 801 802 843 842
 802 803 844 843
 803 804 845 844
 804 805 846 845
 805 806 847 846
 806 807 848 847
 807 808 849 848
 808 809 850 849
 809 810 851 850
 810 811 852 851
 811 812 853 852
 812 813 854 853
 813 814 855 854
 814 815 856 855
 815 816 857 856
 816 817 858 857
 817 818 859 858
 818 819 860 859
 820 821 862 861
 821 822 863 862
 822 823 864 863
 823 824 865 864
 824 825 866 865
 825 826 867 866
 826 827 868 867
 827 828 869 868
 828 829 870 869
 829 830 871 870
 830 831 872 871
 831 832 873 872
 832 833 874 873
 833 834 875 874
 834 835 876 875
 835 836 877 876
 836 837 878 877
 837 838 879 878
 838 839 880 879
 839 840 881 880
 840 841 882 881
 841 842 883 882
 842 843 884 883
 843 844 885 884
 844 845 886 885
 845 846 887 886
 846 847 888 887
 847 848 889 888
 848 849 890 889
 849 850 891 890
 850 851 892 891
 851 852 893 892
 852 853 894 893
 853 854 895 894
 854 855 896 895
 855 856 897 896
 856 857 898 897
 857 858 899 898
 858 859 900 899
 859 860 901 900
 861 862 903 902
 862 863 904 903
 863 864 905 904
 864 865 906 905
 865 866 907 906
 866 867 908 907
 867 868 909 908
 868 869 910 909
 869 870 911 910
 870 871 912 911
 871 872 913 912
 872 873 914 913
 873 874 915 914
 874 875 916 915
 875 876 917 916
 876 877 918 917
 877 878 919 918
 878 879 920 919
 879 880 921 920
 880 881 922 921
 881 882 923 922
 882 883 924 923
 883 884 925 924
 884 885 926 925
 885 886 927 926
 886 887 928 927
 887 888 929 928
 888 889 930 929
 889 890 931 930
 890 891 932 931
 891 892 933 932
 892 893 934 933
 893 894 935 934
 894 895 936 935
 895 896 937 936
 896 897 938 937
 897 898 939 938
 898 899 940 939
 899 900 941 940
 900 901 942 941
 902 903 944 943
 903 904 945 944
 904 905 946 945
 905 906 947 946
 906 907 948 947
 907 908 949 948
 908 909 950 949
 909 910 951 950
 910 911 952 951
 911 912 953 952
 912 913 954 953
 913 914 955 954
 914 915 956 955
 915 916 957 956
 916 917 958 957
 917 918 959 958
 918 919 960 959
 919 920 961 960
 920 921 962 961
 921 922 963 962
 922 923 964 963
 923 924 965 964
 924 925 966 965
 925 926 967 966
 926 927 968 967
 927 928 969 968
 928 929 970 969
 929 930 971 970
 930 931 972 971
 931 932 973 972
 932 933 974 973
 933 934 975 974
 934 935 976 975
 935 936 977 976
 936 937 978 977
 937 938 979 978
 938 939 980 979
 939 940 981 980
 940 941 982 981
 941 942 983 982
 943 944 985 984
 944 945 986 985
 945 946 987 986
 946 947 988 987
 947 948 989 988
 948 949 990 989
 949 950 991 990
 950 951 992 991
 951 952 993 992
 952 953 994 993
 953 954 995 994
 954 955 996 995
 955 956 997 996
 956 957 998 997
 957 958 999 998
 958 959 1000 999
 959 960 1001 1000
 960 961 1002 1001
 961 962 1003 1002
 962 963 1004 1003
 963 964 1005 1004
 964 965 1006 1005
 965 966 1007 1006
 966 967 1008 1007
 967 968 1009 1008
 968 969 1010 1009
 969 970 1011 1010
 970 971 1012 1011
 971 972 1013 1012
 972 973 1014 1013
 973 974 1015 1014
 974 975 1016 1015
 975 976 1017 1016
 976 977 1018 1017
 977 978 1019 1018
 978 979 1020 1019
 979 980 1021 1020
 980 981 1022 1021
 981 982 1023 1022
 982 983 1024 1023
 984 985 1026 1025
 985 986 1027 1026
 986 987 1028 1027
 987 988 1029 1028
 988 989 1030 1029
 989 990 1031 1030
 990 991 1032 1031
 991 992 1033 1032
 992 993 1034 1033
 993 994 1035 1034
 994 995 1036 1035
 995 996 1037 1036
 996 997 1038 1037
 997 998 1039 1038
 998 999 1040 1039
 999 1000 1041 1040
 1000 1001 1042 1041
 1001 1002 1043 1042
 1002 1003 1044 1043
 1003 1004 1045 1044
 1004 1005 1046 1045
 1005 1006 1047 1046
 1006 1007 1048 1047
 1007 1008 1049 1048
 1008 1009 1050 1049
 1009 1010 1051 1050
 1010 1011 1052 1051
 1011 1012 1053 1052
 1012 1013 1054 1053
 1013 1014 1055 1054
 1014 1015 1056 1055
 1015 1016 1057 1056
 1016 1017 1058 1057
 1017 1018 1059 1058
 1018 1019 1060 1059
 1019 1020 1061 1060
 1020 1021 1062 1061
 1021 1022 1063 1062
 1022 1023 1064 1063
 1023 1024 1065 1064
 1025 1026 1067 1066
 1026 1027 1068 1067
 1027 1028 1069 1068
 1028 1029 1070 1069
 1029 1030 1071 1070
 1030 1031 1072 1071
 1031 1032 1073 1072
 1032 1033 1074 1073
 1033 1034 1075 1074
 1034 1035 1076 1075
 1035 1036 1077 1076
 1036 1037 1078 1077
 1037 1038 1079 1078
 1038 1039 1080 1079
 1039 1040 1081 1080
 1040 1041 1082 1081
 1041 1042 1083 1082
 1042 1043 1084 1083
 1043 1044 1085 1084
 1044 1045 1086 1085
 1045 1046 1087 1086
 1046 1047 1088 1087
 1047 1048 1089 1088
 1048 1049 1090 1089
 1049 1050 1091 1090
 1050 1051 1092 1091
 1051 1052 1093 1092
 1052 1053 1094 1093
 1053 1054 1095 1094
 1054 1055 1096 1095
 1055 1056 1097 1096
 1056 1057 1098 1097
 1057 1058 1099 1098
 1058 1059 1100 1099
 1059 1060 1101 1100
 1060 1061 1102 1101
 1061 1062 1103 1102
 1062 1063 1104 1103
 1063 1064 1105 1104
 1064 1065 1106 1105
 1066 1067 1108 1107
 1067 1068 1109 1108
 1068 1069 1110 1109
 1069 1070 1111 1110
 1070 1071 1112 1111
 1071 1072 1113 1112
 1072 1073 1114 1113
 1073 1074 1115 1114
 1074 1075 1116 1115
 1075 1076 1117 1116
 1076 1077 1118 1117
 1077 1078 1119 1118
 1078 1079 1120 1119
 1079 1080 1121 1120
 1080 1081 1122 1121
 1081 1082 1123 1122
 1082 1083 1124 1123
 1083 1084 1125 1124
 1084 1085 1126 1125
 1085 1086 1127 1126
 1086 1087 1128 1127
 1087 1088 1129 1128
 1088 1089 1130 1129
 1089 1090 1131 1130
 1090 1091 1132 1131
 1091 1092 1133 1132
 1092 1093 1134 1133
 1093 1094 1135 1134
 1094 1095 1136 1135
 1095 1096 1137 1136
 1096 1097 1138 1137
 1097 1098 1139 1138
 1098 1099 1140 1139
 1099 1100 1141 1140
 1100 1101 1142 1141
 1101 1102 1143 1142
 1102 1103 1144 1143
 1103 1104 1145 1144
 1104 1105 1146 1145
 1105 1106 1147 1146
 1107 1108 1149 1148
 1108 1109 1150 1149
 1109 1110 1151 1150
 1110 1111 1152 1151
 1111 1112 1153 1152
 1112 1113 1154 1153
 1113 1114 1155 1154
 1114 1115 1156 1155
 1115 1116 1157 1156
 1116 1117 1158 1157
 1117 1118 1159 1158
 1118 1119 1160 1159
 1119 1120 1161 1160
 1120 1121 1162 1161
 1121 1122 1163 1162
 1122 1123 1164 1163
 1123 1124 1165 1164
 1124 1125 1166 1165
 1125 1126 1167 1166
 1126 1127 1168 1167
 1127 1128 1169 1168
 1128 1129 1170 1169
 1129 1130 1171 1170
 1130 1131 1172 1171
 1131 1132 1173 1172
 1132 1133 1174 1173
 1133 1134 1175 1174
 1134 1135 1176 1175
 1135 1136 1177 1176
 1136 1137 1178 1177
 1137 1138 1179 1178
 1138 1139 1180 1179
 1139 1140 1181 1180
 1140 1141 1182 1181
 1141 1142 1183 1182
 1142 1143 1184 1183
 1143 1144 1185 1184
 1144 1145 1186 1185
 1145 1146 1187 1186
 1146 1147 1188 1187
 1148 1149 1190 1189
 1149 1150 1191 1190
 1150 1151 1192 1191
 1151 1152 1193 1192
 1152 1153 1194 1193
 1153 1154 1195 1194
 1154 1155 1196 1195
 1155 1156 1197 1196
 1156 1157 1198 1197
 1157 1158 1199 1198
 1158 1159 1200 1199
 1159 1160 1201 1200
 1160 1161 1202 1201
 1161 1162 1203 1202
 1162 1163 1204 1203
 1163 1164 1205 1204
 1164 1165 1206 1205
 1165 1166 1207 1206
 1166 1167 1208 1207
 1167 1168 1209 1208
 1168 1169 1210 1209
 1169 1170 1211 1210
 1170 1171 1212 1211
 1171 1172 1213 1212
 1172 1173 1214 1213
 1173 1174 1215 1214
 1174 1175 1216 1215
 1175 1176 1217 1216
 1176 1177 1218 1217
 1177 1178 1219 1218
 1178 1179 1220 1219
 1179 1180 1221 1220
 1180 1181 1222 1221
 1181 1182 1223 1222
 1182 1183 1224 1223
 1183 1184 1225 1224
 1184 1185 1226 1225
 1185 1186 1227 1226
 1186 1187 1228 1227
 1187 1188 1229 1228
 1189 1190 1231 1230
 1190 1191 1232 1231
 1191 1192 1233 1232
 1192 1193 1234 1233
 1193 1194 1235 1234
 1194 1195 1236 1235
 1195 1196 1237 1236
 1196 1197 1238 1237
 1197 1198 1239 1238
 1198 1199 1240 1239
 1199 1200 1241 1240
 1200 1201 1242 1241
 1201 1202 1243 1242
 1202 1203 1244 1243
 1203 1204 1245 1244
 1204 1205 1246 1245
 1205 1206 1247 1246
 1206 1207 1248 1247
 1207 1208 1249 1248
 1208 1209 1250 1249
 1209 1210 1251 1250
 1210 1211 1252 1251
 1211 1212 1253 1252
 1212 1213 1254 1253
 1213 1214 1255 1254
 1214 1215 1256 1255
 1215 1216 1257 1256
 1216 1217 1258 1257
 1217 1218 1259 1258
 1218 1219 1260 1259
 1219 1220 1261 1260
 1220 1221 1262 1261
 1221 1222 1263 1262
 1222 1223 1264 1263
 1223 1224 1265 1264
 1224 1225 1266 1265
 1225 1226 1267 1266
 1226 1227 1268 1267
 1227 1228 1269 1268
 1228 1229 1270 1269
 1230 1231 1272 1271
 1231 1232 1273 1272
 1232 1233 1274 1273
 1233 1234 1275 1274
 1234 1235 1276 1275
 1235 1236 1277 1276
 1236 1237 1278 1277
 1237 1238 1279 1278
 1238 1239 1280 1279
 1239 1240 1281 1280
 1240 1241 1282 1281
 1241 1242 1283 1282
 1242 1243 1284 1283
 1243 1244 1285 1284
 1244 1245 1286 1285
 1245 1246 1287 1286
 1246 1247 1288 1287
 1247 1248 1289 1288
 1248 1249 1290 1289
 1249 1250 1291 1290
 1250 1251 1292 1291
 1251 1252 1293 1292
 1252 1253 1294 1293
 1253 1254 1295 1294
 1254 1255 1296 1295
 1255 1256 1297 1296
 1256 1257 1298 1297
 1257 1258 1299 1298
 1258 1259 1300 1299
 1259 1260 1301 1300
 1260 1261 1302 1301
 1261 1262 1303 1302
 1262 1263 1304 1303
 1263 1264 1305 1304
 1264 1265 1306 1305
 1265 1266 1307 1306
 1266 1267 1308 1307
 1267 1268 1309 1308
 1268 1269 1310 1309
 1269 1270 1311 1310
 1271 1272 1313 1312
 1272 1273 1314 1313
 1273 1274 1315 1314
 1274 1275 1316 1315
 1275 1276 1317 1316
 1276 1277 1318 1317
 1277 1278 1319 1318
 1278 1279 1320 1319
 1279 1280 1321 1320
 1280 1281 1322 1321
 1281 1282 1323 1322
 1282 1283 1324 1323
 1283 1284 1325 1324
 1284 1285 1326 1325
 1285 1286 1327 1326
 1286 1287 1328 1327
 1287 1288 1329 1328
 1288 1289 1330 1329
 1289 1290 1331 1330
 1290 1291 1332 1331
 1291 1292 1333 1332
 1292 1293 1334 1333
 1293 1294 1335 1334
 1294 1295 1336 1335
 1295 1296 1337 1336
 1296 1297 1338 1337
 1297 1298 1339 1338
 1298 1299 1340 1339
 1299 1300 1341 1340
 1300 1301 1342 1341
 1301 1302 1343 1342
 1302 1303 1344 1343
 1303 1304 1345 1344
 1304 1305 1346 1345
 1305 1306 1347 1346
 1306 1307 1348 1347
 1307 1308 1349 1348
 1308 1309 1350 1349
 1309 1310 1351 1350
 1310 1311 1352 1351
 1312 1313 1354 1353
 1313 1314 1355 1354
 1314 1315 1356 1355
 1315 1316 1357 1356
 1316 1317 1358 1357
 1317 1318 1359 1358
 1318 1319 1360 1359
 1319 1320 1361 1360
 1320 1321 1362 1361
 1321 1322 1363 1362
 1322 1323 1364 1363
 1323 1324 1365 1364
 1324 1325 1366 1365
 1325 1326 1367 1366
 1326 1327 1368 1367
 1327 1328 1369 1368
 1328 1329 1370 1369
 1329 1330 1371 1370
 1330 1331 1372 1371
 1331 1332 1373 1372
 1332 1333 1374 1373
 1333 1334 1375 1374
 1334 1335 1376 1375
 1335 1336 1377 1376
 1336 1337 1378 1377
 1337 1338 1379 1378
 1338 1339 1380 1379
 1339 1340 1381 1380
 1340 1341 1382 1381
 1341 1342 1383 1382
 1342 1343 1384 1383
 1343 1344 1385 1384
 1344 1345 1386 1385
 1345 1346 1387 1386
 1346 1347 1388 1387
 1347 1348 1389 1388
 1348 1349 1390 1389
 1349 1350 1391 1390
 1350 1351 1392 1391
 1351 1352 1393 1392
 1353 1354 1395 1394
 1354 1355 1396 1395
 1355 1356 1397 1396
 1356 1357 1398 1397
 1357 1358 1399 1398
 1358 1359 1400 1399
 1359 1360 1401 1400
 1360 1361 1402 1401
 1361 1362 1403 1402
 1362 1363 1404 1403
 1363 1364 1405 1404
 1364 1365 1406 1405
 1365 1366 1407 1406
 1366 1367 1408 1407
 1367 1368 1409 1408
 1368 1369 1410 1409
 1369 1370 1411 1410
 1370 1371 1412 1411
 1371 1372 1413 1412
 1372 1373 1414 1413
 1373 1374 1415 1414
 1374 1375 1416 1415
 1375 1376 1417 1416
 1376 1377 1418 1417
 1377 1378 1419 1418
 1378 1379 1420 1419
 1379 1380 1421 1420
 1380 1381 1422 1421
 1381 1382 1423 1422
 1382 1383 1424 1423
 1383 1384 1425 1424
 1384 1385 1426 1425
 1385 1386 1427 1426
 1386 1387 1428 1427
 1387 1388 1429 1428
 1388 1389 1430 1429
 1389 1390 1431 1430
 1390 1391 1432 1431
 1391 1392 1433 1432
 1392 1393 1434 1433
 1394 1395 1436 1435
 1395 1396 1437 1436
 1396 1397 1438 1437
 1397 1398 1439 1438
 1398 1399 1440 1439
 1399 1400 1441 1440
 1400 1401 1442 1441
 1401 1402 1443 1442
 1402 1403 1444 1443
 1403 1404 1445 1444
 1404 1405 1446 1445
 1405 1406 1447 1446
 1406 1407 1448 1447
 1407 1408 1449 1448
 1408 1409 1450 1449
 1409 1410 1451 1450
 1410 1411 1452 1451
 1411 1412 1453 1452
 1412 1413 1454 1453
 1413 1414 1455 1454
 1414 1415 1456 1455
 1415 1416 1457 1456
 1416 1417 1458 1457
 1417 1418 1459 1458
 1418 1419 1460 1459
 1419 1420 1461 1460
 1420 1421 1462 1461
 1421 1422 1463 1462
 1422 1423 1464 1463
 1423 1424 1465 1464
 1424 1425 1466 1465
 1425 1426 1467 1466
 1426 1427 1468 1467
 1427 1428 1469 1468
 1428 1429 1470 1469
 1429 1430 1471 1470
 1430 1431 1472 1471
 1431 1432 1473 1472
 1432 1433 1474 1473
 1433 1434 1475 1474
 1435 1436 1477 1476
 1436 1437 1478 1477
 1437 1438 1479 1478
 1438 1439 1480 1479
 1439 1440 1481 1480
 1440 1441 1482 1481
 1441 1442 1483 1482
 1442 1443 1484 1483
 1443 1444 1485 1484
 1444 1445 1486 1485
 1445 1446 1487 1486
 1446 1447 1488 1487
 1447 1448 1489 1488
 1448 1449 1490 1489
 1449 1450 1491 1490
 1450 1451 1492 1491
 1451 1452 1493 1492
 1452 1453 1494 1493
 1453 1454 1495 1494
 1454 1455 1496 1495
 1455 1456 1497 1496
 1456 1457 1498 1497
 1457 1458 1499 1498
 1458 1459 1500 1499
 1459 1460 1501 1500
 1460 1461 1502 1501
 1461 1462 1503 1502
 1462 1463 1504 1503
 1463 1464 1505 1504
 1464 1465 1506 1505
 1465 1466 1507 1506
 1466 1467 1508 1507
 1467 1468 1509 1508
 1468 1469 1510 1509
 1469 1470 1511 1510
 1470 1471 1512 1511
 1471 1472 1513 1512
 1472 1473 1514 1513
 1473 1474 1515 1514
 1474 1475 1516 1515
 1476 1477 1518 1517
 1477 1478 1519 1518
 1478 1479 1520 1519
 1479 1480 1521 1520
 1480 1481 1522 1521
 1481 1482 1523 1522
 1482 1483 1524 1523
 1483 1484 1525 1524
 1484 1485 1526 1525
 1485 1486 1527 1526
 1486 1487 1528 1527
 1487 1488 1529 1528
 1488 1489 1530 1529
 1489 1490 1531 1530
 1490 1491 1532 1531
 1491 1492 1533 1532
 1492 1493 1534 1533
 1493 1494 1535 1534
 1494 1495 1536 1535
 1495 1496 1537 1536
 1496 1497 1538 1537
 1497 1498 1539 1538
 1498 1499 1540 1539
 1499 1500 1541 1540
 1500 1501 1542 1541
 1501 1502 1543 1542
 1502 1503 1544 1543
 1503 1504 1545 1544
 1504 1505 1546 1545
 1505 1506 1547 1546
 1506 1507 1548 1547
 1507 1508 1549 1548
 1508 1509 1550 1549
 1509 1510 1551 1550
 1510 1511 1552 1551
 1511 1512 1553 1552
 1512 1513 1554 1553
 1513 1514 1555 1554
 1514 1515 1556 1555
 1515 1516 1557 1556
 1517 1518 1559 1558
 1518 1519 1560 1559
 1519 1520 1561 1560
 1520 1521 1562 1561
 1521 1522 1563 1562
 1522 1523 1564 1563
 1523 1524 1565 1564
 1524 1525 1566 1565
 1525 1526 1567 1566
 1526 1527 1568 1567
 1527 1528 1569 1568
 1528 1529 1570 1569
 1529 1530 1571 1570
 1530 1531 1572 1571
 1531 1532 1573 1572
 1532 1533 1574 1573
 1533 1534 1575 1574
 1534 1535 1576 1575
 1535 1536 1577 1576
 1536 1537 1578 1577
 1537 1538 1579 1578
 1538 1539 1580 1579
 1539 1540 1581 1580
 1540 1541 1582 1581
 1541 1542 1583 1582
 1542 1543 1584 1583
 1543 1544 1585 1584
 1544 1545 1586 1585
 1545 1546 1587 1586
 1546 1547 1588 1587
 1547 1548 1589 1588
 1548 1549 1590 1589
 1549 1550 1591 1590
 1550 1551 1592 1591
 1551 1552 1593 1592
 1552 1553 1594 1593
 1553 1554 1595 1594
 1554 1555 1596 1595
 1555 1556 1597 1596
 1556 1557 1598 1597
 1558 1559 1600 1599
 1559 1560 1601 1600
 1560 1561 1602 1601
 1561 1562 1603 1602
 1562 1563 1604 1603
 1563 1564 1605 1604
 1564 1565 1606 1605
 1565 1566 1607 1606
 1566 1567 1608 1607
 1567 1568 1609 1608
 1568 1569 1610 1609
 1569 1570 1611 1610
 1570 1571 1612 1611
 1571 1572 1613 1612
 1572 1573 1614 1613
 1573 1574 1615 1614
 1574 1575 1616 1615
 1575 1576 1617 1616
 1576 1577 1618 1617
 1577 1578 1619 1618
 1578 1579 1620 1619
 1579 1580 1621 1620
 1580 1581 1622 1621
 1581 1582 1623 1622
 1582 1583 1624 1623
 1583 1584 1625 1624
 1584 1585 1626 1625
 1585 1586 1627 1626
 1586 1587 1628 1627
 1587 1588 1629 1628
 1588 1589 1630 1629
 1589 1590 1631 1630
 1590 1591 1632 1631
 1591 1592 1633 1632
 1592 1593 1634 1633
 1593 1594 1635 1634
 1594 1595 1636 1635
 1595 1596 1637 1636
 1596 1597 1638 1637
 1597 1598 1639 1638
 1599 1600 1641 1640
 1600 1601 1642 1641
 1601 1602 1643 1642
 1602 1603 1644 1643
 1603 1604 1645 1644
 1604 1605 1646 1645
 1605 1606 1647 1646
 1606 1607 1648 1647
 1607 1608 1649 1648
 1608 1609 1650 1649
 1609 1610 1651 1650
 1610 1611 1652 1651
 1611 1612 1653 1652
 1612 1613 1654 1653
 1613 1614 1655 1654
 1614 1615 1656 1655
 1615 1616 1657 1656
 1616 1617 1658 1657
 1617 1618 1659 1658
 1618 1619 1660 1659
 1619 1620 1661 1660
 1620 1621 1662 1661
 1621 1622 1663 1662
 1622 1623 1664 1663
 1623 1624 1665 1664
 1624 1625 1666 1665
 1625 1626 1667 1666
 1626 1627 1668 1667
 1627 1628 1669 1668
 1628 1629 1670 1669
 1629 1630 1671 1670
 1630 1631 1672 1671
 1631 1632 1673 1672
 1632 1633 1674 1673
 1633 1634 1675 1674
 1634 1635 1676 1675
 1635 1636 1677 1676
 1636 1637 1678 1677
 1637 1638 1679 1678
 1638 1639 1680 1679
 </DataArray>
 <DataArray type="Int32" Name="offsets" format="ascii">
 4
 8
 12
 16
 20
 24
 28
 32
 36
 40
 44
 48
 52
 56
 60
 64
 68
 72
 76
 80
 84
 88
 92
 96
 100
 104
 108
 112
 116
 120
 124
 128
 132
 136
 140
 144
 148
 152
 156
 160
 164
 168
 172
 176
 180
 184
 188
 192
 196
 200
 204
 208
 212
 216
 220
 224
 228
 232
 236
 240
 244
 248
 252
 256
 260
 264
 268
 272
 276
 280
 284
 288
 292
 296
 300
 304
 308
 312
 316
 320
 324
 328
 332
 336
 340
 344
 348
 352
 356
 360
 364
 368
 372
 376
 380
 384
 388
 392
 396
 400
 404
 408
 412
 416
 420
 424
 428
 432
 436
 440
 444
 448
 452
 456
 460
 464
 468
 472
 476
 480
 484
 488
 492
 496
 500
 504
 508
 512
 516
 520
 524
 528
 532
 536
 540
 544
 548
 552
 556
 560
 564
 568
 572
 576
 580
 584
 588
 592
 596
 600
 604
 608
 612
 616
 620
 624
 628
 632
 636
 640
 644
 648
 652
 656
 660
 664
 668
 672
 676
 680
 684
 688
 692
 696
 700
 704
 708
 712
 716
 720
 724
 728
 732
 736
 740
 744
 748
 752
 756
 760
 764
 768
 772
 776
 780
 784
 788
 792
 796
 800
 804
 808
 812
 816
 820
 824
 828
 832
 836
 840
 844
 848
 852
 856
 860
 864
 868
 872
 876
 880
 884
 888
 892
 896
 900
 904
 908
 912
 916
 920
 924
 928
 932
 936
 940
 944
 948
 952
 956
 960
 964
 968
 972
 976
 980
 984
 988
 992
 996
 1000
 1004
 1008
 1012
 1016
 1020
 1024
 1028
 1032
 1036
 1040
 1044
 1048
 1052
 1056
 1060
 1064
 1068
 1072
 1076
 1080
 1084
 1088
 1092
 1096
 1100
 1104
 1108
 1112
 1116
 1120
 1124
 1128
 1132
 1136
 1140
 1144
 1148
 1152
 1156
 1160
 1164
 1168
 1172
 1176
 1180
 1184
 1188
 1192
 1196
 1200
 1204
 1208
 1212
 1216
 1220
 1224
 1228
 1232
 1236
 1240
 1244
 1248
 1252
 1256
 1260
 1264
 1268
 1272
 1276
 1280
 1284
 1288
 1292
 1296
 1300
 1304
 1308
 1312
 1316
 1320
 1324
 1328
 1332
 1336
 1340
 1344
 1348
 1352
 1356
 1360
 1364
 1368
 1372
 1376
 1380
 1384
 1388
 1392
 1396
 1400
 1404
 1408
 1412
 1416
 1420
 1424
 1428
 1432
 1436
 1440
 1444
 1448
 1452
 1456
 1460
 1464
 1468
 1472
 1476
 1480
 1484
 1488
 1492
 1496
 1500
 1504
 1508
 1512
 1516
 1520
 1524
 1528
 1532
 1536
 1540
 1544
 1548
 1552
 1556
 1560
 1564
 1568
 1572
 1576
 1580
 1584
 1588
 1592
 1596
 1600
 1604
 1608
 1612
 1616
 1620
 1624
 1628
 1632
 1636
 1640
 1644
 1648
 1652
 1656
 1660
 1664
 1668
 1672
 1676
 1680
 1684
 1688
 1692
 1696
 1700
 1704
 1708
 1712
 1716
 1720
 1724
 1728
 1732
 1736
 1740
 1744
 1748
 1752
 1756
 1760
 1764
 1768
 1772
 1776
 1780
 1784
 1788
 1792
 1796
 1800
 1804
 1808
 1812
 1816
 1820
 1824
 1828
 1832
 1836
 1840
 1844
 1848
 1852
 1856
 1860
 1864
 1868
 1872
 1876
 1880
 1884
 1888
 1892
 1896
 1900
 1904
 1908
 1912
 1916
 1920
 1924
 1928
 1932
 1936
 1940
 1944
 1948
 1952
 1956
 1960
 1964
 1968
 1972
 1976
 1980
 1984
 1988
 1992
 1996
 2000
 2004
 2008
 2012
 2016
 2020
 2024
 2028
 2032
 2036
 2040
 2044
 2048
 2052
 2056
 2060
 2064
 2068
 2072
 2076
 2080
 2084
 2088
 2092
 2096
 2100
 2104
 2108
 2112
 2116
 2120
 2124
 2128
 2132
 2136
 2140
 2144
 2148
 2152
 2156
 2160
 2164
 2168
 2172
 2176
 2180
 2184
 2188
 2192
 2196
 2200
 2204
 2208
 2212
 2216
 2220
 2224
 2228
 2232
 2236
 2240
 2244
 2248
 2252
 2256
 2260
 2264
 2268
 2272
 2276
 2280
 2284
 2288
 2292
 2296
 2300
 2304
 2308
 2312
 2316
 2320
 2324
 2328
 2332
 2336
 2340
 2344
 2348
 2352
 2356
 2360
 2364
 2368
 2372
 2376
 2380
 2384
 2388
 2392
 2396
 2400
 2404
 2408
 2412
 2416
 2420
 2424
 2428
 2432
 2436
 2440
 2444
 2448
 2452
 2456
 2460
 2464
 2468
 2472
 2476
 2480
 2484
 2488
 2492
 2496
 2500
 2504
 2508
 2512
 2516
 2520
 2524
 2528
 2532
 2536
 2540
 2544
 2548
 2552
 2556
 2560
 2564
 2568
 2572
 2576
 2580
 2584
 2588
 2592
 2596
 2600
 2604
 2608
 2612
 2616
 2620
 2624
 2628
 2632
 2636
 2640
 2644
 2648
 2652
 2656
 2660
 2664
 2668
 2672
 2676
 2680
 2684
 2688
 2692
 2696
 2700
 2704
 2708
 2712
 2716
 2720
 2724
 2728
 2732
 2736
 2740
 2744
 2748
 2752
 2756
 2760
 2764
 2768
 2772
 2776
 2780
 2784
 2788
 2792
 2796
 2800
 2804
 2808
 2812
 2816
 2820
 2824
 2828
 2832
 2836
 2840
 2844
 2848
 2852
 2856
 2860
 2864
 2868
 2872
 2876
 2880
 2884
 2888
 2892
 2896
 2900
 2904
 2908
 2912
 2916
 2920
 2924
 2928
 2932
 2936
 2940
 2944
 2948
 2952
 2956
 2960
 2964
 2968
 2972
 2976
 2980
 2984
 2988
 2992
 2996
 3000
 3004
 3008
 3012
 3016
 3020
 3024
 3028
 3032
 3036
 3040
 3044
 3048
 3052
 3056
 3060
 3064
 3068
 3072
 3076
 3080
 3084
 3088
 3092
 3096
 3100
 3104
 3108
 3112
 3116
 3120
 3124
 3128
 3132
 3136
 3140
 3144
 3148
 3152
 3156
 3160
 3164
 3168
 3172
 3176
 3180
 3184
 3188
 3192
 3196
 3200
 3204
 3208
 3212
 3216
 3220
 3224
 3228
 3232
 3236
 3240
 3244
 3248
 3252
 3256
 3260
 3264
 3268
 3272
 3276
 3280
 3284
 3288
 3292
 3296
 3300
 3304
 3308
 3312
 3316
 3320
 3324
 3328
 3332
 3336
 3340
 3344
 3348
 3352
 3356
 3360
 3364
 3368
 3372
 3376
 3380
 3384
 3388
 3392
 3396
 3400
 3404
 3408
 3412
 3416
 3420
 3424
 3428
 3432
 3436
 3440
 3444
 3448
 3452
 3456
 3460
 3464
 3468
 3472
 3476
 3480
 3484
 3488
 3492
 3496
 3500
 3504
 3508
 3512
 3516
 3520
 3524
 3528
 3532
 3536
 3540
 3544
 3548
 3552
 3556
 3560
 3564
 3568
 3572
 3576
 3580
 3584
 3588
 3592
 3596
 3600
 3604
 3608
 3612
 3616
 3620
 3624
 3628
 3632
 3636
 3640
 3644
 3648
 3652
 3656
 3660
 3664
 3668
 3672
 3676
 3680
 3684
 3688
 3692
 3696
 3700
 3704
 3708
 3712
 3716
 3720
 3724
 3728
 3732
 3736
 3740
 3744
 3748
 3752
 3756
 3760
 3764
 3768
 3772
 3776
 3780
 3784
 3788
 3792
 3796
 3800
 3804
 3808
 3812
 3816
 3820
 3824
 3828
 3832
 3836
 3840
 3844
 3848
 3852
 3856
 3860
 3864
 3868
 3872
 3876
 3880
 3884
 3888
 3892
 3896
 3900
 3904
 3908
 3912
 3916
 3920
 3924
 3928
 3932
 3936
 3940
 3944
 3948
 3952
 3956
 3960
 3964
 3968
 3972
 3976
 3980
 3984
 3988
 3992
 3996
 4000
 4004
 4008
 4012
 4016
 4020
 4024
 4028
 4032
 4036
 4040
 4044
 4048
 4052
 4056
 4060
 4064
 4068
 4072
 4076
 4080
 4084
 4088
 4092
 4096
 4100
 4104
 4108
 4112
 4116
 4120
 4124
 4128
 4132
 4136
 4140
 4144
 4148
 4152
 4156
 4160
 4164
 4168
 4172
 4176
 4180
 4184
 4188
 4192
 4196
 4200
 4204
 4208
 4212
 4216
 4220
 4224
 4228
 4232
 4236
 4240
 4244
 4248
 4252
 4256
 4260
 4264
 4268
 4272
 4276
 4280
 4284
 4288
 4292
 4296
 4300
 4304
 4308
 4312
 4316
 4320
 4324
 4328
 4332
 4336
 4340
 4344
 4348
 4352
 4356
 4360
 4364
 4368
 4372
 4376
 4380
 4384
 4388
 4392
 4396
 4400
 4404
 4408
 4412
 4416
 4420
 4424
 4428
 4432
 4436
 4440
 4444
 4448
 4452
 4456
 4460
 4464
 4468
 4472
 4476
 4480
 4484
 4488
 4492
 4496
 4500
 4504
 4508
 4512
 4516
 4520
 4524
 4528
 4532
 4536
 4540
 4544
 4548
 4552
 4556
 4560
 4564
 4568
 4572
 4576
 4580
 4584
 4588
 4592
 4596
 4600
 4604
 4608
 4612
 4616
 4620
 4624
 4628
 4632
 4636
 4640
 4644
 4648
 4652
 4656
 4660
 4664
 4668
 4672
 4676
 4680
 4684
 4688
 4692
 4696
 4700
 4704
 4708
 4712
 4716
 4720
 4724
 4728
 4732
 4736
 4740
 4744
 4748
 4752
 4756
 4760
 4764
 4768
 4772
 4776
 4780
 4784
 4788
 4792
 4796
 4800
 4804
 4808
 4812
 4816
 4820
 4824
 4828
 4832
 4836
 4840
 4844
 4848
 4852
 4856
 4860
 4864
 4868
 4872
 4876
 4880
 4884
 4888
 4892
 4896
 4900
 4904
 4908
 4912
 4916
 4920
 4924
 4928
 4932
 4936
 4940
 4944
 4948
 4952
 4956
 4960
 4964
 4968
 4972
 4976
 4980
 4984
 4988
 4992
 4996
 5000
 5004
 5008
 5012
 5016
 5020
 5024
 5028
 5032
 5036
 5040
 5044
 5048
 5052
 5056
 5060
 5064
 5068
 5072
 5076
 5080
 5084
 5088
 5092
 5096
 5100
 5104
 5108
 5112
 5116
 5120
 5124
 5128
 5132
 5136
 5140
 5144
 5148
 5152
 5156
 5160
 5164
 5168
 5172
 5176
 5180
 5184
 5188
 5192
 5196
 5200
 5204
 5208
 5212
 5216
 5220
 5224
 5228
 5232
 5236
 5240
 5244
 5248
 5252
 5256
 5260
 5264
 5268
 5272
 5276
 5280
 5284
 5288
 5292
 5296
 5300
 5304
 5308
 5312
 5316
 5320
 5324
 5328
 5332
 5336
 5340
 5344
 5348
 5352
 5356
 5360
 5364
 5368
 5372
 5376
 5380
 5384
 5388
 5392
 5396
 5400
 5404
 5408
 5412
 5416
 5420
 5424
 5428
 5432
 5436
 5440
 5444
 5448
 5452
 5456
 5460
 5464
 5468
 5472
 5476
 5480
 5484
 5488
 5492
 5496
 5500
 5504
 5508
 5512
 5516
 5520
 5524
 5528
 5532
 5536
 5540
 5544
 5548
 5552
 5556
 5560
 5564
 5568
 5572
 5576
 5580
 5584
 5588
 5592
 5596
 5600
 5604
 5608
 5612
 5616
 5620
 5624
 5628
 5632
 5636
 5640
 5644
 5648
 5652
 5656
 5660
 5664
 5668
 5672
 5676
 5680
 5684
 5688
 5692
 5696
 5700
 5704
 5708
 5712
 5716
 5720
 5724
 5728
 5732
 5736
 5740
 5744
 5748
 5752
 5756
 5760
 5764
 5768
 5772
 5776
 5780
 5784
 5788
 5792
 5796
 5800
 5804
 5808
 5812
 5816
 5820
 5824
 5828
 5832
 5836
 5840
 5844
 5848
 5852
 5856
 5860
 5864
 5868
 5872
 5876
 5880
 5884
 5888
 5892
 5896
 5900
 5904
 5908
 5912
 5916
 5920
 5924
 5928
 5932
 5936
 5940
 5944
 5948
 5952
 5956
 5960
 5964
 5968
 5972
 5976
 5980
 5984
 5988
 5992
 5996
 6000
 6004
 6008
 6012
 6016
 6020
 6024
 6028
 6032
 6036
 6040
 6044
 6048
 6052
 6056
 6060
 6064
 6068
 6072
 6076
 6080
 6084
 6088
 6092
 6096
 6100
 6104
 6108
 6112
 6116
 6120
 6124
 6128
 6132
 6136
 6140
 6144
 6148
 6152
 6156
 6160
 6164
 6168
 6172
 6176
 6180
 6184
 6188
 6192
 6196
 6200
 6204
 6208
 6212
 6216
 6220
 6224
 6228
 6232
 6236
 6240
 6244
 6248
 6252
 6256
 6260
 6264
 6268
 6272
 6276
 6280
 6284
 6288
 6292
 6296
 6300
 6304
 6308
 6312
 6316
 6320
 6324
 6328
 6332
 6336
 6340
 6344
 6348
 6352
 6356
 6360
 6364
 6368
 6372
 6376
 6380
 6384
 6388
 6392
 6396
 6400
 </DataArray>
 <DataArray type="UInt8" Name="types" format="ascii">
 9
 9
 9
 9
 9
 9
 9
 9
 9
 9
 9
 9
 9
 9
 9
 9
 9
 9
 9
 9
 9
 9
 9
 9
 9
 9
 9
 9
 9
 9
 9
 9
 9
 9
 9
 9
 9
 9
 9
 9
 9
 9
 9
 9
 9
 9
 9
 9
 9
 9
 9
 9
 9
 9
 9
 9
 9
 9
 9
 9
 9
 9
 9
 9
 9
 9
 9
 9
 9
 9
 9
 9
 9
 9
 9
 9
 9
 9
 9
 9
 9
 9
 9
 9
 9
 9
 9
 9
 9
 9
 9
 9
 9
 9
 9
 9
 9
 9
 9
 9
 9
 9
 9
 9
 9
 9
 9
 9
 9
 9
 9
 9
 9
 9
 9
 9
 9
 9
 9
 9
 9
 9
 9
 9
 9
 9
 9
 9
 9
 9
 9
 9
 9
 9
 9
 9
 9
 9
 9
 9
 9
 9
 9
 9
 9
 9
 9
 9
 9
 9
 9
 9
 9
 9
 9
 9
 9
 9
 9
 9
 9
 9
 9
 9
 9
 9
 9
 9
 9
 9
 9
 9
 9
 9
 9
 9
 9
 9
 9
 9
 9
 9
 9
 9
 9
 9
 9
 9
 9
 9
 9
 9
 9
 9
 9
 9
 9
 9
 9
 9
 9
 9
 9
 9
 9
 9
 9
 9
 9
 9
 9
 9
 9
 9
 9
 9
 9
 9
 9
 9
 9
 9
 9
 9
 9
 9
 9
 9
 9
 9
 9
 9
 9
 9
 9
 9
 9
 9
 9
 9
 9
 9
 9
 9
 9
 9
 9
 9
 9
 9
 9
 9
 9
 9
 9
 9
 9
 9
 9
 9
 9
 9
 9
 9
 9
 9
 9
 9
 9
 9
 9
 9
 9
 9
 9
 9
 9
 9
 9
 9
 9
 9
 9
 9
 9
 9
 9
 9
 9
 9
 9
 9
 9
 9
 9
 9
 9
 9
 9
 9
 9
 9
 9
 9
 9
 9
 9
 9
 9
 9
 9
 9
 9
 9
 9
 9
 9
 9
 9
 9
 9
 9
 9
 9
 9
 9
 9
 9
 9
 9
 9
 9
 9
 9
 9
 9
 9
 9
 9
 9
 9
 9
 9
 9
 9
 9
 9
 9
 9
 9
 9
 9
 9
 9
 9
 9
 9
 9
 9
 9
 9
 9
 9
 9
 9
 9
 9
 9
 9
 9
 9
 9
 9
 9
 9
 9
 9
 9
 9
 9
 9
 9
 9
 9
 9
 9
 9
 9
 9
 9
 9
 9
 9
 9
 9
 9
 9
 9
 9
 9
 9
 9
 9
 9
 9
 9
 9
 9
 9
 9
 9
 9
 9
 9
 9
 9
 9
 9
 9
 9
 9
 9
 9
 9
 9
 9
 9
 9
 9
 9
 9
 9
 9
 9
 9
 9
 9
 9
 9
 9
 9
 9
 9
 9
 9
 9
 9
 9
 9
 9
 9
 9
 9
 9
 9
 9
 9
 9
 9
 9
 9
 9
 9
 9
 9
 9
 9
 9
 9
 9
 9
 9
 9
 9
 9
 9
 9
 9
 9
 9
 9
 9
 9
 9
 9
 9
 9
 9
 9
 9
 9
 9
 9
 9
 9
 9
 9
 9
 9
 9
 9
 9
 9
 9
 9
 9
 9
 9
 9
 9
 9
 9
 9
 9
 9
 9
 9
 9
 9
 9
 9
 9
 9
 9
 9
 9
 9
 9
 9
 9
 9
 9
 9
 9
 9
 9
 9
 9
 9
 9
 9
 9
 9
 9
 9
 9
 9
 9
 9
 9
 9
 9
 9
 9
 9
 9
 9
 9
 9
 9
 9
 9
 9
 9
 9
 9
 9
 9
 9
 9
 9
 9
 9
 9
 9
 9
 9
 9
 9
 9
 9
 9
 9
 9
 9
 9
 9
 9
 9
 9
 9
 9
 9
 9
 9
 9
 9
 9
 9
 9
 9
 9
 9
 9
 9
 9
 9
 9
 9
 9
 9
 9
 9
 9
 9
 9
 9
 9
 9
 9
 9
 9
 9
 9
 9
 9
 9
 9
 9
 9
 9
 9
 9
 9
 9
 9
 9
 9
 9
 9
 9
 9
 9
 9
 9
 9
 9
 9
 9
 9
 9
 9
 9
 9
 9
 9
 9
 9
 9
 9
 9
 9
 9
 9
 9
 9
 9
 9
 9
 9
 9
 9
 9
 9
 9
 9
 9
 9
 9
 9
 9
 9
 9
 9
 9
 9
 9
 9
 9
 9
 9
 9
 9
 9
 9
 9
 9
 9
 9
 9
 9
 9
 9
 9
 9
 9
 9
 9
 9
 9
 9
 9
 9
 9
 9
 9
 9
 9
 9
 9
 9
 9
 9
 9
 9
 9
 9
 9
 9
 9
 9
 9
 9
 9
 9
 9
 9
 9
 9
 9
 9
 9
 9
 9
 9
 9
 9
 9
 9
 9
 9
 9
 9
 9
 9
 9
 9
 9
 9
 9
 9
 9
 9
 9
 9
 9
 9
 9
 9
 9
 9
 9
 9
 9
 9
 9
 9
 9
 9
 9
 9
 9
 9
 9
 9
 9
 9
 9
 9
 9
 9
 9
 9
 9
 9
 9
 9
 9
 9
 9
 9
 9
 9
 9
 9
 9
 9
 9
 9
 9
 9
 9
 9
 9
 9
 9
 9
 9
 9
 9
 9
 9
 9
 9
 9
 9
 9
 9
 9
 9
 9
 9
 9
 9
 9
 9
 9
 9
 9
 9
 9
 9
 9
 9
 9
 9
 9
 9
 9
 9
 9
 9
 9
 9
 9
 9
 9
 9
 9
 9
 9
 9
 9
 9
 9
 9
 9
 9
 9
 9
 9
 9
 9
 9
 9
 9
 9
 9
 9
 9
 9
 9
 9
 9
 9
 9
 9
 9
 9
 9
 9
 9
 9
 9
 9
 9
 9
 9
 9
 9
 9
 9
 9
 9
 9
 9
 9
 9
 9
 9
 9
 9
 9
 9
 9
 9
 9
 9
 9
 9
 9
 9
 9
 9
 9
 9
 9
 9
 9
 9
 9
 9
 9
 9
 9
 9
 9
 9
 9
 9
 9
 9
 9
 9
 9
 9
 9
 9
 9
 9
 9
 9
 9
 9
 9
 9
 9
 9
 9
 9
 9
 9
 9
 9
 9
 9
 9
 9
 9
 9
 9
 9
 9
 9
 9
 9
 9
 9
 9
 9
 9
 9
 9
 9
 9
 9
 9
 9
 9
 9
 9
 9
 9
 9
 9
 9
 9
 9
 9
 9
 9
 9
 9
 9
 9
 9
 9
 9
 9
 9
 9
 9
 9
 9
 9
 9
 9
 9
 9
 9
 9
 9
 9
 9
 9
 9
 9
 9
 9
 9
 9
 9
 9
 9
 9
 9
 9
 9
 9
 9
 9
 9
 9
 9
 9
 9
 9
 9
 9
 9
 9
 9
 9
 9
 9
 9
 9
 9
 9
 9
 9
 9
 9
 9
 9
 9
 9
 9
 9
 9
 9
 9
 9
 9
 9
 9
 9
 9
 9
 9
 9
 9
 9
 9
 9
 9
 9
 9
 9
 9
 9
 9
 9
 9
 9
 9
 9
 9
 9
 9
 9
 9
 9
 9
 9
 9
 9
 9
 9
 9
 9
 9
 9
 9
 9
 9
 9
 9
 9
 9
 9
 9
 9
 9
 9
 9
 9
 9
 9
 9
 9
 9
 9
 9
 9
 9
 9
 9
 9
 9
 9
 9
 9
 9
 9
 9
 9
 9
 9
 9
 9
 9
 9
 9
 9
 9
 9
 9
 9
 9
 9
 9
 9
 9
 9
 9
 9
 9
 9
 9
 9
 9
 9
 9
 9
 9
 9
 9
 9
 9
 9
 9
 9
 9
 9
 9
 9
 9
 9
 9
 9
 9
 9
 9
 9
 9
 9
 9
 9
 9
 9
 9
 9
 9
 9
 9
 9
 9
 9
 9
 9
 9
 9
 9
 9
 9
 9
 9
 9
 9
 9
 9
 9
 9
 9
 9
 9
 9
 9
 9
 9
 9
 9
 9
 9
 9
 9
 9
 9
 9
 9
 9
 9
 9
 9
 9
 9
 9
 9
 9
 9
 9
 9
 9
 9
 9
 9
 9
 9
 9
 9
 9
 9
 9
 9
 9
 9
 9
 9
 9
 9
 9
 9
 9
 9
 9
 9
 9
 9
 9
 9
 9
 9
 9
 9
 9
 9
 9
 9
 9
 9
 9
 9
 9
 9
 9
 9
 9
 9
 9
 9
 9
 9
 9
 9
 9
 9
 9
 9
 9
 9
 9
 9
 9
 9
 9
 9
 9
 9
 9
 9
 9
 9
 9
 9
 9
 9
 9
 9
 9
 9
 9
 9
 9
 9
 9
 9
 9
 9
 9
 9
 9
 9
 9
 9
 9
 9
 9
 9
 9
 9
 9
 9
 9
 9
 9
 9
 9
 9
 9
 9
 9
 9
 9
 9
 9
 9
 9
 9
 9
 9
 9
 9
 9
 9
 9
 9
 9
 9
 9
 9
 9
 9
 9
 9
 9
 9
 9
 9
 9
 9
 9
 9
 9
 9
 9
 9
 9
 9
 9
 9
 9
 9
 9
 9
 9
 9
 9
 9
 9
 9
 9
 9
 9
 9
 9
 9
 9
 9
 9
 9
 9
 9
 9
 9
 9
 9
 9
 9
 9
 9
 9
 9
 9
 9
 9
 9
 9
 9
 9
 9
 9
 9
 9
 9
 9
 9
 9
 9
 9
 9
 9
 9
 9
 9
 9
 9
 9
 9
 9
 9
 9
 9
 9
 9
 9
 9
 9
 9
 9
 9
 9
 9
 9
 9
 9
 9
 9
 9
 9
 9
 9
 9
 9
 9
 9
 9
 9
 9
 9
 9
 9
 9
 9
 9
 9
 9
 9
 9
 9
 9
 9
 9
 9
 9
 9
 9
 9
 9
 9
 9
 9
 9
 9
 9
 9
 9
 9
 9
 9
 9
 9
 9
 9
 9
 9
 9
 9
 9
 9
 9
 9
 9
 9
 9
 9
 9
 9
 9
 9
 9
 9
 9
 9
 9
 9
 9
 9
 9
 9
 9
 9
 9
 9
 9
 9
 9
 9
 9
 9
 9
 9
 9
 9
 9
 9
 9
 9
 9
 9
 9
 9
 9
 9
 9
 9
 9
 9
 9
 9
 9
 9
 9
 9
 9
 9
 9
 9
 9
 9
 9
 9
 9
 9
 9
 9
 9
 9
 9
 9
 </DataArray>
</Cells>
<CellData>
 <DataArray Name="pos.x" type="Float32" NumberOfComponents="1" format="ascii">
 2.097783578455345022e-01
 2.294320046961544624e-01
 2.490856928671288939e-01
 2.687394264493118690e-01
 2.885271428536093641e-01
 3.083990037278662166e-01
 3.282708650661917416e-01
 3.481427268900679217e-01
 3.680778861456366347e-01
 3.880453048945673999e-01
 4.080127236552785197e-01
 4.279801424279081057e-01
 4.479761925282130797e-01
 4.679863602821815460e-01
 4.879965280386905913e-01
 5.080066957977150688e-01
 5.280293111702345499e-01
 5.480603326097819306e-01
 5.680913540097194403e-01
 5.881223753704265533e-01
 6.081563463492217769e-01
 6.281967779132768825e-01
 6.482372093680744962e-01
 6.682776407143348196e-01
 6.883155249258713360e-01
 7.083606017215242634e-01
 7.284056785614829721e-01
 7.484507554458434964e-01
 7.684946106976164870e-01
 7.885518311954086146e-01
 8.086090516860101607e-01
 8.286662721693099920e-01
 8.487343073733770726e-01
 8.688345098034728764e-01
 8.889347103827301977e-01
 9.090349090476324001e-01
 9.291729573254180474e-01
 9.493961926594228773e-01
 9.696194091978436180e-01
 9.898426054286583176e-01
 2.094313694779126045e-01
 2.283910418022491728e-01
 2.473507587579408251e-01
 2.663105249448269873e-01
 2.856229918521100974e-01
 3.052385442089523560e-01
 3.248540970455360832e-01
 3.444696503844228430e-01
 3.642440696910292375e-01
 3.841463229471673291e-01
 4.040485762151910243e-01
 4.239508294952402667e-01
 4.439244649649215502e-01
 4.639549699213531553e-01
 4.839854748803066875e-01
 5.040159798417762627e-01
 5.240797803843963987e-01
 5.441728321286104508e-01
 5.642658838335489202e-01
 5.843589354995596397e-01
 6.044643319609371845e-01
 6.245855773015439594e-01
 6.447068225338952185e-01
 6.648280676586993954e-01
 6.849514054873290236e-01
 7.050865734289704090e-01
 7.252217414145368801e-01
 7.453569094441326870e-01
 7.655030266341769085e-01
 7.856746895533116559e-01
 8.058463524653253218e-01
 8.260180153701096595e-01
 8.462435461709847395e-01
 8.665443176577461992e-01
 8.868450873231719100e-01
 9.071458551053105390e-01
 9.276077642588070882e-01
 9.482781966416757857e-01
 9.689486109593767882e-01
 9.896190057896935288e-01
 2.090843819973559059e-01
 2.273500818347830577e-01
 2.456158300289857377e-01
 2.638816317768685193e-01
 2.827188409198974628e-01
 3.020780847689327753e-01
 3.214373291141838784e-01
 3.407965739793697435e-01
 3.604102532387485902e-01
 3.802473410021641187e-01
 4.000844287775682240e-01
 4.199215165651088433e-01
 4.398727374020829917e-01
 4.599235795609670774e-01
 4.799744217223673726e-01
 5.000252638862817678e-01
 5.201302495894118971e-01
 5.402853316385393123e-01
 5.604404136486863530e-01
 5.805954956202287187e-01
 6.007723175328110177e-01
 6.209743766510870122e-01
 6.411764356620990313e-01
 6.613784945665541759e-01
 6.815872860036631398e-01
 7.018125450924023179e-01
 7.220378042247072026e-01
 7.422630634006581740e-01
 7.625114425717552935e-01
 7.827975479122101232e-01
 8.030836532456266941e-01
 8.233697585718555700e-01
 8.437527851368074039e-01
 8.642541256718678788e-01
 8.847554644144293157e-01
 9.052568013040298567e-01
 9.260425722255789527e-01
 9.471602014186727425e-01
 9.682778132352947154e-01
 9.893954063360566042e-01
 2.087373955107422463e-01
 2.263091251586190900e-01
 2.438809073752664369e-01
 2.614527480626208655e-01
 2.798146900602485609e-01
 2.989176254115966658e-01
 3.180205612764943068e-01
 3.371234976798972438e-01
 3.565764367888267228e-01
 3.763483590595844142e-01
 3.961202813424424263e-01
 4.158922036375416464e-01
 4.358210098396927412e-01
 4.558921892010289745e-01
 4.759633685648729240e-01
 4.960345479312200934e-01
 5.161807187853948431e-01
 5.363978311396562226e-01
 5.566149434552400965e-01
 5.768320557325239406e-01
 5.970803030653383248e-01
 6.173631759624071957e-01
 6.376460487531886434e-01
 6.579289214383745588e-01
 6.782231664754476697e-01
 6.985385167123995265e-01
 7.188538669925328417e-01
 7.391692173159464252e-01
 7.595198585103626332e-01
 7.799204062721141195e-01
 8.003209540268835243e-01
 8.207215017745512764e-01
 8.412620242665835857e-01
 8.619639338417915964e-01
 8.826658416526255158e-01
 9.033677476401001938e-01
 9.244773811667205132e-01
 9.460422069439469173e-01
 9.676070159947921523e-01
 9.891718070563415566e-01
 2.085441152600922554e-01
 2.256584713212866078e-01
 2.427728295788695589e-01
 2.598871900951856828e-01
 2.778201576055478461e-01
 2.965988133205548216e-01
 3.153774785984439499e-01
 3.341561539808559078e-01
 3.533536870554458420e-01
 3.729628653820818429e-01
 3.925720439210103607e-01
 4.121812226823253766e-01
 4.320099844832788749e-01
 4.520396093285692363e-01
 4.720692334072588148e-01
 4.920988566994981550e-01
 5.122486296166157693e-01
 5.325036116306466338e-01
 5.527585935697804098e-01
 5.730135754333569587e-01
 5.933311512988896919e-01
 6.137055733877073704e-01
 6.340799954941030991e-01
 6.544544176180957518e-01
 6.748617161719634439e-01
 6.953067405035957549e-01
 7.157517650789492203e-01
 7.361967898988223125e-01
 7.566940712968398541e-01
 7.772589372542260122e-01
 7.978238044359455827e-01
 8.183886728620637374e-01
 8.391230424565327972e-01
 8.600486316130496744e-01
 8.809742200058211514e-01
 9.018998076073059256e-01
 9.233102226414573455e-01
 9.452139005092499158e-01
 9.671175731974195333e-01
 9.890212404783802480e-01
 2.084343537527936219e-01
 2.253291868418896005e-01
 2.422240221860513520e-01
 2.591188598501529827e-01
 2.767457071716553640e-01
 2.951316347227397330e-01
 3.135175722933443709e-01
 3.319035204644369408e-01
 3.507744860426004752e-01
 3.701233315381148858e-01
 3.894721772531610782e-01
 4.088210231983414045e-01
 4.284679301632012272e-01
 4.483941962907144752e-01
 4.683204616400360454e-01
 4.882467261908782774e-01
 5.083517004042841236e-01
 5.286204303477191058e-01
 5.488891602162294658e-01
 5.691578900091729398e-01
 5.895334746735942932e-01
 6.100101455025702668e-01
 6.304868163489530941e-01
 6.509634872127603167e-01
 6.715064705976219184e-01
 6.921205935221667049e-01
 7.127347166865685146e-01
 7.333488400916176042e-01
 7.540376541345216177e-01
 7.748164867262538058e-01
 7.955953205195077649e-01
 8.163741555338276390e-01
 8.373388424982184386e-01
 8.585111268414642449e-01
 8.796834104367559082e-01
 9.008556932574068865e-01
 9.225045466197357991e-01
 9.446384175053652577e-01
 9.667722833129432924e-01
 9.889061438216378841e-01
 2.083245922654480553e-01
 2.249999024240545709e-01
 2.416752148987890703e-01
 2.583505297571886961e-01
 2.756712574180598119e-01
 2.936644571067311693e-01
 3.116576673050308610e-01
 3.296508886371624647e-01
 3.481952850579350112e-01
 3.672837977266574794e-01
 3.863723106225105397e-01
 4.054608237566582063e-01
 4.249258757365899086e-01
 4.447487831403819647e-01
 4.645716897541308232e-01
 4.843945955570918005e-01
 5.044547711926586908e-01
 5.247372490655045629e-01
 5.450197268633932834e-01
 5.653022045857026834e-01
 5.857357979714434837e-01
 6.063147175426001345e-01
 6.268936371309928868e-01
 6.474725567366353962e-01
 6.681512247398235793e-01
 6.889344462706693539e-01
 7.097176680376192648e-01
 7.305008900414178274e-01
 7.513812366996202030e-01
 7.723740359435977698e-01
 7.933668363669329482e-01
 8.143596379886215431e-01
 8.355546425965351132e-01
 8.569736221203968496e-01
 8.783926009116110878e-01
 8.998115789443182910e-01
 9.216988707242654844e-01
 9.440629345955297014e-01
 9.664269934873374046e-01
 9.887910471853740280e-01
 2.082148307988555824e-01
 2.246706180702812694e-01
 2.411264077214108625e-01
 2.575821998225903409e-01
 2.745968083926835779e-01
 2.921972805430406162e-01
 3.097977637299600961e-01
 3.273982586252677240e-01
 3.456160841028077524e-01
 3.644442639492837532e-01
 3.832724440309022151e-01
 4.021006243594129059e-01
 4.213838212012728790e-01
 4.411033698752617749e-01
 4.608229177470831717e-01
 4.805424647955269246e-01
 5.005578419817465763e-01
 5.208540677839965660e-01
 5.411502935112733059e-01
 5.614465191629560703e-01
 5.819381211935539255e-01
 6.026192895088867685e-01
 6.233004578412910668e-01
 6.439816261907682637e-01
 6.647959786052783926e-01
 6.857482987555296727e-01
 7.067006191381757230e-01
 7.276529397539951427e-01
 7.487248189998619852e-01
 7.699315849135155432e-01
 7.911383519849713997e-01
 8.123451202326967824e-01
 8.337704427496959170e-01
 8.554361174482402186e-01
 8.771017914289797046e-01
 8.987674646668554201e-01
 9.208931949513480264e-01
 9.434874517769518132e-01
 9.660817037188469403e-01
 9.886759505689857175e-01
 2.081686623398769365e-01
 2.245083449033653533e-01
 2.408480274664525078e-01
 2.571877100291354301e-01
 2.739950407437698465e-01
 2.912931359871520631e-01
 3.085912331388045438e-01
 3.258893322511418611e-01
 3.438006001728612926e-01
 3.623441863217303216e-01
 3.808877763174129405e-01
 3.994313703426283779e-01
 4.184757531583460644e-01
 4.380244690042754963e-01
 4.575731818737451828e-01
 4.771218916181515501e-01
 4.970289953739952526e-01
 5.172851906507421882e-01
 5.375413813178407940e-01
 5.577975671995497597e-01
 5.783110607248478363e-01
 5.990693751900981745e-01
 6.198276881731333843e-01
 6.405859996395836253e-01
 6.615312724951153411e-01
 6.826560426095283907e-01
 7.037808133372768227e-01
 7.249055846868297515e-01
 7.461866212867180881e-01
 7.676260375303215477e-01
 7.890654555369135403e-01
 8.105048753319792354e-01
 8.321747591482130391e-01
 8.540846663833510100e-01
 8.759945751694306892e-01
 8.979044855418222282e-01
 9.202490813019563731e-01
 9.430305565953256419e-01
 9.658120310307234391e-01
 9.885935045868323723e-01
 2.081624420667550768e-01
 2.244896840840007457e-01
 2.408169261008436535e-01
 2.571441681172827454e-01
 2.738394420789208028e-01
 2.909258637947080839e-01
 3.080122874674781075e-01
 3.250987131516703821e-01
 3.427496021171165252e-01
 3.609841037229055694e-01
 3.792186093207548514e-01
 3.974531191038349065e-01
 4.162238248757295644e-01
 4.355343219304639857e-01
 4.548448159157458259e-01
 4.741553066760378909e-01
 4.938965546255896233e-01
 5.140592801277387158e-01
 5.342220009496008171e-01
 5.543847169115455609e-01
 5.748776533906881925e-01
 5.956882873187511196e-01
 6.164989197665579068e-01
 6.373095506998288640e-01
 6.583689492793386444e-01
 6.796695994706745125e-01
 7.009702502664282298e-01
 7.222709016748600774e-01
 7.437654825884084664e-01
 7.654560810322139641e-01
 7.871466812008957037e-01
 8.088372831190789869e-01
 8.307535021656469176e-01
 8.529049105566730571e-01
 8.750563204668411199e-01
 8.972077319304000431e-01
 9.197450750189211099e-01
 9.426705520941738303e-01
 9.655960283218701923e-01
 9.885215036810951483e-01
 2.081562217936335502e-01
 2.244710232646356385e-01
 2.407858247352338277e-01
 2.571006262054276736e-01
 2.736838434380488017e-01
 2.905585916604136454e-01
 3.074333418903626991e-01
 3.243080941844732057e-01
 3.416986043160415432e-01
 3.596240214693420811e-01
 3.775494427683268595e-01
 3.954748684174202999e-01
 4.139718962917359746e-01
 4.330441745067908910e-01
 4.521164495549888640e-01
 4.711887212734237051e-01
 4.907641135048057546e-01
 5.108333692067078546e-01
 5.309026201560869129e-01
 5.509718661692971642e-01
 5.714442460966953075e-01
 5.923071994878781332e-01
 6.131701514007517062e-01
 6.340331018011333697e-01
 6.552066259144907479e-01
 6.766831561891315516e-01
 6.981596870594446447e-01
 7.196362185335350992e-01
 7.413443434429860535e-01
 7.632861241276968078e-01
 7.852279065003691105e-01
 8.071696905848465553e-01
 8.293322450478194385e-01
 8.517251546152192487e-01
 8.741180656709024444e-01
 8.965109782480839007e-01
 9.192410687497444277e-01
 9.423105476031503613e-01
 9.653800256192484053e-01
 9.884495027774895526e-01
 2.081500015205114129e-01
 2.244523624452703925e-01
 2.407547233696237521e-01
 2.570570842935726019e-01
 2.735282448220693885e-01
 2.901913195865204464e-01
 3.068543964111473121e-01
 3.235174753547665483e-01
 3.406476067837694854e-01
 3.582639395805135574e-01
 3.758802766855915967e-01
 3.934966183155882424e-01
 4.117199673931323800e-01
 4.305540267176427016e-01
 4.493880827731968619e-01
 4.682221353890543836e-01
 4.876316720042218611e-01
 5.076074578796241354e-01
 5.275832389286199131e-01
 5.475590149633992043e-01
 5.680108388427234090e-01
 5.889261116973054655e-01
 6.098413830755508025e-01
 6.307566529433425995e-01
 6.520443024039286328e-01
 6.736967127681134926e-01
 6.953491237194235897e-01
 7.170015352657752583e-01
 7.389232038649732326e-01
 7.611161668300053806e-01
 7.833091314472738764e-01
 8.055020977398502646e-01
 8.279109877988966026e-01
 8.505453985625303082e-01
 8.731798107845354373e-01
 8.958142244970864754e-01
 9.187370624941605390e-01
 9.419505431220871472e-01
 9.651640229227399503e-01
 9.883775018759711761e-01
 2.081662456781218640e-01
 2.244935559000548475e-01
 2.408208660657982503e-01
 2.571481761756677087e-01
 2.735755222667304865e-01
 2.901152040971975987e-01
 3.066548859136765115e-01
 3.231945677160588115e-01
 3.401414934947799007e-01
 3.575155309452819896e-01
 3.748895688289713424e-01
 3.922636071582313866e-01
 4.102355081942005155e-01
 4.288247631418637962e-01
 4.474140160794849441e-01
 4.660032669091999091e-01
 4.852077450753307097e-01
 5.050374717647958533e-01
 5.248671857213819125e-01
 5.446968862072676387e-01
 5.650703385051828453e-01
 5.859830404890845612e-01
 6.068957274534875213e-01
 6.278083986188117693e-01
 6.491673931311314760e-01
 6.709565597421235372e-01
 6.927457212144102483e-01
 7.145348773660425978e-01
 7.366506742413536646e-01
 7.590746134687291757e-01
 7.814985536502101482e-01
 8.039224948034608964e-01
 8.265732300455416182e-01
 8.494406763369271030e-01
 8.723081236887120227e-01
 8.951755721118067610e-01
 9.182825396913751881e-01
 9.416285111188050783e-01
 9.649744827434300065e-01
 9.883204545672387153e-01
 2.081974001609640801e-01
 2.245870193489045985e-01
 2.409766384810775319e-01
 2.573662575577984057e-01
 2.738073149269873441e-01
 2.903121098173662151e-01
 3.068169046937024302e-01
 3.233216995558766405e-01
 3.401635376860800974e-01
 3.573622871109357058e-01
 3.745610369779644455e-01
 3.917597872999425967e-01
 4.095183127740846807e-01
 4.278561101633437391e-01
 4.461939054818842565e-01
 4.645316986273819171e-01
 4.835112478280735870e-01
 5.031426147932661630e-01
 5.227739686966528243e-01
 5.424053087719835631e-01
 5.626511905416211601e-01
 5.835071182839460802e-01
 6.043630308345510072e-01
 6.252189274010794273e-01
 6.465986722468634040e-01
 6.684860428401260268e-01
 6.903734083207531125e-01
 7.122607685083313100e-01
 7.345311832776771910e-01
 7.571660910152286927e-01
 7.798009996906383190e-01
 8.024359093210742255e-01
 8.253043613645736354e-01
 8.483962641894382539e-01
 8.714881680546621157e-01
 8.945800729708498489e-01
 9.178596752784174972e-01
 9.413264651120655246e-01
 9.647932551409216240e-01
 9.882600453669070362e-01
 2.082285546440211799e-01
 2.246804827983901187e-01
 2.411324108974141067e-01
 2.575843389414004259e-01
 2.740391075874021865e-01
 2.905090155376751637e-01
 3.069789234738394268e-01
 3.234488313957895600e-01
 3.401855818767803297e-01
 3.572090432808736615e-01
 3.742325051364090993e-01
 3.912559674565703194e-01
 4.088011172834847273e-01
 4.268874570849968686e-01
 4.449737947523330073e-01
 4.630601301784189050e-01
 4.818147499048964777e-01
 5.012477570233440094e-01
 5.206807507382247291e-01
 5.401137302533784990e-01
 5.602320421076517620e-01
 5.810311955726784605e-01
 6.018303336708880069e-01
 6.226294555968637789e-01
 6.440299515234665373e-01
 6.660155260982439929e-01
 6.880010955862836397e-01
 7.099866598086554959e-01
 7.324116921881758113e-01
 7.552575684463632699e-01
 7.781034456265460975e-01
 8.009493237454922143e-01
 8.240354925230091165e-01
 8.473518519084142220e-01
 8.706682123147069241e-01
 8.939845737521906477e-01
 9.174368108601154148e-01
 9.410244191014746074e-01
 9.646120275360569041e-01
 9.881996361657975347e-01
 2.082597091272880840e-01
 2.247739462485073281e-01
 2.412881833147931532e-01
 2.578024203264562275e-01
 2.742709002479845060e-01
 2.907059212581207253e-01
 3.071409422540922196e-01
 3.235759632357938509e-01
 3.402076260668630003e-01
 3.570557994552334691e-01
 3.739039733046097824e-01
 3.907521476285945594e-01
 4.080839217192814283e-01
 4.259188039023366623e-01
 4.437536838847959686e-01
 4.615885615545426979e-01
 4.801182512814995973e-01
 4.993528984257917247e-01
 5.185875318112329602e-01
 5.378221506101650284e-01
 5.578128931966707116e-01
 5.785552723480548165e-01
 5.992976359545825193e-01
 6.200399831974769960e-01
 6.414612309594334150e-01
 6.635450095149638683e-01
 6.856287830094589530e-01
 7.077125512654791617e-01
 7.302922009760898225e-01
 7.533490457651199623e-01
 7.764058914606957185e-01
 7.994627380791653470e-01
 8.227666235253336957e-01
 8.463074394976015657e-01
 8.698482564718440502e-01
 8.933890744580318399e-01
 9.170139464365448800e-01
 9.407223730870761802e-01
 9.644307999289101208e-01
 9.881392269639120984e-01
 2.082959349874931310e-01
 2.248822652667907818e-01
 2.414685954344406860e-01
 2.580549254911070345e-01
 2.745720098172047541e-01
 2.910244519623446102e-01
 3.074768940910176385e-01
 3.239293362032396040e-01
 3.405270433175526246e-01
 3.572832708462216900e-01
 3.740394981580241751e-01
 3.907957252501651491e-01
 4.079872491886005759e-01
 4.256346155860018521e-01
 4.432819794814302217e-01
 4.609293407899519579e-01
 4.792596818814430781e-01
 4.982952950271521964e-01
 5.173308960958759029e-01
 5.363664844094983009e-01
 5.561924805864224552e-01
 5.768220460817808926e-01
 5.974515819141071882e-01
 6.180810860473233692e-01
 6.394553059168582854e-01
 6.615656789502055712e-01
 6.836760258103948829e-01
 7.057863449121478672e-01
 7.284622391349837578e-01
 7.516721942264719125e-01
 7.748821446847061756e-01
 7.980920903534413080e-01
 8.215841217056364387e-01
 8.453236741667822240e-01
 8.690632270292237838e-01
 8.928027802955067482e-01
 9.165937801696714127e-01
 9.404245547875232925e-01
 9.642553293261110214e-01
 9.880861037855814821e-01
 2.083368602280242510e-01
 2.250050409892064840e-01
 2.416732216398291555e-01
 2.583414021805478522e-01
 2.749342492354041045e-01
 2.914563662316778103e-01
 3.079784832116237436e-01
 3.245006001752525071e-01
 3.411288936926448745e-01
 3.578766155821705985e-01
 3.746243372547211070e-01
 3.913720587074762114e-01
 4.084975905754113512e-01
 4.260214730789764759e-01
 4.435453530470453987e-01
 4.610692303929324609e-01
 4.792379508743890293e-01
 4.980738050386047666e-01
 5.169096468603897598e-01
 5.357454756389337103e-01
 5.553873650193643652e-01
 5.758484929652663009e-01
 5.963095906631605825e-01
 6.167706560166489327e-01
 6.380386012154942721e-01
 6.601048410968020086e-01
 6.821710545985559815e-01
 7.042372401175148733e-01
 7.269390171227888553e-01
 7.502447928948515754e-01
 7.735505640623777657e-01
 7.968563304706692829e-01
 8.204828527308751784e-01
 8.443955342623128413e-01
 8.683082161893380668e-01
 8.922208985144802762e-01
 9.161603768097769107e-01
 9.401149809579997241e-01
 9.640695850277830603e-01
 9.880241890192731358e-01
 2.083777854692272780e-01
 2.251278167136274710e-01
 2.418778478485405503e-01
 2.586278788746144142e-01
 2.752964886580777093e-01
 2.918882805063435781e-01
 3.084800723384115706e-01
 3.250718641543073328e-01
 3.417307440683757247e-01
 3.584699603187662120e-01
 3.752091763520532530e-01
 3.919483921654285941e-01
 4.090079320058072621e-01
 4.264083306061119960e-01
 4.438087266367075068e-01
 4.612091200091365528e-01
 4.792162198593341027e-01
 4.978523149639751399e-01
 5.164883974518872378e-01
 5.351244665985518401e-01
 5.545822489839570268e-01
 5.748749392440729578e-01
 5.951675986537673380e-01
 6.154602250539322750e-01
 6.366218962442541374e-01
 6.586440029485304271e-01
 6.806660830644891691e-01
 7.026881349706430857e-01
 7.254157952020368061e-01
 7.488173916517717466e-01
 7.722189835254461565e-01
 7.956205706698239455e-01
 8.193815836951311438e-01
 8.434673943061117285e-01
 8.675532053071072225e-01
 8.916390167006076339e-01
 9.157269734400226291e-01
 9.398054071214573257e-01
 9.638838407252562357e-01
 9.879622742515613565e-01
 2.084187107110941628e-01
 2.252505924400240167e-01
 2.420824740605265757e-01
 2.589143555732367763e-01
 2.756587280851731658e-01
 2.923201947862701933e-01
 3.089816614713102871e-01
 3.256431281403051048e-01
 3.423325944447474511e-01
 3.590633050560000372e-01
 3.757940154500281071e-01
 3.925247256240164684e-01
 4.095182734806872005e-01
 4.267951881681135151e-01
 4.440721002509276372e-01
 4.613490096388317974e-01
 4.791944888360215593e-01
 4.976308248004059909e-01
 5.160671478645221244e-01
 5.345034572790516858e-01
 5.537771324672043916e-01
 5.739013849010399237e-01
 5.940256058639200587e-01
 6.141497931314882086e-01
 6.352051910005007684e-01
 6.571831645024707180e-01
 6.791611112049308341e-01
 7.011390294678859769e-01
 7.238925733718190036e-01
 7.473899904963424712e-01
 7.708874030730025195e-01
 7.943848109500555310e-01
 8.182803145996726535e-01
 8.425392542992760081e-01
 8.667981943834280889e-01
 8.910571348545772707e-01
 9.152935700605785430e-01
 9.394958332780226629e-01
 9.636980964185879461e-01
 9.879003594824828927e-01
 2.084557268254975393e-01
 2.253655759421401561e-01
 2.422754250285806266e-01
 2.591852740848713532e-01
 2.760182201221731968e-01
 2.927743271239776623e-01
 3.095304340551995881e-01
 3.262865409159486640e-01
 3.430541519821920238e-01
 3.598398137981024814e-01
 3.766254758602913255e-01
 3.934111381701353993e-01
 4.104159476501298420e-01
 4.276546118794457563e-01
 4.448932754441049520e-01
 4.621319383305585449e-01
 4.798884425278768795e-01
 4.981850800006627500e-01
 5.164817104687601246e-01
 5.347783336409388522e-01
 5.538870517935108317e-01
 5.738319133152454121e-01
 5.937767518814330847e-01
 6.137215660299507602e-01
 6.346181095505772918e-01
 6.564769968921148058e-01
 6.783358447352757503e-01
 7.001946501851653570e-01
 7.228878446863881146e-01
 7.463931790013478285e-01
 7.698984926782189708e-01
 7.934037845828064706e-01
 8.173706304514193333e-01
 8.417484343408394576e-01
 8.661262377889845654e-01
 8.905040407889117660e-01
 9.148722789029412050e-01
 9.391963628527895125e-01
 9.635204466171766180e-01
 9.878445301979208448e-01
 2.084927698739428570e-01
 2.254767050876716472e-01
 2.424606402714604425e-01
 2.594445754253633663e-01
 2.763743199064246370e-01
 2.932499392512228353e-01
 3.101255585264324210e-01
 3.270011777321636393e-01
 3.438876570982321024e-01
 3.607915427972881450e-01
 3.776954287391152132e-01
 3.945993149250562881e-01
 4.116866712821821150e-01
 4.289721884534961616e-01
 4.462577049647724059e-01
 4.635432208025864753e-01
 4.812832624222714850e-01
 4.995000910052608822e-01
 5.177169125426327456e-01
 5.359337267404405969e-01
 5.549072442574419783e-01
 5.746614874450425292e-01
 5.944157072917242157e-01
 6.141699022972091360e-01
 6.348742712014986411e-01
 6.565394248861017301e-01
 6.782045383705581632e-01
 6.998696086810410888e-01
 7.224263168347463404e-01
 7.458523968507470014e-01
 7.692784560633032509e-01
 7.927044933245973590e-01
 8.166641637711590240e-01
 8.411068337930586170e-01
 8.655495033758663359e-01
 8.899921725126446193e-01
 9.144527743323457303e-01
 9.388967167286695892e-01
 9.633406589413379129e-01
 9.877846009722001108e-01
 2.085298129228907171e-01
 2.255878342347111265e-01
 2.426458555168496678e-01
 2.597038767693604089e-01
 2.767304197115593722e-01
 2.937255514063219497e-01
 3.107206830324683033e-01
 3.277158145901022945e-01
 3.447211622603670311e-01
 3.617432718493988064e-01
 3.787653816777656335e-01
 3.957874917467855691e-01
 4.129573948913106696e-01
 4.302897650033105093e-01
 4.476221344598241281e-01
 4.649545032475780881e-01
 4.826780824470037756e-01
 5.008151021377992285e-01
 5.189521147416991109e-01
 5.370891199619989287e-01
 5.559274372061721037e-01
 5.754910619938572447e-01
 5.950546630454897068e-01
 6.146182388212871883e-01
 6.351304330197247161e-01
 6.566018529238171197e-01
 6.780732319070773562e-01
 6.995445669139300771e-01
 7.219647889000089247e-01
 7.453116145975094975e-01
 7.686584193241996488e-01
 7.920052019184774528e-01
 8.159576970969401044e-01
 8.404652332508627532e-01
 8.649727689678370357e-01
 8.894803042409723526e-01
 9.140332697569221176e-01
 9.385970706011027564e-01
 9.631608712634729397e-01
 9.877246717458043612e-01
 2.085668559723357351e-01
 2.256989633832376663e-01
 2.428310707647153011e-01
 2.599631781168186273e-01
 2.770865195371419176e-01
 2.942011635886881971e-01
 3.113158075725711571e-01
 3.284304514888970461e-01
 3.455546674676325813e-01
 3.626950009533209673e-01
 3.798353346749821502e-01
 3.969756686339073193e-01
 4.142281184777483749e-01
 4.316073415291117321e-01
 4.489865639295083644e-01
 4.663657856658006140e-01
 4.840729026034062965e-01
 5.021301133995909050e-01
 5.201873170672561830e-01
 5.382445133069042598e-01
 5.569476306524399067e-01
 5.763206369729262368e-01
 5.956936191521431390e-01
 6.150665756094020331e-01
 6.353865950096916348e-01
 6.566642810064330371e-01
 6.779419253421095082e-01
 6.992195248763447557e-01
 7.215032608812419479e-01
 7.447708322404598125e-01
 7.680383824594843034e-01
 7.913059103626824964e-01
 8.152512304287231615e-01
 8.398236327142036828e-01
 8.643960345648582511e-01
 8.889684359738591057e-01
 9.136137651767178847e-01
 9.382974244701829392e-01
 9.629810835836161154e-01
 9.876647425187415896e-01
 2.085977508815805848e-01
 2.257976779638338483e-01
 2.429976050925785336e-01
 2.601975322680333269e-01
 2.774191711717808317e-01
 2.946623830114023512e-01
 3.119055951297251550e-01
 3.291488075280717407e-01
 3.464179163331039257e-01
 3.637145005012363264e-01
 3.810110854820629722e-01
 3.983076712811610132e-01
 4.156998392819831745e-01
 4.331934306056650641e-01
 4.506870231532401627e-01
 4.681806169403719964e-01
 4.859483254420734477e-01
 5.040040631504708601e-01
 5.220597999281478829e-01
 5.401155357519752398e-01
 5.587461684341936685e-01
 5.779748167536311598e-01
 5.972034565159328734e-01
 6.164320873476054619e-01
 6.365608395246556972e-01
 6.576147517809325382e-01
 6.786686416749634354e-01
 6.997225077768415291e-01
 7.217947530938734202e-01
 7.448905169119215408e-01
 7.679862510083437233e-01
 7.910819533620182531e-01
 8.149251540712932895e-01
 8.394759747421347562e-01
 8.640267891694612956e-01
 8.885775971215645885e-01
 9.132735756160939022e-01
 9.380539936871555851e-01
 9.628344117285266845e-01
 9.876148297404373499e-01
 2.086285386371967698e-01
 2.258900412304326033e-01
 2.431515438698308440e-01
 2.604130465556008800e-01
 2.777342634008403421e-01
 2.951150576856467755e-01
 3.124958522447293663e-01
 3.298766470793733641e-01
 3.473115675714555373e-01
 3.648022006135228645e-01
 3.822928344500141074e-01
 3.997834690863154017e-01
 4.173634134443183763e-01
 4.350385015564346980e-01
 4.527135908658500019e-01
 4.703886813877202755e-01
 4.882853943490175763e-01
 5.064175917388572534e-01
 5.245497882087977182e-01
 5.426819837361190890e-01
 5.613015592227339479e-01
 5.804315716361589939e-01
 5.995615754508953898e-01
 6.186915702903269532e-01
 6.386437948569665402e-01
 6.594432534829302028e-01
 6.802426893190468560e-01
 7.010421008922563813e-01
 7.228550225353489456e-01
 7.456865959804519495e-01
 7.685181390807032109e-01
 7.913496497493123227e-01
 8.150069497072334190e-01
 8.394501674099524857e-01
 8.638933788137945768e-01
 8.883365836839742791e-01
 9.130156154546370528e-01
 9.378697364287418292e-01
 9.627238573733672977e-01
 9.875779782886626723e-01
 2.086593263930022479e-01
 2.259824044976060653e-01
 2.433054826480404720e-01
 2.606285608445195745e-01
 2.780493556552192658e-01
 2.955677323964419623e-01
 3.130861094076162754e-01
 3.306044866899930379e-01
 3.482052190112059908e-01
 3.658899009725936069e-01
 3.835745837107453760e-01
 4.012592672308691877e-01
 4.190269878912779578e-01
 4.368835728268619656e-01
 4.547401589340098194e-01
 4.725967462273936159e-01
 4.906224631803097203e-01
 5.088311202472034500e-01
 5.270397764048400102e-01
 5.452484316308768841e-01
 5.638569502700448988e-01
 5.828883267782176691e-01
 6.019196946458701403e-01
 6.209510534932632941e-01
 6.407267512714371893e-01
 6.612717561949724709e-01
 6.818167378888141394e-01
 7.023616948349686862e-01
 7.239152926275627120e-01
 7.464826755703989347e-01
 7.690500275254082974e-01
 7.916173463371714014e-01
 8.150887453505827329e-01
 8.394243600753329426e-01
 8.637599684451477966e-01
 8.880955702220540982e-01
 9.127576552927991749e-01
 9.376854791700813818e-01
 9.626133030180265004e-01
 9.875411268368471385e-01
 2.086901141489964084e-01
 2.260747677653448806e-01
 2.434594214272000900e-01
 2.608440751347714803e-01
 2.783644479343301281e-01
 2.960204071429275996e-01
 3.136763666172567855e-01
 3.313323263585383760e-01
 3.490988706457254231e-01
 3.669776015703105632e-01
 3.848563332545885118e-01
 4.027350657035851378e-01
 4.206905626139519905e-01
 4.387286444069024016e-01
 4.567667273464985911e-01
 4.748048114469489156e-01
 4.929595319371349316e-01
 5.112446486767719955e-01
 5.295297645176065826e-01
 5.478148794376844766e-01
 5.664123415787021276e-01
 5.853450821824119910e-01
 6.042778141035043404e-01
 6.232105369591065536e-01
 6.428097088018878136e-01
 6.631002599493120986e-01
 6.833907874144441452e-01
 7.036812896325372879e-01
 7.249755633916027397e-01
 7.472787556990611035e-01
 7.695819163550545738e-01
 7.918850431325802353e-01
 8.151705410014257192e-01
 8.393985527382781253e-01
 8.636265580633355476e-01
 8.878545567354546586e-01
 9.124996951305945903e-01
 9.375012219111427125e-01
 9.625027486625286066e-01
 9.875042753849770927e-01
 2.087209757677483402e-01
 2.261741230660825330e-01
 2.436272704084453400e-01
 2.610804177953534588e-01
 2.787070277995962186e-01
 2.965114980134344602e-01
 3.143159690925959593e-01
 3.321204410513468597e-01
 3.500659834635121426e-01
 3.681511390317612764e-01
 3.862362965954967420e-01
 4.043214561858312628e-01
 4.224881579049434843e-01
 4.407318370998287715e-01
 4.589755180545730395e-01
 4.772192007889520249e-01
 4.955468737308945659e-01
 5.139590477533998447e-01
 5.323712227506507411e-01
 5.507833987328353276e-01
 5.694351283484749837e-01
 5.883392238150118025e-01
 6.072433187298466040e-01
 6.261474130825013251e-01
 6.456251409963633670e-01
 6.657032416581544210e-01
 6.857813375887529261e-01
 7.058594286068775592e-01
 7.268806852572273769e-01
 7.488750103169845573e-01
 7.708693220749675001e-01
 7.928636197202306723e-01
 8.158678435193833511e-01
 8.398811122466013357e-01
 8.638943644715373349e-01
 8.879075992013023555e-01
 9.124529336312432459e-01
 9.374641679328905575e-01
 9.624754020972176027e-01
 9.874866361226894984e-01
 2.087586908311573064e-01
 2.262872682560279625e-01
 2.438158457245453992e-01
 2.613444232372190146e-01
 2.790884736749753570e-01
 2.970523970491880106e-01
 3.150163212730140438e-01
 3.329802463603334650e-01
 3.511148870981341541e-01
 3.694187972172363610e-01
 3.877227092823275489e-01
 4.060266233233752464e-01
 4.244174491315637621e-01
 4.428906285818202115e-01
 4.613638097462439691e-01
 4.798369926438480482e-01
 4.983680615497825261e-01
 5.169574970543856507e-01
 5.355469335136459064e-01
 5.541363709374244051e-01
 5.728971825713681243e-01
 5.918421118338333953e-01
 6.107870405488757815e-01
 6.297319687061362359e-01
 6.491445497342981374e-01
 6.690514739594968230e-01
 6.889583934018960187e-01
 7.088653078770281724e-01
 7.296238560080392510e-01
 7.512639131123646230e-01
 7.729039565641707688e-01
 7.945439855188487499e-01
 8.172102907271269201e-01
 8.409019919809478383e-01
 8.645936763235326783e-01
 8.882853427238687205e-01
 9.126427692692831162e-01
 9.375997648179448252e-01
 9.625567602286946300e-01
 9.875137555000044198e-01
 2.087964058946712720e-01
 2.264004134462882234e-01
 2.440044210411780046e-01
 2.616084286798411873e-01
 2.794699195801387259e-01
 2.975932961278648925e-01
 3.157166735099166122e-01
 3.338400517398001366e-01
 3.521637909987915260e-01
 3.706864557291567053e-01
 3.892091223578346693e-01
 4.077317909136959906e-01
 4.263467409784724715e-01
 4.450494207655598666e-01
 4.637521022228762724e-01
 4.824547853687193300e-01
 5.011892497914992584e-01
 5.199559468094007153e-01
 5.387226447624815506e-01
 5.574893436602953445e-01
 5.763592367421145335e-01
 5.953449997989116449e-01
 6.143307623125018324e-01
 6.333165242726577215e-01
 6.526639588939633363e-01
 6.723997066773355069e-01
 6.921354496254902289e-01
 7.118711875506683606e-01
 7.323670279272265216e-01
 7.536528169869031180e-01
 7.749385920293599961e-01
 7.962243521744076791e-01
 8.185527385242438170e-01
 8.419228721902811685e-01
 8.652929885207011340e-01
 8.886630864444988731e-01
 9.128326049079213966e-01
 9.377353617034352995e-01
 9.626381183604398872e-01
 9.875408748774067158e-01
 2.088341209582876001e-01
 2.265135586368624832e-01
 2.441929963583385765e-01
 2.618724341232084862e-01
 2.798513655142977341e-01
 2.981341952483203550e-01
 3.164170258017899307e-01
 3.346998571878528894e-01
 3.532126951559523276e-01
 3.719541145557619388e-01
 3.906955358079391427e-01
 4.094369589403187848e-01
 4.282760334224346432e-01
 4.472082136246643413e-01
 4.661403954548588580e-01
 4.850725789306103430e-01
 5.040104384435465379e-01
 5.229543970049838064e-01
 5.418983564826912458e-01
 5.608423168859707486e-01
 5.798212908612275784e-01
 5.988478877107644704e-01
 6.178744840212849754e-01
 6.369010797826410997e-01
 6.561833684835706171e-01
 6.757479398198794618e-01
 6.953125062677217860e-01
 7.148770676359843534e-01
 7.351102010649340768e-01
 7.560417219878572404e-01
 7.769732285141432993e-01
 7.979047197260477065e-01
 8.198951869333792608e-01
 8.429437528931814638e-01
 8.659923010768906249e-01
 8.890408303712757920e-01
 9.130224405471645266e-01
 9.378709585893613143e-01
 9.627194764924591475e-01
 9.875679942548951651e-01
 2.088875987308325965e-01
 2.266851433368181901e-01
 2.444826885161115737e-01
 2.622802342820217403e-01
 2.804096046053830005e-01
 2.988780000650304025e-01
 3.173463968391578849e-01
 3.358147949682563915e-01
 3.545247270241641546e-01
 3.734690199565035562e-01
 3.924133141739272745e-01
 4.113576097067229709e-01
 4.304019397442682693e-01
 4.495345508402815438e-01
 4.686671628787084098e-01
 4.877997758709090581e-01
 5.069291821434027678e-01
 5.260453621907593691e-01
 5.451615424316686997e-01
 5.642777228665830647e-01
 5.833935198529289767e-01
 6.025070873572541119e-01
 6.216206548354094030e-01
 6.407342222873931847e-01
 6.600254985492794990e-01
 6.795083992380962501e-01
 6.989912998589660198e-01
 7.184742004113215952e-01
 7.385163923930575525e-01
 7.591523454697373108e-01
 7.797882975347752987e-01
 8.004242485544910135e-01
 8.220441785534799983e-01
 8.446925933125182251e-01
 8.673409995753535995e-01
 8.899893967715932774e-01
 9.136537006593589139e-01
 9.383138433414177637e-01
 9.629739775979820893e-01
 9.876341029920497894e-01
 2.089679586754993879e-01
 2.269262231632435400e-01
 2.448844882139076251e-01
 2.628427538404386477e-01
 2.811583340571517931e-01
 2.998384309918249446e-01
 3.185185292093605236e-01
 3.371986287487929723e-01
 3.561080087105608083e-01
 3.752394977281265365e-01
 3.943709880030424331e-01
 4.135024795646325968e-01
 4.327261917956275461e-01
 4.520303781383920860e-01
 4.713345654054644784e-01
 4.906387536078776201e-01
 5.099375480389569670e-01
 5.292209303763701911e-01
 5.485043129039156584e-01
 5.677876956220466731e-01
 5.870535369264279213e-01
 6.062999726557016800e-01
 6.255464083591635305e-01
 6.447928440368217995e-01
 6.641543121336360711e-01
 6.836446906868525186e-01
 7.031350691723226021e-01
 7.226254475894301477e-01
 7.425526493289417163e-01
 7.629511307938153797e-01
 7.833496112295601499e-01
 8.037480906016637450e-01
 8.250096918852770633e-01
 8.471788824735022594e-01
 8.693480642576584261e-01
 8.915172366348718125e-01
 9.147808996055147857e-01
 9.391189857191547530e-01
 9.634570631971201005e-01
 9.877951315856172698e-01
 2.090483186231180124e-01
 2.271673029987293091e-01
 2.452862879271495433e-01
 2.634052734209775815e-01
 2.819070635683888493e-01
 3.007988619972030153e-01
 3.196906616783825039e-01
 3.385824626495845813e-01
 3.576912905363813788e-01
 3.770099756592600326e-01
 3.963286620126484916e-01
 4.156473496249448174e-01
 4.350504441087223451e-01
 4.545262057209074613e-01
 4.740019682397977330e-01
 4.934777316761362331e-01
 5.129459142725625309e-01
 5.323964989196476871e-01
 5.518470837535391915e-01
 5.712976687746775806e-01
 5.907135541976975546e-01
 6.100928581590007171e-01
 6.294721620948355856e-01
 6.488514660052177030e-01
 6.682831257130749103e-01
 6.877809821306509752e-01
 7.072788384806414363e-01
 7.267766947624654250e-01
 7.465889064376930451e-01
 7.667499162859676698e-01
 7.869109250872304839e-01
 8.070719328060069753e-01
 8.279752061862029056e-01
 8.496651725013705247e-01
 8.713551296876983487e-01
 8.930450771072306893e-01
 9.159080988364434184e-01
 9.399241283108038525e-01
 9.639401489313405014e-01
 9.879561602266263565e-01
 2.091286785736111431e-01
 2.274083828430305265e-01
 2.456880876554199400e-01
 2.639677930230425185e-01
 2.826557931370494159e-01
 3.017592930784331884e-01
 3.208627942427608182e-01
 3.399662966663758445e-01
 3.592745724973547272e-01
 3.787804537449916409e-01
 3.982863361971445970e-01
 4.177922198813225352e-01
 4.373746966763366051e-01
 4.570220335799457523e-01
 4.766693713731723347e-01
 4.963167100664409026e-01
 5.159542808354639076e-01
 5.355720678113135014e-01
 5.551898549707352526e-01
 5.748076423141565972e-01
 5.943735716627233101e-01
 6.138857438629852226e-01
 6.333979160381140172e-01
 6.529100881881393370e-01
 6.724119392876085621e-01
 6.919172735694838483e-01
 7.114226077839562734e-01
 7.309279419304375303e-01
 7.506251637243320785e-01
 7.705487019511575442e-01
 7.904722391126245418e-01
 8.103957751722453695e-01
 8.309407215129133162e-01
 8.521514634480010786e-01
 8.733621959112030098e-01
 8.945729182268115087e-01
 9.170352983630480903e-01
 9.407292711247011718e-01
 9.644232348060115534e-01
 9.881171889169909628e-01
 2.092553861182707975e-01
 2.278206946489002849e-01
 2.463860136504168463e-01
 2.649513437127989923e-01
 2.838994678007591976e-01
 3.032076305328058052e-01
 3.225157939911111882e-01
 3.418239581984512387e-01
 3.613087273390789278e-01
 3.809581994667183280e-01
 4.006076715592115089e-01
 4.202571436159246998e-01
 4.399691372233038300e-01
 4.597355279774756887e-01
 4.795019187738230881e-01
 4.992683096127755182e-01
 5.190250182052330574e-01
 5.387636513821700834e-01
 5.585022845989143780e-01
 5.782409178555684148e-01
 5.979303698020035363e-01
 6.175616222580431192e-01
 6.371928745867538879e-01
 6.568241267887922064e-01
 6.764276238460159574e-01
 6.959981080448711666e-01
 7.155685920212775386e-01
 7.351390757773823559e-01
 7.548341049435078887e-01
 7.746633555169847307e-01
 7.944926060775431287e-01
 8.143218566252051760e-01
 8.346391569514279851e-01
 8.554890831235204551e-01
 8.763390094447405243e-01
 8.971889359194379354e-01
 9.190995094224142514e-01
 9.421905174115123849e-01
 9.652814816955906929e-01
 9.883723967931421495e-01
 2.094603795995590434e-01
 2.284356747662634191e-01
 2.474109799384889841e-01
 2.663862956670300375e-01
 2.856382755698804177e-01
 3.051441156982191427e-01
 3.246499565360010386e-01
 3.441557981052264514e-01
 3.637894859254428570e-01
 3.835391080665760399e-01
 4.032887301730124774e-01
 4.230383522441066857e-01
 4.428337931721714194e-01
 4.626669311952396613e-01
 4.825000692601375540e-01
 5.023332073672893694e-01
 5.221606283458172237e-01
 5.419739445486897456e-01
 5.617872607910598948e-01
 5.816005770730269253e-01
 6.013800517108065513e-01
 6.211166710089418563e-01
 6.408532901809874671e-01
 6.605899092275872020e-01
 6.803074542824002480e-01
 7.000006670760161587e-01
 7.196938796495269131e-01
 7.393870920050368278e-01
 7.591678852124293941e-01
 7.790459233261813887e-01
 7.989239614270438050e-01
 8.188019995150799257e-01
 8.390222766452234415e-01
 8.596293690448504332e-01
 8.802364615962526839e-01
 9.008435543039092774e-01
 9.221911345819180372e-01
 9.443988252506693160e-01
 9.666064692032338979e-01
 9.888140603524639971e-01
 2.096653732093806399e-01
 2.290506552900711812e-01
 2.484359469412656118e-01
 2.678212486779668056e-01
 2.873770834065014768e-01
 3.070806009411119475e-01
 3.267841191689301317e-01
 3.464876381112064196e-01
 3.662702445076309044e-01
 3.861200166620171736e-01
 4.059697887821320794e-01
 4.258195608673494559e-01
 4.456984491279773475e-01
 4.655983344201706231e-01
 4.854982197538552646e-01
 5.053981051294490490e-01
 5.252962385160059311e-01
 5.451842377456014299e-01
 5.650722370143885787e-01
 5.849602363224362112e-01
 6.048297336846134575e-01
 6.246717198264832849e-01
 6.445137058434889932e-01
 6.643556917362607450e-01
 6.841872847956688153e-01
 7.040032261857246398e-01
 7.238191673579833507e-01
 7.436351083144934204e-01
 7.635016654882401665e-01
 7.834284911423109454e-01
 8.033553167835442155e-01
 8.232821424120178033e-01
 8.434053963068904869e-01
 8.637696549349214159e-01
 8.841339137174740737e-01
 9.044981726591413418e-01
 9.252827649190742410e-01
 9.466071372498936487e-01
 9.679314595320794856e-01
 9.892557249802482744e-01
 2.098703669396817517e-01
 2.296656361944276192e-01
 2.494609146124236176e-01
 2.692562026759172666e-01
 2.891158913084386772e-01
 3.090170862589537437e-01
 3.289182818869881841e-01
 3.488194782130847327e-01
 3.687510030857146237e-01
 3.887009252531094528e-01
 4.086508473866538593e-01
 4.286007694857357220e-01
 4.485631050906334627e-01
 4.685297376521850299e-01
 4.884963702548912323e-01
 5.084630028991609096e-01
 5.284318487154616717e-01
 5.483945309725529738e-01
 5.683572132685178468e-01
 5.883198956034468852e-01
 6.082794157224480358e-01
 6.282267687096760866e-01
 6.481741215732395034e-01
 6.681214743137606771e-01
 6.880671153845576704e-01
 7.080057853727085293e-01
 7.279444551453233547e-01
 7.478831247044226416e-01
 7.678354457709015701e-01
 7.878110589653408713e-01
 8.077866721470061684e-01
 8.277622853159622984e-01
 8.477885159354406897e-01
 8.679099407928115850e-01
 8.880313658075021932e-01
 9.081527909842478374e-01
 9.283744010081459441e-01
 9.488154538904098878e-01
 9.692564530231497777e-01
 9.896973908117404628e-01
 </DataArray>
 <DataArray Name="pos.y" type="Float32" NumberOfComponents="1" format="ascii">
 1.580470779082487204e-02
 2.259474771572101554e-02
 2.938480191617994300e-02
 3.617487180552923093e-02
 4.316054936646191581e-02
 5.023288078199079909e-02
 5.730521236267976243e-02
 6.437754411617466199e-02
 7.155336291593020204e-02
 7.878060016138982435e-02
 8.600783741111341085e-02
 9.323507466515053299e-02
 1.005098180146652559e-01
 1.078084088901583443e-01
 1.151069997665769840e-01
 1.224055906439133062e-01
 1.297215955572379176e-01
 1.370452324919160525e-01
 1.443688694121122162e-01
 1.516925063179649924e-01
 1.590137926036184202e-01
 1.663313498346065955e-01
 1.736489070257013767e-01
 1.809664641771634996e-01
 1.882676129338880511e-01
 1.955560292889161889e-01
 2.028444456600535795e-01
 2.101328620473390252e-01
 2.173993236134017792e-01
 2.246471329320574029e-01
 2.318949422481119960e-01
 2.391427515615315302e-01
 2.463700181102970455e-01
 2.535723044464670561e-01
 2.607745901194484239e-01
 2.679768751064797172e-01
 2.751464301184749495e-01
 2.822636824679781720e-01
 2.893809282026698071e-01
 2.964981667904156293e-01
 4.031421288319140400e-02
 4.612486829356515772e-02
 5.193553738230909100e-02
 5.774622155915759558e-02
 6.403589128633570271e-02
 7.069387450539615925e-02
 7.735185788729198597e-02
 8.400984143968157070e-02
 9.092623799958118869e-02
 9.804894864736314608e-02
 1.051716592993987287e-01
 1.122943699557375635e-01
 1.195359434625883344e-01
 1.268727167058354699e-01
 1.342094899500070326e-01
 1.415462631951000805e-01
 1.489254871196082908e-01
 1.563373933466368215e-01
 1.637492995591755818e-01
 1.711612057573559109e-01
 1.785646569441864950e-01
 1.859583106736590885e-01
 1.933519643633506979e-01
 2.007456180135253065e-01
 2.080937133006629247e-01
 2.153999396375170516e-01
 2.227061659903106228e-01
 2.300123923590807196e-01
 2.372561000986362634e-01
 2.444405285734855549e-01
 2.516249570457961826e-01
 2.588093855155328415e-01
 2.659278546153829303e-01
 2.729757733635880257e-01
 2.800236914794712040e-01
 2.870716089415263905e-01
 2.940020978337358204e-01
 3.007951187509620983e-01
 3.075881337313500774e-01
 3.143811423075055789e-01
 6.482365531772188438e-02
 6.965492272166522170e-02
 7.448620291594862386e-02
 7.931749727515068071e-02
 8.491123270816557100e-02
 9.115486771803700539e-02
 9.739850288794513200e-02
 1.036421382255396373e-01
 1.102991130714657819e-01
 1.173172971214958005e-01
 1.243354811757674538e-01
 1.313536652343324507e-01
 1.385620689083915114e-01
 1.459370245193968851e-01
 1.533119801313283237e-01
 1.606869357441832180e-01
 1.681293787264060424e-01
 1.756295542455738046e-01
 1.831297297502345600e-01
 1.906299052405306671e-01
 1.981155214958223165e-01
 2.055852717231909377e-01
 2.130550219108981458e-01
 2.205247720592056204e-01
 2.279198139334053519e-01
 2.352438502528886866e-01
 2.425678865881467638e-01
 2.498919229392108365e-01
 2.571128765770183677e-01
 2.642339242079801420e-01
 2.713549718364687280e-01
 2.784760194624378848e-01
 2.854856897997405385e-01
 2.923792409263164527e-01
 2.992727914501646103e-01
 3.061663413509569387e-01
 3.128577530999788747e-01
 3.193265418605617523e-01
 3.257953252983514236e-01
 3.322641030030659137e-01
 8.933302754514894917e-02
 9.318490275253876742e-02
 9.703678948345793864e-02
 1.008886890316620516e-01
 1.057865736083958841e-01
 1.116158603953765621e-01
 1.174451473390675654e-01
 1.232744344470844827e-01
 1.296719881314426503e-01
 1.365856455836427785e-01
 1.434993030400741332e-01
 1.504129605007863968e-01
 1.575881943520827111e-01
 1.650013323308525681e-01
 1.724144703105495169e-01
 1.798276082911694773e-01
 1.873332703771437568e-01
 1.949217151882363663e-01
 2.025101599848110612e-01
 2.100986047670101164e-01
 2.176663862557419171e-01
 2.252122329804399914e-01
 2.327580796655968343e-01
 2.403039263114692681e-01
 2.477459148286678403e-01
 2.550877611315744975e-01
 2.624296074500873099e-01
 2.697714537842422766e-01
 2.769696530486538411e-01
 2.840273198356509932e-01
 2.910849866202291358e-01
 2.981426534023517982e-01
 3.050435236966101415e-01
 3.117827071691229857e-01
 3.185218900672728282e-01
 3.252610723718560859e-01
 3.317133966282297397e-01
 3.378579525671985828e-01
 3.440025037402514307e-01
 3.501470497875345256e-01
 1.140842517613269574e-01
 1.173111270763133873e-01
 1.205380028054240521e-01
 1.237648789604141042e-01
 1.280322769489520562e-01
 1.333844785431068103e-01
 1.387366828628285309e-01
 1.440888900624919811e-01
 1.501039571269862094e-01
 1.567516070462523226e-01
 1.633992570374876163e-01
 1.700469071041131319e-01
 1.770523261950132377e-01
 1.843762975926865333e-01
 1.917002687100474723e-01
 1.990242395398376940e-01
 2.065040332771344855e-01
 2.141102724920490308e-01
 2.217165116788397949e-01
 2.293227508372551460e-01
 2.369356034760390639e-01
 2.445364445331497660e-01
 2.521372855968195270e-01
 2.597381266670517608e-01
 2.672279192603438380e-01
 2.745978859476607137e-01
 2.819678527228339782e-01
 2.893378195861511237e-01
 2.965269728223808299e-01
 3.035351995083334087e-01
 3.105434266115230657e-01
 3.175516541387860547e-01
 3.243474854466234514e-01
 3.309345031911072321e-01
 3.375215206951717173e-01
 3.441085379501551689e-01
 3.503411469075902729e-01
 3.562238315427160296e-01
 3.621065147867482681e-01
 3.679891965785631602e-01
 1.389489021456530582e-01
 1.419054186274193441e-01
 1.448619355038108236e-01
 1.478184527861819975e-01
 1.516805407705954511e-01
 1.564927783680654660e-01
 1.613050185879929543e-01
 1.661172615824369481e-01
 1.716489351556088061e-01
 1.778690929739986659e-01
 1.840892508629624336e-01
 1.903094088259081607e-01
 1.969928924329716891e-01
 2.041003806992331693e-01
 2.112078686879226841e-01
 2.183153563918028284e-01
 2.256605427024980515e-01
 2.332141161024401110e-01
 2.407676894744606444e-01
 2.483212628183192328e-01
 2.559246703612373941e-01
 2.635593902033792624e-01
 2.711941100520125492e-01
 2.788288299071401410e-01
 2.863546866747246344e-01
 2.937630269452018994e-01
 3.011713673018772131e-01
 3.085797077450370129e-01
 3.157702588708399261e-01
 3.227429081401902988e-01
 3.297155578127277664e-01
 3.366882078950138579e-01
 3.433913887091697981e-01
 3.498284122584276457e-01
 3.562654355802827855e-01
 3.627024586666221517e-01
 3.687603884749569572e-01
 3.744434773063638477e-01
 3.801265648339342551e-01
 3.858096510009620395e-01
 1.638135480101544639e-01
 1.664997055804492698e-01
 1.691858635238400743e-01
 1.718720218512063413e-01
 1.753287896191561834e-01
 1.796010627294269690e-01
 1.838733383350849016e-01
 1.881456165843412021e-01
 1.931939129488031703e-01
 1.989865786600159281e-01
 2.047792444401546619e-01
 2.105719102926074948e-01
 2.169334592706894660e-01
 2.238244644143640438e-01
 2.307154692833973397e-01
 2.376064738705777335e-01
 2.448170521243755171e-01
 2.523179597093259674e-01
 2.598188672665566190e-01
 2.673197747958351300e-01
 2.749137376307559943e-01
 2.825823362588558152e-01
 2.902509348933796640e-01
 2.979195335343312045e-01
 3.054814557049680968e-01
 3.129281695672048169e-01
 3.203748835140384776e-01
 3.278215975457350329e-01
 3.350135468938790217e-01
 3.419506187748480031e-01
 3.488876910455339653e-01
 3.558247637122157192e-01
 3.624352913673661858e-01
 3.687223207050054352e-01
 3.750093498275943737e-01
 3.812963787275431282e-01
 3.871796271560054570e-01
 3.926631200926232745e-01
 3.981466118083138439e-01
 4.036301022505338620e-01
 1.886781891730744121e-01
 1.910939877487165817e-01
 1.935097866737119365e-01
 1.959255859583874659e-01
 1.989770224398447473e-01
 2.027093305166066950e-01
 2.064416409337520297e-01
 2.101739538337467350e-01
 2.147388904952702016e-01
 2.201040640925111813e-01
 2.254692377567567019e-01
 2.308344114913549461e-01
 2.368740267203731931e-01
 2.435485487505708591e-01
 2.502230705092585716e-01
 2.568975919892548809e-01
 2.639735615427720727e-01
 2.714218033127072660e-01
 2.788700450551303001e-01
 2.863182867698104150e-01
 2.939028052789361967e-01
 3.016052826939077391e-01
 3.093077601152361411e-01
 3.170102375429236785e-01
 3.246082263127875733e-01
 3.320933137751515551e-01
 3.395784013205357943e-01
 3.470634889492196229e-01
 3.542568368356099895e-01
 3.611583313553223262e-01
 3.680598262518282593e-01
 3.749613215311362047e-01
 3.814791934401656759e-01
 3.876162285505385663e-01
 3.937532634575857671e-01
 3.998902981542091783e-01
 4.055988630347506230e-01
 4.108827599893467575e-01
 4.161666558018363715e-01
 4.214505504235649958e-01
 2.136327077703240596e-01
 2.159016231002852948e-01
 2.181705384301911577e-01
 2.204394537600404824e-01
 2.232134400033932431e-01
 2.265448256722999709e-01
 2.298762117087144452e-01
 2.332075981227305639e-01
 2.373251863319754407e-01
 2.422548051288104243e-01
 2.471844249482810507e-01
 2.521140458389596883e-01
 2.577598063799229067e-01
 2.641082921973591513e-01
 2.704567770481836608e-01
 2.768052608841370388e-01
 2.836324808544953280e-01
 2.909070623442959747e-01
 2.981816421786396276e-01
 3.054562202944121063e-01
 3.129353946243360052e-01
 3.205874995015580708e-01
 3.282396038323938114e-01
 3.358917076041728067e-01
 3.434750117752858323e-01
 3.509656490183318267e-01
 3.584562864788594649e-01
 3.659469241598753420e-01
 3.731367490855511670e-01
 3.800149866280777555e-01
 3.868932247362137922e-01
 3.937714634181297968e-01
 4.002209652667040873e-01
 4.062463004309456172e-01
 4.122716360217049680e-01
 4.182969720487099141e-01
 4.238663026583228688e-01
 4.289930843748714917e-01
 4.341198658983424497e-01
 4.392466472239388020e-01
 2.386210215714167915e-01
 2.408665637948242955e-01
 2.431121060181767324e-01
 2.453576482414730198e-01
 2.479888924113253512e-01
 2.510584689222981614e-01
 2.541280457848432706e-01
 2.571976230087386073e-01
 2.609624645217429872e-01
 2.654484023500165435e-01
 2.699343411603926657e-01
 2.744202810003931181e-01
 2.796266863848422823e-01
 2.855396123779683770e-01
 2.914525374312207928e-01
 2.973654614969740706e-01
 3.038277114663463507e-01
 3.108077622562797071e-01
 3.177878114259620190e-01
 3.247678589132083626e-01
 3.320324064842686274e-01
 3.395499902269298875e-01
 3.470675734348676600e-01
 3.545851560957006821e-01
 3.620874280513277088e-01
 3.695508193575366418e-01
 3.770142108755225041e-01
 3.844776026081804798e-01
 3.916482159784729911e-01
 3.985154679148052992e-01
 4.053827203972364956e-01
 4.122499734335599575e-01
 4.186573189994368671e-01
 4.246091737611168426e-01
 4.305610289309759753e-01
 4.365128845182107420e-01
 4.419882591678639949e-01
 4.470003511526784434e-01
 4.520124429521941156e-01
 4.570245345618403898e-01
 2.636093353730512012e-01
 2.658315044899051127e-01
 2.680536736067038461e-01
 2.702758427234479566e-01
 2.727643410018453785e-01
 2.755721082911057329e-01
 2.783798759144051616e-01
 2.811876438811609646e-01
 2.845997369838616509e-01
 2.886419936834375699e-01
 2.926842513178811722e-01
 2.967265099332941913e-01
 3.014935693162365538e-01
 3.069709355696815800e-01
 3.124483009136357903e-01
 3.179256653013167178e-01
 3.240229444789919366e-01
 3.307084646236833625e-01
 3.373939831852051929e-01
 3.440795001023774780e-01
 3.511294181207645915e-01
 3.585124807253490253e-01
 3.658955428067841020e-01
 3.732786043529695563e-01
 3.806998452046876924e-01
 3.881359905847276415e-01
 3.955721361710179407e-01
 4.030082819663638460e-01
 4.101596862898477802e-01
 4.170159526665434546e-01
 4.238722195706832729e-01
 4.307284870097229379e-01
 4.370936744865887569e-01
 4.429720488778354226e-01
 4.488504236597773422e-01
 4.547287988411290449e-01
 4.601102151794208561e-01
 4.650076174235484028e-01
 4.699050194899320743e-01
 4.748024213741930954e-01
 2.885976491752269002e-01
 2.907964451855291066e-01
 2.929952411957762459e-01
 2.951940372059681517e-01
 2.975397856284777709e-01
 3.000857436284137258e-01
 3.026317019431268296e-01
 3.051776605815985088e-01
 3.082370034004923154e-01
 3.118355787970488735e-01
 3.154341550736871613e-01
 3.190327322746568939e-01
 3.233604553025166140e-01
 3.284022619068447391e-01
 3.334440676360840294e-01
 3.384858724445274358e-01
 3.442181799402259657e-01
 3.506091694960171701e-01
 3.570001575076636735e-01
 3.633911439150770417e-01
 3.702264295346806011e-01
 3.774749709976750744e-01
 3.847235119490202693e-01
 3.919720523768902565e-01
 3.993122632156934082e-01
 4.067211626799094315e-01
 4.141300623450199225e-01
 4.215389622137399317e-01
 4.286711599087502655e-01
 4.355164407703210339e-01
 4.423617221415172551e-01
 4.492070040294480204e-01
 4.555300316743824962e-01
 4.613349257259473646e-01
 4.671398201515356008e-01
 4.729447149593908883e-01
 4.782321707019991930e-01
 4.830148831967401302e-01
 4.877975955210386294e-01
 4.925803076707400696e-01
 3.136158708729167577e-01
 3.158310086537290950e-01
 3.180461464269199734e-01
 3.202612841925295828e-01
 3.225461590351473840e-01
 3.249270949135023567e-01
 3.273080307898457719e-01
 3.296889666641574790e-01
 3.324836233642501915e-01
 3.357289965248292929e-01
 3.389743697663262778e-01
 3.422197430910516314e-01
 3.461360654377602653e-01
 3.507442931319456059e-01
 3.553525203278465328e-01
 3.599607470012046173e-01
 3.652728317850437723e-01
 3.712814907083868410e-01
 3.772901457735095554e-01
 3.832987967568372567e-01
 3.898163239580233475e-01
 3.968159298420195769e-01
 4.038155306989035243e-01
 4.108151262677399163e-01
 4.179807809043963318e-01
 4.252806653393036984e-01
 4.325805480526234148e-01
 4.398804289833968539e-01
 4.469500652288488918e-01
 4.537652562649559518e-01
 4.605804475910348361e-01
 4.673956392124615222e-01
 4.736887878669203689e-01
 4.794543790582223020e-01
 4.852199705168859234e-01
 4.909855622456569257e-01
 4.962156468345267912e-01
 5.009233389658271918e-01
 5.056310311368873434e-01
 5.103387233481150309e-01
 3.386438744693408553e-01
 3.409150648474967849e-01
 3.431862552179255066e-01
 3.454574455806694311e-01
 3.477362724926014725e-01
 3.500490063617006098e-01
 3.523617402288358735e-01
 3.546744740939813956e-01
 3.573036524637308031e-01
 3.602863448175836480e-01
 3.632690372481191532e-01
 3.662517297575560438e-01
 3.698210171718804284e-01
 3.739976292176026007e-01
 3.781742407916929838e-01
 3.823508518708571002e-01
 3.872123913222659253e-01
 3.927510102532381642e-01
 3.982896254990674900e-01
 4.038282368435700542e-01
 4.099292135368046708e-01
 4.165657050840331777e-01
 4.232021917971554026e-01
 4.298386734240429718e-01
 4.367272191478889232e-01
 4.438365138426230150e-01
 4.509458068767103756e-01
 4.580550981915532671e-01
 4.650046161622574670e-01
 4.717706738104866515e-01
 4.785367317390641362e-01
 4.853027899531186518e-01
 4.915687392329864958e-01
 4.973291763102086760e-01
 5.030896136469471536e-01
 5.088500512458623559e-01
 5.140599672391731323e-01
 5.187322756430433612e-01
 5.234045840857823872e-01
 5.280768925677647996e-01
 3.636718782374324110e-01
 3.659991212123402948e-01
 3.683263641794217724e-01
 3.706536071387162568e-01
 3.729263859676250625e-01
 3.751709178275596246e-01
 3.774154496855696150e-01
 3.796599815416406565e-01
 3.821236808884969638e-01
 3.848436924236596224e-01
 3.875637040309515280e-01
 3.902837157124841583e-01
 3.935059712337037330e-01
 3.972509676996417438e-01
 4.009959637236703567e-01
 4.047409592836219150e-01
 4.091519596006973347e-01
 4.142205388441276837e-01
 4.192891145915931816e-01
 4.243576866354460964e-01
 4.300421070265657564e-01
 4.363154843632595647e-01
 4.425888570650566844e-01
 4.488622248890387079e-01
 4.554736562173274383e-01
 4.623923611432962377e-01
 4.693110644685108968e-01
 4.762297661366480805e-01
 4.830591681675030502e-01
 4.897760924444287678e-01
 4.964930169924346437e-01
 5.032099418164409643e-01
 5.094486928622359301e-01
 5.152039758476790743e-01
 5.209592590851108707e-01
 5.267145425770782818e-01
 5.319042878693870380e-01
 5.365412125476359817e-01
 5.411781372638660992e-01
 5.458150620184665236e-01
 3.886998821752477018e-01
 3.910831777463301684e-01
 3.934664733094855871e-01
 3.958497688647570900e-01
 3.981164994603376694e-01
 4.002928293111830405e-01
 4.024691591601577967e-01
 4.046454890072430088e-01
 4.069437086175135554e-01
 4.094010393214451704e-01
 4.118583700926152225e-01
 4.143157009330054596e-01
 4.171909277262185745e-01
 4.205043086858377133e-01
 4.238176892366234405e-01
 4.271310693577525242e-01
 4.310915369345019732e-01
 4.356900768124531420e-01
 4.402886134009951768e-01
 4.448871465022535276e-01
 4.501550044822467123e-01
 4.560652677373702724e-01
 4.619755265631952934e-01
 4.678857807264220625e-01
 4.742200921237570421e-01
 4.809482072527632712e-01
 4.876763208398570693e-01
 4.944044328309782355e-01
 5.011137212169035626e-01
 5.077815121385039765e-01
 5.144493033222659051e-01
 5.211170947729159009e-01
 5.273286486911274995e-01
 5.330787776062683170e-01
 5.388289067661578002e-01
 5.445790361732196772e-01
 5.497486087217574591e-01
 5.543501496761521485e-01
 5.589516906676794683e-01
 5.635532316966940236e-01
 4.137318884205617997e-01
 4.161742877198408297e-01
 4.186166870026792330e-01
 4.210590862691738212e-01
 4.233540650857983145e-01
 4.255051197622945480e-01
 4.276561744366400020e-01
 4.298072291088338437e-01
 4.320081314763337677e-01
 4.342799233088756039e-01
 4.365517151120078543e-01
 4.388235068853664766e-01
 4.414206614699313080e-01
 4.443729633269006829e-01
 4.473252647652984915e-01
 4.502775657709275903e-01
 4.538104102763185765e-01
 4.579440368422105223e-01
 4.620776607855565099e-01
 4.662112819591026636e-01
 4.710153904589382545e-01
 4.764878826181324079e-01
 4.819603669084807085e-01
 4.874328427898736993e-01
 4.933980531412312520e-01
 4.998334821235710379e-01
 5.062689034879719330e-01
 5.127043167730219730e-01
 5.192152346680070085e-01
 5.257707859593429012e-01
 5.323263359420347118e-01
 5.388818845719560713e-01
 5.450448675740446891e-01
 5.507943392644640834e-01
 5.565438110520757320e-01
 5.622932829374895913e-01
 5.674675888206995866e-01
 5.720700523953784478e-01
 5.766725159547514412e-01
 5.812749794988396612e-01
 4.387629217321161734e-01
 4.412674719751886188e-01
 4.437720222016491300e-01
 4.462765724115965171e-01
 4.486114536733764591e-01
 4.507801529170540888e-01
 4.529488521585900984e-01
 4.551175513979799914e-01
 4.572731594634492636e-01
 4.594365680041150868e-01
 4.615999765167617674e-01
 4.637633850010092762e-01
 4.661612012010538098e-01
 4.688229760837879234e-01
 4.714847505813947182e-01
 4.741465246807043954e-01
 4.773044438424005609e-01
 4.809782714852701702e-01
 4.846520967208144959e-01
 4.883259194123472091e-01
 4.926442253257253268e-01
 4.976044045801730764e-01
 5.025645765019001177e-01
 5.075247405827191249e-01
 5.130363727141089569e-01
 5.190772836136959834e-01
 5.251181872915358095e-01
 5.311590833087433960e-01
 5.373846942166399243e-01
 5.437650626575839530e-01
 5.501454298379574448e-01
 5.565257957154053914e-01
 5.626028845398843847e-01
 5.683562232239056655e-01
 5.741095620031051450e-01
 5.798629008780863403e-01
 5.850577810078105845e-01
 5.896974642894462493e-01
 5.943371475558877348e-01
 5.989768308071683478e-01
 4.637939554549924126e-01
 4.663606566404270848e-01
 4.689273578090850658e-01
 4.714940589610659982e-01
 4.738688425729882248e-01
 4.760551863837514941e-01
 4.782415301923749196e-01
 4.804278739988724900e-01
 4.825381874774790081e-01
 4.845932127265119571e-01
 4.866482379488881738e-01
 4.887032631442705943e-01
 4.909017430453480046e-01
 4.932729909996239059e-01
 4.956442386037098746e-01
 4.980154858455559941e-01
 5.007984860576546460e-01
 5.040125150806998855e-01
 5.072265419278295662e-01
 5.104405664740983006e-01
 5.142730727742887975e-01
 5.187209396578615905e-01
 5.231687997794564060e-01
 5.276166526658471190e-01
 5.326746960280802634e-01
 5.383210889880585270e-01
 5.439674751308879452e-01
 5.496138540408158635e-01
 5.555541526743590364e-01
 5.617593382395388302e-01
 5.679645225913279027e-01
 5.741697056890878725e-01
 5.801609024780992607e-01
 5.859181081621490650e-01
 5.916753139394222982e-01
 5.974325198105128187e-01
 6.026479735945803329e-01
 6.073248765831141815e-01
 6.120017795565808605e-01
 6.166786825149895845e-01
 4.888249895831984215e-01
 4.914538417095910550e-01
 4.940826938190527318e-01
 4.967115459116807630e-01
 4.991262317807267368e-01
 5.013302201584730611e-01
 5.035342085340999141e-01
 5.057381969075986916e-01
 5.078032155184560859e-01
 5.097498574760785939e-01
 5.116964994084296503e-01
 5.136431413151757441e-01
 5.156422870460311003e-01
 5.177230081190604682e-01
 5.198037288784045362e-01
 5.218844493131894469e-01
 5.242925372037691156e-01
 5.270467679255009807e-01
 5.298009967200540959e-01
 5.325552234754667991e-01
 5.359019331537552278e-01
 5.398374882233324401e-01
 5.437730371383515671e-01
 5.477085794638303362e-01
 5.523130231195689799e-01
 5.575648982852485780e-01
 5.628167670469002015e-01
 5.680686290126187865e-01
 5.737236100522380422e-01
 5.797536127166494913e-01
 5.857836142139674074e-01
 5.918136145052539376e-01
 5.977189213681526336e-01
 6.034799940584766320e-01
 6.092410668401231355e-01
 6.150021397136772316e-01
 6.202381665748526451e-01
 6.249522892702611410e-01
 6.296664119506842905e-01
 6.343805346161812686e-01
 5.138457040474085913e-01
 5.165186032960020768e-01
 5.191915025398214922e-01
 5.218644017788734990e-01
 5.243200986807693420e-01
 5.265471443468903168e-01
 5.287741900036235787e-01
 5.310012356509922204e-01
 5.330523834715713560e-01
 5.349283161161626499e-01
 5.368042487882732638e-01
 5.386801814880660677e-01
 5.405366781125576781e-01
 5.423918630615891523e-01
 5.442470479390870697e-01
 5.461022327436023671e-01
 5.481942612407878501e-01
 5.505531524212794459e-01
 5.529120426986986470e-01
 5.552709320354841660e-01
 5.581561721214264304e-01
 5.615926304486216214e-01
 5.650290848206290795e-01
 5.684655349855171069e-01
 5.725800652835868476e-01
 5.773759791454748935e-01
 5.821718843412726496e-01
 5.869677802358547192e-01
 5.922599722275231349e-01
 5.980272210125006094e-01
 6.037944647337277759e-01
 6.095617031129295649e-01
 6.153234315214455297e-01
 6.210477654150908799e-01
 6.267720992051188933e-01
 6.324964328898980970e-01
 6.377525647401620645e-01
 6.425257794953115331e-01
 6.472989942140580100e-01
 6.520722088967708663e-01
 5.388586366983175724e-01
 5.415574795359712201e-01
 5.442563223688660079e-01
 5.469551651970155914e-01
 5.494379969492868554e-01
 5.516935002448632996e-01
 5.539490035311406269e-01
 5.562045068081326038e-01
 5.582533613547057127e-01
 5.600962378316960422e-01
 5.619391143351482043e-01
 5.637819908652172973e-01
 5.655418497563390323e-01
 5.672364746751935582e-01
 5.689310995293461737e-01
 5.706257243174692739e-01
 5.724722824438985835e-01
 5.745002690836570336e-01
 5.765282549390648992e-01
 5.785562399773903630e-01
 5.810333291270423084e-01
 5.839838552893020784e-01
 5.869343779653157789e-01
 5.898848969310125367e-01
 5.934978973460486307e-01
 5.977764770756286428e-01
 6.020550488662178568e-01
 6.063336121305217263e-01
 6.111916770151573086e-01
 6.166087857932056604e-01
 6.220258897606188997e-01
 6.274429886519563571e-01
 6.329905536725352055e-01
 6.386376061283879357e-01
 6.442846584828053613e-01
 6.499317107341648914e-01
 6.551896373083407887e-01
 6.600438255488305650e-01
 6.648980137528427425e-01
 6.697522019207613475e-01
 5.638715696891272167e-01
 5.665963561156186490e-01
 5.693211425373704282e-01
 5.720459289543887715e-01
 5.745558966908987930e-01
 5.768398576154142310e-01
 5.791238185306981645e-01
 5.814077794367770169e-01
 5.834543406315476632e-01
 5.852641609467758022e-01
 5.870739812874488095e-01
 5.888838016537067954e-01
 5.905470209491473499e-01
 5.920810858316906122e-01
 5.936151506562165059e-01
 5.951492154215500818e-01
 5.967503059157387435e-01
 5.984473880759162423e-01
 6.001444695729650780e-01
 6.018415503791283427e-01
 6.039104970039483877e-01
 6.063750914397579850e-01
 6.088396828853390730e-01
 6.113042711467066015e-01
 6.144157430710303069e-01
 6.181769892920578879e-01
 6.219382283447918436e-01
 6.256994596939838837e-01
 6.301233852113017342e-01
 6.351903541006009846e-01
 6.402573184385951244e-01
 6.453242779731880319e-01
 6.506576756724075095e-01
 6.562274466887737523e-01
 6.617972176058429801e-01
 6.673669884220323478e-01
 6.726267100775574770e-01
 6.775618718023456166e-01
 6.824970334906098612e-01
 6.874321951427069255e-01
 5.888845030154349347e-01
 5.916352330305433282e-01
 5.943859630409268346e-01
 5.971366930465953349e-01
 5.996737978747961328e-01
 6.019862164277312022e-01
 6.042986349715185890e-01
 6.066110535061874920e-01
 6.086553212728940121e-01
 6.104320854320234302e-01
 6.122088496156131709e-01
 6.139856138237971273e-01
 6.155521916953019534e-01
 6.169256965354628086e-01
 6.182992013241785934e-01
 6.196727060604088066e-01
 6.210283316793380193e-01
 6.223945094220109109e-01
 6.237606866253524451e-01
 6.251268632667038583e-01
 6.267876760378402468e-01
 6.287663392034464893e-01
 6.307449999033782895e-01
 6.327236579761991164e-01
 6.353336028201671537e-01
 6.385775161819321477e-01
 6.418214231922194646e-01
 6.450653233722463131e-01
 6.490550968543504773e-01
 6.537719259751025858e-01
 6.584887508102941212e-01
 6.632055711215957272e-01
 6.683247975221965342e-01
 6.738172870973961892e-01
 6.793097765754021466e-01
 6.848022659546930679e-01
 6.900637830448289600e-01
 6.950799182529328046e-01
 7.000960534244472511e-01
 7.051121885597244621e-01
 6.138817670742454657e-01
 6.166310919510660238e-01
 6.193804168353187478e-01
 6.221297417270360564e-01
 6.246718101210254614e-01
 6.269882687203556237e-01
 6.293047273571183986e-01
 6.316211860315057436e-01
 6.336571493698341939e-01
 6.353991425395518755e-01
 6.371411357911154205e-01
 6.388831291250961497e-01
 6.403766900657683614e-01
 6.416247985463569004e-01
 6.428729071142731399e-01
 6.441210157706188655e-01
 6.452862339362703814e-01
 6.463921486111674497e-01
 6.474980632290626703e-01
 6.486039777885248547e-01
 6.499239688458107178e-01
 6.514942097690625822e-01
 6.530644499935371883e-01
 6.546346894887166146e-01
 6.567806581224527873e-01
 6.595318944251611359e-01
 6.622831278056739990e-01
 6.650343580771199692e-01
 6.685611740926414859e-01
 6.728670343690367206e-01
 6.771728891042840814e-01
 6.814787379215715424e-01
 6.863118078146536183e-01
 6.916446985478892362e-01
 6.969775879249203721e-01
 7.023104758954188398e-01
 7.075373765691852501e-01
 7.126231764740617036e-01
 7.177089763728438099e-01
 7.227947762655779762e-01
 6.388673702756934025e-01
 6.415879448723181833e-01
 6.443085194762160350e-01
 6.470290940874205976e-01
 6.495464909624523164e-01
 6.518425665081959419e-01
 6.541386420901771359e-01
 6.564347177085620988e-01
 6.584421112130776077e-01
 6.601475951809372411e-01
 6.618530792262572460e-01
 6.635585633495596491e-01
 6.649887945119260513e-01
 6.661466416022749915e-01
 6.673044887710547490e-01
 6.684623360192566421e-01
 6.694878767596059710e-01
 6.704041427999243297e-01
 6.713204087937624243e-01
 6.722366747399646236e-01
 6.732966395607475896e-01
 6.745359184877981473e-01
 6.757751968578153967e-01
 6.770144746463833130e-01
 6.787610780872024296e-01
 6.810442027455072544e-01
 6.833273249021993845e-01
 6.856104443955888250e-01
 6.886673016118540769e-01
 6.925013975795926147e-01
 6.963354884515239318e-01
 7.001695738772317767e-01
 7.046454208546107933e-01
 7.097364898893780971e-01
 7.148275576122096187e-01
 7.199186239742015880e-01
 7.250535952953576224e-01
 7.301977600617575170e-01
 7.353419248220570692e-01
 7.404860895762853668e-01
 6.638529736313800722e-01
 6.665447979483433150e-01
 6.692366222724251967e-01
 6.719284466036687942e-01
 6.744211738029831649e-01
 6.766968663028527509e-01
 6.789725588377875098e-01
 6.812482514079497564e-01
 6.832270786419093467e-01
 6.848960534374025633e-01
 6.865650283061981440e-01
 6.882340032487919146e-01
 6.896009031690550906e-01
 6.906684889066311284e-01
 6.917360747142574651e-01
 6.928036605928016289e-01
 6.936895187995572032e-01
 6.944161361924009457e-01
 6.951427535489573817e-01
 6.958693708683406642e-01
 6.966693126425507199e-01
 6.975776296405896693e-01
 6.984859462262398289e-01
 6.993942623813739212e-01
 7.007415094714308790e-01
 7.025565229491224084e-01
 7.043715343746240753e-01
 7.061865436138380359e-01
 7.087734414711165387e-01
 7.121357736505740110e-01
 7.154981012131227391e-01
 7.188604238376203881e-01
 7.229790355535770097e-01
 7.278282829282636257e-01
 7.326775290366356330e-01
 7.375267738312649701e-01
 7.425698140470690101e-01
 7.477723436748953123e-01
 7.529748732966017322e-01
 7.581774029122311243e-01
 6.888385771396680068e-01
 6.915016511774928487e-01
 6.941647252222955533e-01
 6.968277992740967708e-01
 6.992958585957395057e-01
 7.015511680571674402e-01
 7.038064775525388894e-01
 7.060617870820118380e-01
 7.080120514726098158e-01
 7.096445171238507932e-01
 7.112769828444667208e-01
 7.129094486349047965e-01
 7.142130159052874072e-01
 7.151903403258553782e-01
 7.161676648085463226e-01
 7.171449893541315124e-01
 7.178911600683485217e-01
 7.184281288011153954e-01
 7.189650975074789452e-01
 7.195020661868126721e-01
 7.200419881147170909e-01
 7.206193432519446551e-01
 7.211966981243979058e-01
 7.217740527203964085e-01
 7.227219526320750598e-01
 7.240688554152985290e-01
 7.254157566264625157e-01
 7.267626561617144265e-01
 7.288795940703622911e-01
 7.317701630081174802e-01
 7.346607278437368160e-01
 7.375512882885855159e-01
 7.413126519334470865e-01
 7.459200776872363381e-01
 7.505275022216862935e-01
 7.551349254909605069e-01
 7.600860328240892638e-01
 7.653469273132369466e-01
 7.706078217962487598e-01
 7.758687162731842113e-01
 7.138112773925326948e-01
 7.164174962248162082e-01
 7.190237150636717978e-01
 7.216299339091805098e-01
 7.240367434343732977e-01
 7.262252689632552327e-01
 7.284137945984926477e-01
 7.306023203418510192e-01
 7.324842514016416395e-01
 7.340463405597777991e-01
 7.356084298902768603e-01
 7.371705193958245639e-01
 7.383996255015022880e-01
 7.392936384273687267e-01
 7.401876514394689632e-01
 7.410816645387870993e-01
 7.417248643224209070e-01
 7.421286818805120644e-01
 7.425324994599721284e-01
 7.429363170610320255e-01
 7.432950149196860812e-01
 7.436357217671030195e-01
 7.439764286045743580e-01
 7.443171354319154664e-01
 7.449541988280286020e-01
 7.459257919202230136e-01
 7.468973847834717850e-01
 7.478689774090013787e-01
 7.495567796764773805e-01
 7.519912220912355894e-01
 7.544256630336785285e-01
 7.568601024140612088e-01
 7.602167084951862996e-01
 7.644923355849689850e-01
 7.687679597364734940e-01
 7.730435807729129083e-01
 7.778293620191949476e-01
 7.830808075017944292e-01
 7.883322529555583102e-01
 7.935836983801612954e-01
 7.387687906990266784e-01
 7.412900521787240127e-01
 7.438113136646978818e-01
 7.463325751570201172e-01
 7.486402151440816333e-01
 7.507155575826868210e-01
 7.527909001194523775e-01
 7.548662427559725829e-01
 7.566393159226286746e-01
 7.580971571593673186e-01
 7.595549985510892110e-01
 7.610128401001912124e-01
 7.621515935542650944e-01
 7.629692346614261877e-01
 7.637868758444561479e-01
 7.646045171042029631e-01
 7.651713296075124404e-01
 7.654984840110327093e-01
 7.658256384313669729e-01
 7.661527928686651112e-01
 7.664022179064119422e-01
 7.666005788161091017e-01
 7.667989397200798418e-01
 7.669973006182025932e-01
 7.674220694854051450e-01
 7.681111133091381715e-01
 7.688001569673180713e-01
 7.694892004535722752e-01
 7.708155400023333215e-01
 7.728094057293122265e-01
 7.748032701983815773e-01
 7.767971333317286176e-01
 7.797225863429746440e-01
 7.835764964999396565e-01
 7.874304039059738525e-01
 7.912843083933458477e-01
 7.958202592483887283e-01
 8.009944522324501381e-01
 8.061686451879149784e-01
 8.113428381144751622e-01
 7.637263040745017051e-01
 7.661626082021779638e-01
 7.685989123358407671e-01
 7.710352164755591708e-01
 7.732436887749337684e-01
 7.752058481455093020e-01
 7.771680076064140241e-01
 7.791301671591130962e-01
 7.807943865701464370e-01
 7.821479799524841958e-01
 7.835015734735506499e-01
 7.848551671354442316e-01
 7.859035692435684117e-01
 7.866448385915968400e-01
 7.873861080058113249e-01
 7.881273774869641535e-01
 7.886177984067016533e-01
 7.888682896802530209e-01
 7.891187809662980612e-01
 7.893692722649424676e-01
 7.895094205451143043e-01
 7.895654355127472712e-01
 7.896214504787626431e-01
 7.896774654431608642e-01
 7.898899428350844021e-01
 7.902964374577267082e-01
 7.907029319807700185e-01
 7.911094264003605270e-01
 7.920743093827652404e-01
 7.936275987717318348e-01
 7.951808871378199806e-01
 7.967341744167937279e-01
 7.992284727544084477e-01
 8.026606662939378412e-01
 8.060928572875272202e-01
 8.095250455778630894e-01
 8.138111565349457344e-01
 8.189080970208546528e-01
 8.240050374784246845e-01
 8.291019779073256490e-01
 7.886838175180820310e-01
 7.910351642942820005e-01
 7.933865110761972872e-01
 7.957378578638728550e-01
 7.978471642760317506e-01
 7.996961405999508665e-01
 8.015451170067505737e-01
 8.033940934977398252e-01
 8.049494631245780463e-01
 8.061988087160293359e-01
 8.074481544309670689e-01
 8.086975002712372129e-01
 8.096555522833707164e-01
 8.103204499285523443e-01
 8.109853476309105691e-01
 8.116502453910581227e-01
 8.120642706160968727e-01
 8.122380987832004129e-01
 8.124119269586916880e-01
 8.125857551427005943e-01
 8.126166228392031066e-01
 8.125302918604704328e-01
 8.124439608841843574e-01
 8.123576299103759668e-01
 8.123578189295139751e-01
 8.124817644204177514e-01
 8.126057098803693979e-01
 8.127296553081201358e-01
 8.133330882064203626e-01
 8.144458016303547376e-01
 8.155585142889660855e-01
 8.166712261334809764e-01
 8.187343680585078554e-01
 8.217448453149425180e-01
 8.247553202495647717e-01
 8.277657927169501662e-01
 8.318020538792366692e-01
 8.368217418673931096e-01
 8.418414298274558005e-01
 8.468611177591042205e-01
 8.136297900765978586e-01
 8.158545366461253945e-01
 8.180792832873190479e-01
 8.203040300018316078e-01
 8.222623921295479921e-01
 8.239441438241890125e-01
 8.256258956385130743e-01
 8.273076475762375370e-01
 8.287024282202626324e-01
 8.298158457992029780e-01
 8.309292634536703526e-01
 8.320426811854393367e-01
 8.328894749110099527e-01
 8.334738121368622243e-01
 8.340581493915062428e-01
 8.346424866752808480e-01
 8.349971785916355804e-01
 8.351245335772350398e-01
 8.352518885641236901e-01
 8.353792435523029747e-01
 8.353611862656998843e-01
 8.352050630309336698e-01
 8.350489397963886118e-01
 8.348928165620351782e-01
 8.347790281740081753e-01
 8.347296438805992258e-01
 8.346802595873513697e-01
 8.346308752942893650e-01
 8.349717896032206044e-01
 8.357425966879327150e-01
 8.365134037348673779e-01
 8.372842107427344027e-01
 8.389294792238781717e-01
 8.414863902368547866e-01
 8.440433002906476689e-01
 8.466002093208631063e-01
 8.502868340703494399e-01
 8.550820253397936055e-01
 8.598772149708766577e-01
 8.646724028786419991e-01
 8.385456132019228903e-01
 8.406021083995495191e-01
 8.426586036616333653e-01
 8.447150989896721196e-01
 8.464786738810289313e-01
 8.479391616444742485e-01
 8.493996495082296594e-01
 8.508601374753339552e-01
 8.520604752681762983e-01
 8.530062975308694284e-01
 8.539521198557241677e-01
 8.548979422441831399e-01
 8.556185322401492765e-01
 8.561181273445842566e-01
 8.566177224729309980e-01
 8.571173176254964776e-01
 8.574214924204482946e-01
 8.575325642841675755e-01
 8.576436361489815363e-01
 8.577547080149143799e-01
 8.577299473002751862e-01
 8.575765874814533785e-01
 8.574232276628411809e-01
 8.572698678444362619e-01
 8.571255080128964421e-01
 8.570120135469917466e-01
 8.568985190814905062e-01
 8.567850246163773997e-01
 8.569722876227825470e-01
 8.574998317367351630e-01
 8.580273758240541948e-01
 8.585549198838854368e-01
 8.598359447743478823e-01
 8.619073796467470183e-01
 8.639788136965155241e-01
 8.660502468673186849e-01
 8.693083066385349778e-01
 8.737318484726311896e-01
 8.781553887371874589e-01
 8.825789273496690290e-01
 8.634614372425650775e-01
 8.653496810828591457e-01
 8.672379249807665724e-01
 8.691261689375915367e-01
 8.706949575559063126e-01
 8.719341814280134884e-01
 8.731734053822628461e-01
 8.744126294211386208e-01
 8.754185243729745158e-01
 8.761967513519153261e-01
 8.769749783804271503e-01
 8.777532054596574040e-01
 8.783475921288310673e-01
 8.787624451326291330e-01
 8.791772981557238742e-01
 8.795921511983766372e-01
 8.798458087690954610e-01
 8.799405975149530157e-01
 8.800353862617119605e-01
 8.801301750093781795e-01
 8.800987095435865992e-01
 8.799481131402407952e-01
 8.797975167370927219e-01
 8.796469203341443777e-01
 8.794719878251432421e-01
 8.792943831866049109e-01
 8.791167785486747599e-01
 8.789391739113773250e-01
 8.789727865845634591e-01
 8.792570677482663966e-01
 8.795413488971995930e-01
 8.798256300308829880e-01
 8.807424171569713245e-01
 8.823283761768654365e-01
 8.839143345292933551e-01
 8.855002921675569905e-01
 8.883297840121301414e-01
 8.923816765603018730e-01
 8.964335676146929499e-01
 9.004854570957627757e-01
 8.883772621742983544e-01
 8.900972546712685451e-01
 8.918172472193230949e-01
 8.935372398196221866e-01
 8.949112430880564739e-01
 8.959292031066327100e-01
 8.969471631903722653e-01
 8.979651233412208056e-01
 8.987765754717015332e-01
 8.993872071979287508e-01
 8.999978389618661367e-01
 9.006084707643616794e-01
 9.010766545064706756e-01
 9.014067654295730980e-01
 9.017368763676146814e-01
 9.020669873207805001e-01
 9.022701275723095105e-01
 9.023486332041135149e-01
 9.024271388366555957e-01
 9.025056444699514069e-01
 9.024674729710426835e-01
 9.023196399827253522e-01
 9.021718069945842133e-01
 9.020239740066330336e-01
 9.018184676108448317e-01
 9.015767527995073305e-01
 9.013350379890070485e-01
 9.010933231793596399e-01
 9.009732865159464366e-01
 9.010143047508339942e-01
 9.010553229835293054e-01
 9.010963412139681994e-01
 9.016488967711994151e-01
 9.027493802530229816e-01
 9.038498632434133206e-01
 9.049503457073014845e-01
 9.073512663753841023e-01
 9.110315097960430819e-01
 9.147117518063081487e-01
 9.183919923300742916e-01
 9.132596075452006357e-01
 9.146910100976334279e-01
 9.161224134573796585e-01
 9.175538176699394866e-01
 9.186434123503010030e-01
 9.194373233240893395e-01
 9.202312343277423423e-01
 9.210251453621967066e-01
 9.216423434632368128e-01
 9.221033213775624571e-01
 9.225642992910549900e-01
 9.230252772037150777e-01
 9.233779297775566164e-01
 9.236297008101966854e-01
 9.238814718433633333e-01
 9.241332428770763219e-01
 9.242899934500119485e-01
 9.243515617148668762e-01
 9.244131299798448165e-01
 9.244746982449445483e-01
 9.244434497611400126e-01
 9.243153051355614824e-01
 9.241871605108009646e-01
 9.240590158868822179e-01
 9.238762279816444822e-01
 9.236366787502253706e-01
 9.233971295215084307e-01
 9.231575802955124255e-01
 9.229965238942203776e-01
 9.229259871320153463e-01
 9.228554503698813694e-01
 9.227849136077925785e-01
 9.231024977877938520e-01
 9.238530330358830644e-01
 9.246035682893427587e-01
 9.253541035483366928e-01
 9.272093866322732580e-01
 9.302669646705193918e-01
 9.333245369216056631e-01
 9.363821026596876873e-01
 9.380547601592783558e-01
 9.390771898736631762e-01
 9.400996201271633046e-01
 9.411220509494584441e-01
 9.418940917216579445e-01
 9.424611709659322933e-01
 9.430282502308304782e-01
 9.435953295169873245e-01
 9.440333039370395474e-01
 9.443625738764001021e-01
 9.446918438151903352e-01
 9.450211137533908179e-01
 9.452719348156340962e-01
 9.454517712670819085e-01
 9.456316077189061975e-01
 9.458114441711101827e-01
 9.459234127004034764e-01
 9.459673900320128004e-01
 9.460113673637227105e-01
 9.460553446955223267e-01
 9.460335928852733334e-01
 9.459420610115839567e-01
 9.458505291384845526e-01
 9.457589972659622424e-01
 9.456287386402889572e-01
 9.454576320498211395e-01
 9.452865254612565771e-01
 9.451154188745953810e-01
 9.449986909428795823e-01
 9.449483075414145672e-01
 9.448979241399466655e-01
 9.448475407385334979e-01
 9.450679818927194553e-01
 9.456040785024479867e-01
 9.461401751160963824e-01
 9.466762717338292887e-01
 9.479880248164175294e-01
 9.501720054490827572e-01
 9.523559814875234286e-01
 9.545399523330899694e-01
 9.628499283201509273e-01
 9.634633857667100898e-01
 9.640768435161365391e-01
 9.646903015847138052e-01
 9.651447719956147697e-01
 9.654850195289896853e-01
 9.658252670743311397e-01
 9.661655146320127230e-01
 9.664242643731397742e-01
 9.666218263370942587e-01
 9.668193883007081268e-01
 9.670169502639700543e-01
 9.671659399067141782e-01
 9.672738417773114605e-01
 9.673817436481473298e-01
 9.674896455192081302e-01
 9.675568321550647166e-01
 9.675832185537865948e-01
 9.676096049525763076e-01
 9.676359913513922217e-01
 9.676237364162236787e-01
 9.675688172930244635e-01
 9.675138981701846275e-01
 9.674589790476921802e-01
 9.673812497300211533e-01
 9.672785857777427276e-01
 9.671759218266012814e-01
 9.670732578765727228e-01
 9.670008580264959352e-01
 9.669706279856606912e-01
 9.669403979448357722e-01
 9.669101679040363884e-01
 9.670334658365898894e-01
 9.673551238048408996e-01
 9.676767817755339562e-01
 9.679984397487445547e-01
 9.687666977992738238e-01
 9.700770837251935230e-01
 9.713874665756045967e-01
 9.726978459335597904e-01
 9.876451110537635136e-01
 9.878495967498897024e-01
 9.880540825406725070e-01
 9.882585684310924989e-01
 9.883954531429305357e-01
 9.885088689831380560e-01
 9.886222848272001595e-01
 9.887357006752482969e-01
 9.888152247722068466e-01
 9.888810787602988484e-01
 9.889469327482827143e-01
 9.890127867361495628e-01
 9.890599450501682544e-01
 9.890959123402821573e-01
 9.891318796304727767e-01
 9.891678469207391133e-01
 9.891902518116544307e-01
 9.891990472778130483e-01
 9.892078427439975341e-01
 9.892166382101892363e-01
 9.892138803479016973e-01
 9.891955739738406139e-01
 9.891772675999008779e-01
 9.891589612260628384e-01
 9.891337612436751359e-01
 9.890995399269143507e-01
 9.890653186105120565e-01
 9.890310972944770240e-01
 9.890030251448458376e-01
 9.889929484645805235e-01
 9.889828717843131001e-01
 9.889727951040745424e-01
 9.889989496145493719e-01
 9.891061689381459576e-01
 9.892133882625663288e-01
 9.893206075878601125e-01
 9.895454094403405287e-01
 9.899822038366542509e-01
 9.904189970844343716e-01
 9.908557890213883779e-01
 </DataArray>
 <DataArray Name="vol" type="Float32" NumberOfComponents="1" format="ascii">
 7.650384481238831509e-06
 1.060873000337712814e-05
 1.336969054634248283e-05
 1.593326611013477700e-05
 1.879085191810008819e-05
 2.154738657040665198e-05
 2.421309613639222269e-05
 2.678798061605718319e-05
 2.966131678655215261e-05
 3.252993184504321926e-05
 3.537518616720104585e-05
 3.819707975302543248e-05
 4.123795851826914918e-05
 4.429884892618715441e-05
 4.736872539921295136e-05
 5.044758793734649936e-05
 5.365265644187359030e-05
 5.686175657966333616e-05
 6.009010082475373359e-05
 6.333768917714359674e-05
 6.659883787880065836e-05
 6.981890297385858271e-05
 7.305263205286663310e-05
 7.630002511582354915e-05
 7.943665840550787863e-05
 8.245330274857438392e-05
 8.546557961112023066e-05
 8.847348899314430755e-05
 9.129775366752100065e-05
 9.386958509597156941e-05
 9.641096556921599319e-05
 9.892189508725402803e-05
 1.012717955360097619e-04
 1.030792384488748422e-04
 1.048211775650925714e-04
 1.064976128846670153e-04
 1.079847350311566691e-04
 1.080286975750501221e-04
 1.079340112618521960e-04
 1.077006760915630263e-04
 1.881493850583252356e-05
 2.085637196646595798e-05
 2.272889136990393716e-05
 2.443249671614635608e-05
 2.745968781678694752e-05
 2.986080840118743391e-05
 3.217642509010491955e-05
 3.440653788353980762e-05
 3.754080965057648539e-05
 4.032310778884908795e-05
 4.308238305411107985e-05
 4.581863544636210871e-05
 4.910889265130847982e-05
 5.220115877044720565e-05
 5.530245796503328691e-05
 5.841279023506725215e-05
 6.182467944234357020e-05
 6.510704755655596823e-05
 6.840889172076032847e-05
 7.173021193495593265e-05
 7.511951152416229867e-05
 7.840353138859708013e-05
 8.170135733118098428e-05
 8.501298935191163944e-05
 8.818613714255281975e-05
 9.121783839049395562e-05
 9.424516148547606314e-05
 9.726810642749626919e-05
 1.001308583288484585e-04
 1.026494567848029884e-04
 1.051378705739204004e-04
 1.075960996961984313e-04
 1.102520547476308139e-04
 1.119327451876893852e-04
 1.135493357873913479e-04
 1.151018265467377183e-04
 1.177146842588092866e-04
 1.175047296999054446e-04
 1.171624426234579332e-04
 1.166878230294673621e-04
 2.912898490351939053e-05
 3.028749032349052256e-05
 3.130555260824360137e-05
 3.218317175777867439e-05
 3.585489503874768569e-05
 3.790603271983464668e-05
 3.987698769627675172e-05
 4.176775996807413632e-05
 4.535586139203765004e-05
 4.805219030296278702e-05
 5.072583420420002064e-05
 5.337679309574899853e-05
 5.700043750630040372e-05
 6.012412069906035433e-05
 6.325688397760692594e-05
 6.639872734194108075e-05
 7.005584455148119148e-05
 7.341175248440454538e-05
 7.678736841001078590e-05
 8.018269232830092948e-05
 8.371295095991168795e-05
 8.706120881465989798e-05
 9.042341484175439776e-05
 9.379956904119540414e-05
 9.700881699756673028e-05
 1.000556409078315838e-04
 1.030980759926979144e-04
 1.061361222521632690e-04
 1.090466802940318948e-04
 1.115117817521055243e-04
 1.139469648317084882e-04
 1.163522295328389027e-04
 1.193707115216055271e-04
 1.209235571217190456e-04
 1.224137068377660067e-04
 1.238411606697451363e-04
 1.277434695317662368e-04
 1.272744589990339322e-04
 1.266794322883060472e-04
 1.259583893995837203e-04
 3.859252367429947986e-05
 3.890208507445076769e-05
 3.909967426136150596e-05
 3.918529123503168110e-05
 4.397647358398204179e-05
 4.568305952634841904e-05
 4.731478395490776664e-05
 4.887164686966025400e-05
 5.310647201093557541e-05
 5.571717938738458072e-05
 5.830553961746782077e-05
 6.087155270118588512e-05
 6.491259308324485988e-05
 6.806773471202628197e-05
 7.123200343693362449e-05
 7.440539925796813426e-05
 7.834615176928630507e-05
 8.177587136320814605e-05
 8.522553089250497712e-05
 8.869513035717742171e-05
 9.237915618604846031e-05
 9.579193525204610115e-05
 9.921880458458776802e-05
 1.026597641836750601e-04
 1.059046979705513449e-04
 1.089667103005881495e-04
 1.120243231327849170e-04
 1.150775364671444801e-04
 1.180452195630720953e-04
 1.204565599978771849e-04
 1.228382483425785219e-04
 1.251902845971752389e-04
 1.286277658579334409e-04
 1.300516742509630374e-04
 1.314142907162140948e-04
 1.327156152536879683e-04
 1.380710908500268829e-04
 1.373378854724346227e-04
 1.364849802563946680e-04
 1.355123752019087263e-04
 4.858810379368325952e-05
 4.950272509336706411e-05
 5.039205696533546522e-05
 5.125609940958848320e-05
 5.759318237461168491e-05
 5.892868826003800785e-05
 6.017815749098796212e-05
 6.134159006746179167e-05
 6.598944339075187016e-05
 6.786917891632221131e-05
 6.966047197586822614e-05
 7.136332256938992819e-05
 7.530813882070574918e-05
 7.776344545138299494e-05
 8.016632557535502402e-05
 8.251677919262209390e-05
 8.624759286155066727e-05
 8.917359131684983637e-05
 9.208177113027155025e-05
 9.497213230181659495e-05
 9.850758730745078420e-05
 1.016464346478742199e-04
 1.047839607307538522e-04
 1.079201655560883664e-04
 1.111067557326395164e-04
 1.140442244078040469e-04
 1.169748877327140348e-04
 1.198987457073751180e-04
 1.228666444547187151e-04
 1.250932878225796024e-04
 1.272886585892028452e-04
 1.294527567545839984e-04
 1.330659775987877295e-04
 1.341918725083359289e-04
 1.352550099454251852e-04
 1.362553899100589949e-04
 1.430053153100892401e-04
 1.433667777485713791e-04
 1.436608696246989558e-04
 1.438875909384743014e-04
 5.841530849571253216e-05
 5.910218423187124518e-05
 5.976588938068398910e-05
 6.040642394215087234e-05
 6.673420868190515901e-05
 6.759359912837333874e-05
 6.837563289167822831e-05
 6.908030997182031563e-05
 7.430913849443001814e-05
 7.581871455200212006e-05
 7.724553563643456286e-05
 7.858960174772767180e-05
 8.323267918422731066e-05
 8.550521298712934596e-05
 8.772686991295814882e-05
 8.989764996171381410e-05
 9.426153583902237483e-05
 9.714360053254510728e-05
 1.000079699609719811e-04
 1.028546441243051375e-04
 1.069322559552398440e-04
 1.100993412313097734e-04
 1.132650993606443941e-04
 1.164295303432427573e-04
 1.200222311626181513e-04
 1.229917211053751483e-04
 1.259543702635267418e-04
 1.289101786370754933e-04
 1.321104749603189933e-04
 1.343075721780247547e-04
 1.364735555472730533e-04
 1.386084250680627778e-04
 1.424002444306949960e-04
 1.434031164958228174e-04
 1.443446601524783627e-04
 1.452248754006636375e-04
 1.520280548994038319e-04
 1.522268984686638504e-04
 1.523606573271103976e-04
 1.524293314747434194e-04
 6.796959129655524314e-05
 6.843168897443488614e-05
 6.887273490533835356e-05
 6.929272908926506264e-05
 7.540851676526982438e-05
 7.580244817919998691e-05
 7.612770288127955834e-05
 7.638428087151023272e-05
 8.233963707108681463e-05
 8.348479185007111152e-05
 8.455287914880022676e-05
 8.554389896727561046e-05
 9.104444338915421338e-05
 9.313542871370846313e-05
 9.517708679082218296e-05
 9.716941762049529155e-05
 1.022777058477653786e-04
 1.051158306568620459e-04
 1.079363835776463078e-04
 1.107393646101183270e-04
 1.154355500340073086e-04
 1.186310135230415831e-04
 1.218251439761478645e-04
 1.250179413933279822e-04
 1.290663576611897551e-04
 1.320681269826644787e-04
 1.350630200851831548e-04
 1.380510369687460814e-04
 1.415091360963546753e-04
 1.436764009185747854e-04
 1.458127106451193760e-04
 1.479180652759867938e-04
 1.519032554626245505e-04
 1.527817756090006087e-04
 1.536003964108913558e-04
 1.543591178682984994e-04
 1.612010613305844137e-04
 1.612356576652399995e-04
 1.612074551406222564e-04
 1.611164537567283113e-04
 7.725095219621156187e-05
 7.749123932105843424e-05
 7.771259353929863315e-05
 7.791501485093134545e-05
 8.361610662470553193e-05
 8.355523541251766776e-05
 8.343436745979234521e-05
 8.325350276653096019e-05
 9.008093912072220541e-05
 9.086741081052887397e-05
 9.158250251296604452e-05
 9.222621422803318851e-05
 9.874343143548558997e-05
 1.006540926311205226e-04
 1.025169762089472213e-04
 1.043320821689649406e-04
 1.102961028877781744e-04
 1.130902816898001102e-04
 1.158670119802934599e-04
 1.186262937592565158e-04
 1.240174695437539778e-04
 1.272414515230695271e-04
 1.304640945772651036e-04
 1.336853987063426859e-04
 1.382391352283536231e-04
 1.412734420396725532e-04
 1.443008371976831246e-04
 1.473213207023871263e-04
 1.510626278628226171e-04
 1.531997740442277156e-04
 1.553061238827405934e-04
 1.573816773783558024e-04
 1.615750106945740077e-04
 1.623278498478712001e-04
 1.630222187206662246e-04
 1.636581173129645836e-04
 1.705243346036324490e-04
 1.703930553382986338e-04
 1.702012630652328246e-04
 1.699489577844315248e-04
 8.722948790548187305e-05
 8.807955993845818430e-05
 8.892802701964034966e-05
 8.977488914902775929e-05
 9.577787453311045372e-05
 9.634111342154769847e-05
 9.687887678222772980e-05
 9.739116461515056125e-05
 1.052539411985462957e-04
 1.058162338949618207e-04
 1.063124338923463629e-04
 1.067425411906991771e-04
 1.138694573451612575e-04
 1.148246163285863086e-04
 1.156908659710895670e-04
 1.164682062726729166e-04
 1.224911549348509901e-04
 1.240950004504836821e-04
 1.256219352740521567e-04
 1.270719594055554384e-04
 1.322760976680036407e-04
 1.344870241782252331e-04
 1.366490869395280041e-04
 1.387622859519071562e-04
 1.431847081568867581e-04
 1.456429560947659387e-04
 1.480728444784327265e-04
 1.504743733078880432e-04
 1.543025515016108325e-04
 1.564008576078679475e-04
 1.584721574744880630e-04
 1.605164511014710164e-04
 1.650920748033210192e-04
 1.663323760149167867e-04
 1.675357415440367206e-04
 1.687021713906797639e-04
 1.760862898886825787e-04
 1.767785117836612879e-04
 1.774363730648708250e-04
 1.780598737323154724e-04
 9.735838257173146787e-05
 9.818938294980240737e-05
 9.901879490940202107e-05
 9.984661845053002436e-05
 1.050980382978761575e-04
 1.054389853259628322e-04
 1.057564589176495772e-04
 1.060504590729368941e-04
 1.137088095755200149e-04
 1.138839807863299258e-04
 1.139990078603614950e-04
 1.140538907976150208e-04
 1.217986370450383182e-04
 1.223747101414380221e-04
 1.228679738186095466e-04
 1.232784280765539080e-04
 1.303589691119184414e-04
 1.317108022538376053e-04
 1.329888386279247348e-04
 1.341930782341779868e-04
 1.405266937898755689e-04
 1.426242542125895319e-04
 1.446738098933381329e-04
 1.466753608321180106e-04
 1.520978034014481423e-04
 1.545333003714263189e-04
 1.569405409389600732e-04
 1.593195251040473994e-04
 1.637682447234873326e-04
 1.658574370481452273e-04
 1.679196662611965663e-04
 1.699549323626424609e-04
 1.745174381826315735e-04
 1.756970242149776473e-04
 1.768401250007598999e-04
 1.779467405399739945e-04
 1.847425293384633081e-04
 1.853395517236950188e-04
 1.859029821673239484e-04
 1.864328206693539186e-04
 1.074717338247531076e-04
 1.082836770866291344e-04
 1.090940484633572789e-04
 1.099028479549359825e-04
 1.141563185005225014e-04
 1.142777410366135860e-04
 1.143776922276621875e-04
 1.144561720736690918e-04
 1.217962420257674531e-04
 1.215911885921412206e-04
 1.213319395839894638e-04
 1.210184950013130228e-04
 1.294571107151479099e-04
 1.296594900770192086e-04
 1.297851599413546127e-04
 1.298341203081554776e-04
 1.381132793486651957e-04
 1.392147555029945823e-04
 1.402455488137245782e-04
 1.412056592808534487e-04
 1.487978104941972202e-04
 1.507818602790695034e-04
 1.527187643289298837e-04
 1.546085226437754338e-04
 1.611295499246729462e-04
 1.635421222414886605e-04
 1.659265413076289257e-04
 1.682828071230873179e-04
 1.734051049935511906e-04
 1.754850819714800776e-04
 1.775381389658338828e-04
 1.795642759766129313e-04
 1.841031250756804127e-04
 1.852213569502863123e-04
 1.863035540142398067e-04
 1.873497162675376163e-04
 1.934912549998938215e-04
 1.939924925478386244e-04
 1.944609068263494225e-04
 1.948964978354261887e-04
 1.175695416645465617e-04
 1.183624423489391378e-04
 1.191537876815062857e-04
 1.199435776622459726e-04
 1.229527151410494989e-04
 1.228573805534996890e-04
 1.227425767122653573e-04
 1.226083036173467207e-04
 1.295162385492876211e-04
 1.289378573123950954e-04
 1.283112290632294696e-04
 1.276363538017919635e-04
 1.368448783554895853e-04
 1.366789561353286481e-04
 1.364424243393240336e-04
 1.361352829674777475e-04
 1.457540856450918222e-04
 1.466068601979543149e-04
 1.473920658314500606e-04
 1.481097025455783002e-04
 1.570894477809662367e-04
 1.589598423776628707e-04
 1.607839502463000311e-04
 1.625617713868759832e-04
 1.702799477265587306e-04
 1.726694217049542374e-04
 1.750308455844377660e-04
 1.773642193650072293e-04
 1.832131323118013492e-04
 1.852837923778709805e-04
 1.873275755883988740e-04
 1.893444819433823462e-04
 1.938491354824681062e-04
 1.949053742208457091e-04
 1.959260285844795853e-04
 1.969110985733680543e-04
 2.023324668729723570e-04
 2.027373342560935955e-04
 2.031101470419486026e-04
 2.034509052305331770e-04
 1.281343395590691661e-04
 1.292848329689036684e-04
 1.304387694253787981e-04
 1.315961489284941217e-04
 1.342064826060574074e-04
 1.348576121883900418e-04
 1.355037657266781707e-04
 1.361449432209230410e-04
 1.433511700056198555e-04
 1.434092036451829061e-04
 1.434413071738898510e-04
 1.434474805917392265e-04
 1.535427077422549941e-04
 1.531791245477894317e-04
 1.527522730594766992e-04
 1.522621532773194529e-04
 1.626374338837503070e-04
 1.622945750425414178e-04
 1.618540237579597777e-04
 1.613157800300074195e-04
 1.705633755681041361e-04
 1.707703100728294389e-04
 1.708764955840162973e-04
 1.708819321016609709e-04
 1.785700395411270115e-04
 1.796176832905002423e-04
 1.805942288416447839e-04
 1.814996761945614765e-04
 1.874056560685225599e-04
 1.891109041414678683e-04
 1.907815374703961261e-04
 1.924175560553062221e-04
 1.971419641295486737e-04
 1.988645404291805585e-04
 2.005708351897206722e-04
 2.022608484111710204e-04
 2.077077841047391543e-04
 2.089796394829044343e-04
 2.102383619243756573e-04
 2.114839514291549374e-04
 1.388875694019204438e-04
 1.400839965872304577e-04
 1.412839539432257858e-04
 1.424874414699043679e-04
 1.443876049971428495e-04
 1.449821090904027424e-04
 1.455717796786068258e-04
 1.461566167617568343e-04
 1.524999497643132892e-04
 1.523336633284776696e-04
 1.521435455680270716e-04
 1.519295964829608448e-04
 1.617321014114064153e-04
 1.609912630981196022e-04
 1.601930823178890936e-04
 1.593375590707195517e-04
 1.704121826662417728e-04
 1.696569902891829212e-04
 1.688117476295230082e-04
 1.678764546872663977e-04
 1.785355777407085021e-04
 1.784280935673449866e-04
 1.782250868763597391e-04
 1.779265576677523802e-04
 1.871690885061203164e-04
 1.880545530357592492e-04
 1.888707756458003002e-04
 1.896177563362466678e-04
 1.966986716092633807e-04
 1.983626597677594914e-04
 1.999922827314330113e-04
 2.015875405002801187e-04
 2.065529346718681790e-04
 2.082712081219132566e-04
 2.099732145855436874e-04
 2.116589540627685786e-04
 2.162777103574351357e-04
 2.175199173188752946e-04
 2.187490900525974479e-04
 2.199652285586045229e-04
 1.497187728369799779e-04
 1.509613084267824796e-04
 1.522074613113139519e-04
 1.534572314905724433e-04
 1.545252494126352137e-04
 1.550632457330925818e-04
 1.555965510874842458e-04
 1.561251654758106123e-04
 1.614330493948546862e-04
 1.610447255117994532e-04
 1.606346690903699898e-04
 1.602028801305674616e-04
 1.696247108554400777e-04
 1.685120258135148206e-04
 1.673479241315507522e-04
 1.661324058095508540e-04
 1.779609942087926960e-04
 1.767983089865525004e-04
 1.755532156424889775e-04
 1.742257141766013410e-04
 1.864265160561922523e-04
 1.860060803834575477e-04
 1.854953486690177694e-04
 1.848943209128740828e-04
 1.958188039325277005e-04
 1.965415741192680507e-04
 1.971969586650447958e-04
 1.977849575698515663e-04
 2.061254656705455363e-04
 2.077478298572546793e-04
 2.093360783983373719e-04
 2.108902112937874882e-04
 2.161071884476823139e-04
 2.178211177515116531e-04
 2.195187946216111134e-04
 2.212002190579830802e-04
 2.249240448433612732e-04
 2.261364518778661984e-04
 2.273359233936304434e-04
 2.285224593906552552e-04
 1.606279498642487443e-04
 1.619167684875607097e-04
 1.632092915296445433e-04
 1.645055189904994321e-04
 1.646194158525363972e-04
 1.651010221164606983e-04
 1.655780799533111897e-04
 1.660505893630853235e-04
 1.701504688972445343e-04
 1.695423901951487178e-04
 1.689146777409215872e-04
 1.682673315345625462e-04
 1.772205360743572822e-04
 1.757414126939763066e-04
 1.742167985004621086e-04
 1.726466934938150133e-04
 1.852838685114045129e-04
 1.837185311346585038e-04
 1.820784277968614531e-04
 1.803635584980119513e-04
 1.942361905145614310e-04
 1.935042705211703206e-04
 1.926872809619916620e-04
 1.917852218370266206e-04
 2.045191858203532567e-04
 2.050787465410312815e-04
 2.055727778993736085e-04
 2.060012798953793703e-04
 2.156860382523644731e-04
 2.172664144099526460e-04
 2.188129244711078524e-04
 2.203255684358236956e-04
 2.258047254569950086e-04
 2.275142693179850180e-04
 2.292075752979254170e-04
 2.308846433968173982e-04
 2.336467875625221477e-04
 2.348292431598823500e-04
 2.359988619474757553e-04
 2.371556439253029870e-04
 1.717289476731827724e-04
 1.730885383282813189e-04
 1.744521879595261336e-04
 1.758198965669168640e-04
 1.755930945493283657e-04
 1.765450300447380034e-04
 1.774975696474389859e-04
 1.784507133574340237e-04
 1.822984807874602001e-04
 1.824768254883469144e-04
 1.826470063681521550e-04
 1.828090234268764098e-04
 1.920615557522038492e-04
 1.912297566695281769e-04
 1.903698365269994373e-04
 1.894817953246224552e-04
 2.029953951887790843e-04
 2.012142518694803113e-04
 1.993675720592478356e-04
 1.974553557580787028e-04
 2.122393634577150951e-04
 2.101082803455100729e-04
 2.078716005127972737e-04
 2.055293239595785135e-04
 2.187371152782497448e-04
 2.173718093904167530e-04
 2.158978775150324769e-04
 2.143153196520955343e-04
 2.241441552307329587e-04
 2.245060856427445457e-04
 2.248064690039304481e-04
 2.250453053142878468e-04
 2.306363702703785048e-04
 2.325715720448174597e-04
 2.344963834963765539e-04
 2.364108046250679575e-04
 2.390074884020196300e-04
 2.411273421291208481e-04
 2.432501142916922707e-04
 2.453758048897366627e-04
 1.830164798782198815e-04
 1.844278436623613543e-04
 1.858433697101687728e-04
 1.872630580216436277e-04
 1.868556174283933643e-04
 1.878222230921322566e-04
 1.887894378185102850e-04
 1.897572616075330059e-04
 1.928913616991437740e-04
 1.929784462190416237e-04
 1.930577563997524083e-04
 1.931292922412739595e-04
 2.014711168674308763e-04
 2.003887287125455667e-04
 1.992809868029083787e-04
 1.981478911385273624e-04
 2.112598375503451503e-04
 2.090731474575033971e-04
 2.068282107238969829e-04
 2.045250273495242271e-04
 2.199874806128231596e-04
 2.174017096843430179e-04
 2.147202275227108809e-04
 2.119430341279314380e-04
 2.267119807001053984e-04
 2.250007556728039477e-04
 2.231875638547791275e-04
 2.212724052460367382e-04
 2.327800546982871093e-04
 2.329912953677367718e-04
 2.331426337011087706e-04
 2.332340696984009916e-04
 2.397786769166582589e-04
 2.417171598752381465e-04
 2.436452455220107516e-04
 2.455629338569831214e-04
 2.476999792407364462e-04
 2.498512790483862762e-04
 2.520055208926960254e-04
 2.541627047736710063e-04
 1.944064525339830732e-04
 1.958698438015675362e-04
 1.973375006203394383e-04
 1.988094229902967740e-04
 1.982067139776342093e-04
 1.991880516863204706e-04
 2.001700034129976977e-04
 2.011525691576670561e-04
 2.034766800800184925e-04
 2.034725368611816016e-04
 2.034610087850487474e-04
 2.034420958516207703e-04
 2.107368496054237434e-04
 2.094055613680982923e-04
 2.080516866811285212e-04
 2.066752255445149992e-04
 2.193033001380989826e-04
 2.167153881763878714e-04
 2.140765194240841496e-04
 2.113866938811860823e-04
 2.275601798192384076e-04
 2.245238763655185298e-04
 2.214017471660068568e-04
 2.181937922206995668e-04
 2.346308577029515986e-04
 2.325748383619745819e-04
 2.304235114271077211e-04
 2.281768768983543499e-04
 2.414695223902519206e-04
 2.415295568228270347e-04
 2.415313336340708798e-04
 2.414748528239812062e-04
 2.490278801926849861e-04
 2.509696678802015852e-04
 2.529010512669823958e-04
 2.548220303530290983e-04
 2.564696674832705331e-04
 2.586525767159144479e-04
 2.608384515864134445e-04
 2.630272920947692578e-04
 2.058988656404705587e-04
 2.074145387458992682e-04
 2.089345806900339832e-04
 2.104589914728756254e-04
 2.096463841970462388e-04
 2.106425158273008834e-04
 2.116392664308977545e-04
 2.126366360078351173e-04
 2.140544359300831088e-04
 2.139590974147631617e-04
 2.138567635240409554e-04
 2.137474342579166254e-04
 2.198587539661798758e-04
 2.182802546361892811e-04
 2.166819361616575338e-04
 2.150637985425862331e-04
 2.271257829520376267e-04
 2.241409740261348727e-04
 2.211124981598107451e-04
 2.180403553530618288e-04
 2.349574610769581827e-04
 2.314747803890375845e-04
 2.279161594426794279e-04
 2.242815982378855292e-04
 2.424937462867811084e-04
 2.400940574579293332e-04
 2.376057202320205073e-04
 2.350287346090489116e-04
 2.502125583066274199e-04
 2.501208700080107265e-04
 2.499725688028138211e-04
 2.497676546910302525e-04
 2.583839800984599061e-04
 2.603290960597089143e-04
 2.622638007312855235e-04
 2.641880941131984073e-04
 2.653165531296189090e-04
 2.675312351317112448e-04
 2.697489063728479163e-04
 2.719695668530307123e-04
 2.172878272520802415e-04
 2.185424192234485810e-04
 2.197982978022075887e-04
 2.210554629883551504e-04
 2.202590762735217797e-04
 2.213055568754789806e-04
 2.223529758520071536e-04
 2.234013332031121535e-04
 2.246557147726887735e-04
 2.250308807183989046e-04
 2.254031328135962177e-04
 2.257724710582799811e-04
 2.317271780512801668e-04
 2.309740846350473171e-04
 2.302103989077653877e-04
 2.294361208694375228e-04
 2.417076131804307422e-04
 2.395179513906235810e-04
 2.373006130752316621e-04
 2.350555982342494290e-04
 2.527197325792393946e-04
 2.492003960653562246e-04
 2.456189452056487953e-04
 2.419753800001183536e-04
 2.611035254644911976e-04
 2.572973513816570338e-04
 2.533916102404320256e-04
 2.493863020408207810e-04
 2.651298827158575099e-04
 2.630628970932593204e-04
 2.609062463331280344e-04
 2.586599304354551408e-04
 2.674993683373956131e-04
 2.685872728318197265e-04
 2.696493573885299093e-04
 2.706856220075284924e-04
 2.717739197343783941e-04
 2.747059177069631898e-04
 2.776512567275353505e-04
 2.806099367961001345e-04
 2.288629934760815984e-04
 2.301395810581366647e-04
 2.314174677356175820e-04
 2.326966535085225884e-04
 2.324545349628061167e-04
 2.335250159650678343e-04
 2.345964473326964670e-04
 2.356688290656916353e-04
 2.369553349522128679e-04
 2.373025642298075689e-04
 2.376469310022430936e-04
 2.379884352695238871e-04
 2.432248048315870646e-04
 2.423342848577297447e-04
 2.414340893019713958e-04
 2.405242181643078435e-04
 2.515672070539289734e-04
 2.490881687941855086e-04
 2.465853364612326931e-04
 2.440587100550635068e-04
 2.608323568111450960e-04
 2.568792422651394324e-04
 2.528727966225220313e-04
 2.488130198832980968e-04
 2.683159989068696909e-04
 2.640453860995838065e-04
 2.596859464504483461e-04
 2.552376799594627678e-04
 2.725890487805867767e-04
 2.702118742677148827e-04
 2.677504783329791587e-04
 2.652048609763739124e-04
 2.758706352027744937e-04
 2.768914364131054985e-04
 2.778867662683193337e-04
 2.788566247684173545e-04
 2.805962023950236278e-04
 2.835974980789131446e-04
 2.866123611303591774e-04
 2.896407915493649787e-04
 2.405308155176592378e-04
 2.418294948134998984e-04
 2.431294856928047641e-04
 2.444307881555683867e-04
 2.448002892381067057e-04
 2.458949409192695557e-04
 2.469905549565872406e-04
 2.480871313500649105e-04
 2.494065110634630642e-04
 2.497256048789470726e-04
 2.500418875346280398e-04
 2.503553590305091100e-04
 2.547912249178078828e-04
 2.537628366568971247e-04
 2.527256895432279942e-04
 2.516797835768012502e-04
 2.613551328044059346e-04
 2.585876949234728879e-04
 2.558003454216997989e-04
 2.529930842990821683e-04
 2.687681525331166296e-04
 2.643850161532714936e-04
 2.599573319260345687e-04
 2.554850998514023312e-04
 2.753644965892762119e-04
 2.706335007441185289e-04
 2.658244182736444611e-04
 2.609372491778633868e-04
 2.799852897613490941e-04
 2.772990902045076029e-04
 2.745341129414703013e-04
 2.716903579722378397e-04
 2.842804657032562679e-04
 2.852339949395802927e-04
 2.861624014033845595e-04
 2.870656850946715077e-04
 2.894925562265023293e-04
 2.925634935894659279e-04
 2.956482246395583375e-04
 2.987467493767772815e-04
 2.522912933768170084e-04
 2.536121604895432151e-04
 2.549343516737671020e-04
 2.562578669294876391e-04
 2.572963390994279106e-04
 2.584153317380793471e-04
 2.595352987236783089e-04
 2.606562400562297834e-04
 2.620092431064435638e-04
 2.623000026658171987e-04
 2.625880024107491860e-04
 2.628732423412364900e-04
 2.664264383099365229e-04
 2.652597400325471260e-04
 2.640851996315383000e-04
 2.629028171069168755e-04
 2.710713904318668571e-04
 2.680165297784774248e-04
 2.649456399566272875e-04
 2.618587209663111328e-04
 2.765271197451504718e-04
 2.717177177297558236e-04
 2.668725511161823961e-04
 2.619916199044300268e-04
 2.822490185117038216e-04
 2.770616953152512806e-04
 2.718070257100250325e-04
 2.664850096960220960e-04
 2.873186056581439741e-04
 2.843245449036362342e-04
 2.812571501586037933e-04
 2.781164214230470852e-04
 2.927288598388368699e-04
 2.936149484112429708e-04
 2.944762627937249906e-04
 2.953128029862875370e-04
 2.984629812288104871e-04
 3.016039042386271232e-04
 3.047588472551340235e-04
 3.079278102783381812e-04
 2.637640654514459572e-04
 2.645360414260319870e-04
 2.653043674404927522e-04
 2.660690434948241871e-04
 2.674778926538602945e-04
 2.680495893024568976e-04
 2.686181811411073039e-04
 2.691836681698173139e-04
 2.706592914931225252e-04
 2.707873463722211961e-04
 2.709120235734238094e-04
 2.710333230967228299e-04
 2.743871463407528979e-04
 2.737634832042044604e-04
 2.731353131996498425e-04
 2.725026363270862252e-04
 2.803084258794503038e-04
 2.785207510576983843e-04
 2.767253152876937572e-04
 2.749221185694352841e-04
 2.894841689905930664e-04
 2.861382748009280155e-04
 2.827728802308933647e-04
 2.793879852804846686e-04
 3.001771651619204316e-04
 2.953959315559791655e-04
 2.905643160825647359e-04
 2.856823187416685232e-04
 3.074051939721937914e-04
 3.028186836245803926e-04
 2.981481310984444161e-04
 2.933935363937853198e-04
 3.086131954360831777e-04
 3.073018037367871444e-04
 3.059332087401074878e-04
 3.045074104460557545e-04
 3.080413660922174681e-04
 3.110191288465807011e-04
 3.140077901310975306e-04
 3.170073499457574939e-04
 2.754829927574947712e-04
 2.762302375642037991e-04
 2.769738705791802711e-04
 2.777138918024247833e-04
 2.803561191649378971e-04
 2.809103042176706866e-04
 2.814614117801495234e-04
 2.820094418523744076e-04
 2.844342210331241168e-04
 2.845309462185246639e-04
 2.846243645156266988e-04
 2.847144759244244210e-04
 2.880033040930559665e-04
 2.873020379864938550e-04
 2.865965909413306645e-04
 2.858869629575709484e-04
 2.923570486122745583e-04
 2.904048392697657923e-04
 2.884461998714440848e-04
 2.864811304173007079e-04
 2.989119003894263318e-04
 2.952737107521190285e-04
 2.916201308567992765e-04
 2.879511607034636604e-04
 3.070888495937205281e-04
 3.018861594415693929e-04
 2.966416596693066958e-04
 2.913553502769337380e-04
 3.133365842455740628e-04
 3.083231017957504812e-04
 3.032347850600488064e-04
 2.980716340384668159e-04
 3.154811307863938106e-04
 3.139540269779574348e-04
 3.123723137696289283e-04
 3.107359911614105135e-04
 3.166143806466239770e-04
 3.196431029132303352e-04
 3.226828487820100340e-04
 3.257336182529620432e-04
 2.872788452615651915e-04
 2.880012703847899388e-04
 2.887201218846729414e-04
 2.894353997612176686e-04
 2.934049260114874181e-04
 2.939414596924769382e-04
 2.944749432028977566e-04
 2.950053765427528008e-04
 2.984491814440094499e-04
 2.985142233720427542e-04
 2.985760292013774769e-04
 2.986345989320095522e-04
 3.018467441490944869e-04
 3.010670415625055218e-04
 3.002834839667250784e-04
 2.994960713617583065e-04
 3.045166915604836932e-04
 3.023990777163218383e-04
 3.002763647087774296e-04
 2.981485525378561592e-04
 3.082714032480194928e-04
 3.043418843231779098e-04
 3.004010852626874260e-04
 2.964490060665426747e-04
 3.137975409699157725e-04
 3.081777175729597386e-04
 3.025246568032584067e-04
 2.968383586608146500e-04
 3.190745042115199497e-04
 3.136385894294303756e-04
 3.081370482541067051e-04
 3.025698806855512692e-04
 3.222774583360443475e-04
 3.205355869483686448e-04
 3.187417000582887803e-04
 3.168957976658013927e-04
 3.252331494188176182e-04
 3.283129836528127232e-04
 3.314039665610023222e-04
 3.345060981433876078e-04
 2.991516229636526645e-04
 2.998491398877832503e-04
 3.005431213569710884e-04
 3.012335673712110288e-04
 3.066243131935233318e-04
 3.071430557268790135e-04
 3.076587754093524371e-04
 3.081714722409494575e-04
 3.127041727257767897e-04
 3.127371778327749791e-04
 3.127670176306720780e-04
 3.127936921194698211e-04
 3.159174665088604903e-04
 3.150584939322400571e-04
 3.141959922758324878e-04
 3.133299615396464019e-04
 3.167873547240690891e-04
 3.145034663973640828e-04
 3.122158097997075610e-04
 3.099243849311039689e-04
 3.175626775663703267e-04
 3.133427955141129535e-04
 3.091157434485635597e-04
 3.048815213697140679e-04
 3.203032392905067610e-04
 3.142706059501513410e-04
 3.082133074844157486e-04
 3.021313438933080067e-04
 3.246189538700326445e-04
 3.187651465256201300e-04
 3.128549206806221779e-04
 3.068882763350387339e-04
 3.290021780850438957e-04
 3.270464836480265207e-04
 3.250413676060860679e-04
 3.229868299592340841e-04
 3.338976724088042465e-04
 3.370287710653304129e-04
 3.401711434680675106e-04
 3.433247896170293087e-04
 3.108568602160789035e-04
 3.107887169447829940e-04
 3.107118201195128017e-04
 3.106261697402735306e-04
 3.165611346940990075e-04
 3.158011176782170998e-04
 3.150307528718530739e-04
 3.142500402750122426e-04
 3.187841329029041928e-04
 3.178292426372318624e-04
 3.168673948787057164e-04
 3.158985896273212011e-04
 3.186920838825705172e-04
 3.178962231076819809e-04
 3.170975043206332314e-04
 3.162959275214306115e-04
 3.193578806382242207e-04
 3.184311020073324187e-04
 3.175031255865997802e-04
 3.165739513760293953e-04
 3.238099584386485851e-04
 3.219469642351541617e-04
 3.200821269082309564e-04
 3.182154464578778306e-04
 3.335106017211218461e-04
 3.298378811559104780e-04
 3.261544596707018333e-04
 3.224603372654980806e-04
 3.454662467137955000e-04
 3.399496778122313985e-04
 3.343901256756404150e-04
 3.287875903040226038e-04
 3.517219664341588716e-04
 3.470091317766300920e-04
 3.422214534453844057e-04
 3.373589314404346062e-04
 3.492279873177119302e-04
 3.502957599866516063e-04
 3.513462306954431564e-04
 3.523793994440852797e-04
 3.231187152990342565e-04
 3.229765585617607468e-04
 3.228259336182769264e-04
 3.226668404685845300e-04
 3.302875282784831505e-04
 3.294283593762934717e-04
 3.285593778353373680e-04
 3.276805836556189594e-04
 3.333775739745129820e-04
 3.323316155333880945e-04
 3.312791639144731649e-04
 3.302202191177641276e-04
 3.332103532338535337e-04
 3.323482641446878359e-04
 3.314835611906360459e-04
 3.306162443717045605e-04
 3.327987302335471136e-04
 3.318057142944567115e-04
 3.308117279610112149e-04
 3.298167712332023840e-04
 3.349772364797572459e-04
 3.329903990301023853e-04
 3.310024885065203371e-04
 3.290135049090088244e-04
 3.413809930201347769e-04
 3.374576413096609662e-04
 3.335267006159143557e-04
 3.295881709388983607e-04
 3.503907813793109838e-04
 3.444747638317556537e-04
 3.385235419863172335e-04
 3.325371158429829836e-04
 3.562973670171477327e-04
 3.512004012983088448e-04
 3.460359739145072171e-04
 3.408040848657499511e-04
 3.565406054113657588e-04
 3.575392102677943666e-04
 3.585207676881629608e-04
 3.594852776724714871e-04
 3.354746978622818445e-04
 3.352582072418669045e-04
 3.350335337630038911e-04
 3.348006774256899313e-04
 3.442090926847665429e-04
 3.432498740632422551e-04
 3.422813779546697295e-04
 3.413036043590511885e-04
 3.482315779769623587e-04
 3.470934268562340399e-04
 3.459492468727808079e-04
 3.447990380265989765e-04
 3.479945800354521395e-04
 3.470654075002794765e-04
 3.461338652474901800e-04
 3.451999532770901047e-04
 3.464446208246927121e-04
 3.453846971633034446e-04
 3.443240305030375605e-04
 3.432626208438870909e-04
 3.462108947778243240e-04
 3.440998051617363829e-04
 3.419884125212211681e-04
 3.398767168562855101e-04
 3.491232507914787957e-04
 3.449508793344791555e-04
 3.407740308309243076e-04
 3.365927052808280755e-04
 3.550465019841036736e-04
 3.487366069792272863e-04
 3.423992866136033606e-04
 3.360345408872239818e-04
 3.606501656606165836e-04
 3.551738816808779065e-04
 3.496375180449355353e-04
 3.440410747527836155e-04
 3.638186400922773238e-04
 3.647482256367562121e-04
 3.656610182692747999e-04
 3.665570179898121621e-04
 3.479248079058262213e-04
 3.476336629850996780e-04
 3.473346205536919067e-04
 3.470276806115899513e-04
 3.583258279129472872e-04
 3.572656617390664317e-04
 3.561967532298542243e-04
 3.551191023853037258e-04
 3.633461449102486909e-04
 3.621146766057681265e-04
 3.608776437536246879e-04
 3.596350463538148514e-04
 3.630447642873647625e-04
 3.620476531744434585e-04
 3.610484164911787201e-04
 3.600470542375738543e-04
 3.602955524116639979e-04
 3.591680506138672513e-04
 3.580400332126749681e-04
 3.569115002080870398e-04
 3.575109333328468919e-04
 3.552751826300486193e-04
 3.530398989523332869e-04
 3.508050822996928715e-04
 3.567373750351538484e-04
 3.523175952303546918e-04
 3.478964503157329900e-04
 3.434739402912850566e-04
 3.594334085281735152e-04
 3.527352072546415798e-04
 3.460173595575000431e-04
 3.392798654367340516e-04
 3.647803623645501370e-04
 3.589295729243385238e-04
 3.530260858366646983e-04
 3.470699011015344611e-04
 3.710620913604361086e-04
 3.719228060935439732e-04
 3.727669824387704880e-04
 3.735946203961086056e-04
 3.606509057252245409e-04
 3.589022993901122842e-04
 3.571387783480629852e-04
 3.553603425990707891e-04
 3.667098330189082493e-04
 3.637995751515933347e-04
 3.608743753483143477e-04
 3.579342336090853287e-04
 3.652413116296456810e-04
 3.629244613897660574e-04
 3.606000769686123477e-04
 3.582681583661900815e-04
 3.610642771555867543e-04
 3.598827044662712411e-04
 3.586991198287666762e-04
 3.575135232430718671e-04
 3.576159847062410644e-04
 3.573927990982416749e-04
 3.571695287842338020e-04
 3.569461737642094226e-04
 3.576333493841843403e-04
 3.576279495131872701e-04
 3.576225266728230148e-04
 3.576170808630742270e-04
 3.636115022484683046e-04
 3.625476776922716138e-04
 3.614839764669342827e-04
 3.604203985724530046e-04
 3.764804892443841550e-04
 3.727856014698893998e-04
 3.690832569830440331e-04
 3.653734557838410617e-04
 3.908704656203690060e-04
 3.838403628241433265e-04
 3.767602970365356856e-04
 3.696302682575531846e-04
 3.942500411780505134e-04
 3.899570384270507331e-04
 3.855909489338555925e-04
 3.811517726984754999e-04
 3.750644161885086092e-04
 3.731665394095413642e-04
 3.712548758807616978e-04
 3.693294256021754647e-04
 3.819895705124825842e-04
 3.788817682865026340e-04
 3.757609899972397249e-04
 3.726272356446962966e-04
 3.794879021965258956e-04
 3.770231109024140275e-04
 3.745519194964728169e-04
 3.720743279786951625e-04
 3.744227660871247412e-04
 3.731675198425503945e-04
 3.719105534275984892e-04
 3.706518668422850173e-04
 3.704768175308292832e-04
 3.702396279864801631e-04
 3.700023645663031704e-04
 3.697650272702970582e-04
 3.697504256822831668e-04
 3.697474003206367428e-04
 3.697443523961833900e-04
 3.697412819089069538e-04
 3.737152493592568172e-04
 3.725956271596007072e-04
 3.714762883976427681e-04
 3.703572330733840841e-04
 3.827645023951331549e-04
 3.788524531557179169e-04
 3.749353005059255506e-04
 3.710130444457455392e-04
 3.932345437360739164e-04
 3.857609638650953969e-04
 3.782469073736529361e-04
 3.706923742617407877e-04
 3.981085724107323023e-04
 3.934758772683999146e-04
 3.887757599262859644e-04
 3.840082203843791218e-04
 3.896781508947212160e-04
 3.876296516054748842e-04
 3.855684935235477993e-04
 3.834946766489328598e-04
 3.975256298000181534e-04
 3.942179412231318065e-04
 3.908992424556274599e-04
 3.875695334975166060e-04
 3.939511594528375131e-04
 3.913368725228712772e-04
 3.887173195505124195e-04
 3.860925005357574162e-04
 3.879674869353156035e-04
 3.866378728046918067e-04
 3.853068302815178823e-04
 3.839743593657973537e-04
 3.835080058817534328e-04
 3.832566887013317538e-04
 3.830053084752568500e-04
 3.827538652035218365e-04
 3.820000153528952400e-04
 3.819993808709953864e-04
 3.819987242328417589e-04
 3.819980454384426516e-04
 3.838382949845666739e-04
 3.826628197755853897e-04
 3.814877881111294325e-04
 3.803131999912054699e-04
 3.888618372173390241e-04
 3.847346906537101865e-04
 3.806047939816694097e-04
 3.764721472012191872e-04
 3.952399097835422592e-04
 3.873311827435414181e-04
 3.793914654540002937e-04
 3.714207579149086946e-04
 4.017499965876676063e-04
 3.967818510541518693e-04
 3.917519478632465750e-04
 3.866602870149550846e-04
 4.044921098438671318e-04
 4.022916359779221684e-04
 4.000796312764165192e-04
 3.978560957393524069e-04
 4.133180108815196190e-04
 4.098080939614692515e-04
 4.062891327234798293e-04
 4.027611271675557436e-04
 4.086310833985816178e-04
 4.058657462511402461e-04
 4.030962771307417805e-04
 4.003226760373838899e-04
 4.016984397001513722e-04
 4.002937633527057777e-04
 3.988879503905261022e-04
 3.974810008136251392e-04
 3.967095497590331370e-04
 3.964439812427905381e-04
 3.961783605110856250e-04
 3.959126875638964969e-04
 3.943821183960104226e-04
 3.943838911642575090e-04
 3.943856421828167698e-04
 3.943873714516895061e-04
 3.939806391244232990e-04
 3.927492555402245229e-04
 3.915184756073872285e-04
 3.902882993259161322e-04
 3.947724937110030636e-04
 3.904323139638695155e-04
 3.860917374102929033e-04
 3.817507640502711130e-04
 3.968865637627543019e-04
 3.885510194594893048e-04
 3.801939712775974367e-04
 3.718154192170718131e-04
 4.051743137088656410e-04
 3.998749597843032902e-04
 3.945195127447511936e-04
 3.891079725902140134e-04
 4.201322552523391036e-04
 4.133092032144308476e-04
 4.064627357412779187e-04
 3.995928528328848706e-04
 4.111364939094301076e-04
 4.073206635568025189e-04
 4.034976298631099681e-04
 3.996673928283560329e-04
 4.044415258379641673e-04
 4.022148477926754400e-04
 3.999857411679600674e-04
 3.977542059638110024e-04
 3.989400977918907136e-04
 3.977200561283261151e-04
 3.964992900234732545e-04
 3.952777994773344628e-04
 3.945064443740692599e-04
 3.942075192795702326e-04
 3.939085508634527230e-04
 3.936095391257112561e-04
 3.922262001975705117e-04
 3.928486637644045551e-04
 3.934709396628555947e-04
 3.940930278929326291e-04
 3.941593893487179714e-04
 3.953215092400499953e-04
 3.964829733184652974e-04
 3.976437815839753702e-04
 4.029730591368733961e-04
 4.033142644118773161e-04
 4.036554128248233679e-04
 4.039965043756906806e-04
 4.197245849729888396e-04
 4.161036507933923989e-04
 4.124762788682001242e-04
 4.088424691974153766e-04
 4.361100233561260309e-04
 4.212942546158980899e-04
 4.063716375966967831e-04
 3.913421722985208637e-04
 4.411538138141095355e-04
 4.339536369715399637e-04
 4.267367348180829971e-04
 4.195031073537374973e-04
 4.262428625595715277e-04
 4.222238937149439550e-04
 4.181997796267011001e-04
 4.141705202948403608e-04
 4.166926842522310215e-04
 4.143504207208224539e-04
 4.120064224898180587e-04
 4.096606895592283526e-04
 4.099754546218470352e-04
 4.086932386838346989e-04
 4.074105052877564914e-04
 4.061272544336227129e-04
 4.053205033317149866e-04
 4.050065386917167947e-04
 4.046925431077063305e-04
 4.043785165796741072e-04
 4.034191831547631331e-04
 4.040728205177713519e-04
 4.047263238319403220e-04
 4.053796930972655981e-04
 4.057132088201160212e-04
 4.069339871036621028e-04
 4.081542969494161561e-04
 4.093741383573735191e-04
 4.135108888006720209e-04
 4.138697196647383157e-04
 4.142285099130356700e-04
 4.145872595455701013e-04
 4.255593695957938529e-04
 4.217452916222344528e-04
 4.179266152589585230e-04
 4.141033405059754420e-04
 4.310447790715592198e-04
 4.154361451352179559e-04
 3.997511909996087631e-04
 3.839899166647268709e-04
 4.626836717826916237e-04
 4.550979864778476611e-04
 4.475022659864690824e-04
 4.398965103085556165e-04
 4.415812998377332817e-04
 4.373569284668923636e-04
 4.331294699498784706e-04
 4.288989242866962648e-04
 4.290588959101696302e-04
 4.266003701269353008e-04
 4.241408035239464238e-04
 4.216801961011984999e-04
 4.210838250883660043e-04
 4.197391949836600509e-04
 4.183942544041194538e-04
 4.170490033497386835e-04
 4.162068531122556088e-04
 4.158777901445570861e-04
 4.155487086104520133e-04
 4.152196085099394145e-04
 4.147049430570705917e-04
 4.153899115476068771e-04
 4.160747996088329237e-04
 4.167596072407568630e-04
 4.173716196713486161e-04
 4.186513854348462849e-04
 4.199308701356684872e-04
 4.212100737738093143e-04
 4.240921108046892540e-04
 4.244686070039328514e-04
 4.248450788337173613e-04
 4.252215262940441391e-04
 4.312011190803383977e-04
 4.271957818222521801e-04
 4.231876855303369771e-04
 4.191768302046021129e-04
 4.253290735277888987e-04
 4.089549229451990009e-04
 3.925349802430429247e-04
 3.760692454213264706e-04
 4.847218291580875364e-04
 4.767422517333528556e-04
 4.687593292464394272e-04
 4.607730616973497451e-04
 4.571518057439130384e-04
 4.527197678126417273e-04
 4.482867008326445191e-04
 4.438526048039260216e-04
 4.415401608117916488e-04
 4.389646960110231964e-04
 4.363888842703345919e-04
 4.338127255897247510e-04
 4.322652091914534755e-04
 4.308579250278121459e-04
 4.294505373725575337e-04
 4.280430462256894220e-04
 4.271654937156923733e-04
 4.268212736380979917e-04
 4.264770473717075525e-04
 4.261328149165062021e-04
 4.260834799044871954e-04
 4.267999368538973612e-04
 4.275163669935401760e-04
 4.282327703234109777e-04
 4.291346219024172741e-04
 4.304737042335980419e-04
 4.318126928772210980e-04
 4.331515878332816718e-04
 4.347167251489252038e-04
 4.351109264294737711e-04
 4.355051195868662735e-04
 4.358993046211119809e-04
 4.366498334266189505e-04
 4.324551213934571818e-04
 4.282594896823400401e-04
 4.240629382932919198e-04
 4.189629067248174530e-04
 4.018505880458375927e-04
 3.847230053270015446e-04
 3.675801585683140249e-04
 </DataArray>
 <DataArray Name="rho" type="Float32" NumberOfComponents="1" format="ascii">
 3.218602639855829839e-01
 3.620699496663785655e-01
 4.021063960326647924e-01
 4.016043655684639058e-01
 4.105901564242341317e-01
 4.165487684715804551e-01
 4.145544095856445455e-01
 4.153739892644912057e-01
 4.176705479027040813e-01
 4.190891763903881184e-01
 4.183846952693449639e-01
 4.192292877791449768e-01
 4.202786613492009993e-01
 4.206031876685991655e-01
 4.209672758156113859e-01
 4.211434537617725349e-01
 4.213358167354820938e-01
 4.216370360948539786e-01
 4.220869765557159758e-01
 4.223668356761797193e-01
 4.224319780497900467e-01
 4.224424448687325029e-01
 4.224000002803038334e-01
 4.224977160880917237e-01
 4.226612384153747848e-01
 4.229553944275771804e-01
 4.229714801865504525e-01
 4.230476590878111121e-01
 4.230853837606040058e-01
 4.231784306585495981e-01
 4.231849115832587716e-01
 4.232524203258096751e-01
 4.232519817365327786e-01
 4.233372154544075006e-01
 4.233995449955819113e-01
 4.235476100896627405e-01
 4.235655986353417113e-01
 4.234599641036591033e-01
 4.235925649599443510e-01
 4.230239953867784286e-01
 3.059780990660302402e-01
 3.189610271414927145e-01
 3.485481910456265098e-01
 3.859090387924093979e-01
 4.070247713706952042e-01
 4.104229298649259006e-01
 4.097741470951695719e-01
 4.118582757538105654e-01
 4.147442617437041013e-01
 4.165740123753586266e-01
 4.172328017993947591e-01
 4.184338797148595135e-01
 4.195245914262329401e-01
 4.200917621839541649e-01
 4.207049524706840127e-01
 4.209859289068313415e-01
 4.211032458636963516e-01
 4.213574860377515274e-01
 4.217236385621304096e-01
 4.220566805400794985e-01
 4.223582277867460877e-01
 4.226501210114257390e-01
 4.227750649197380972e-01
 4.229953149362544185e-01
 4.231991398966695739e-01
 4.233876732496540951e-01
 4.233662774446912969e-01
 4.234259718987367638e-01
 4.234483837927656702e-01
 4.235432462952815058e-01
 4.236086219170243083e-01
 4.237746879754092921e-01
 4.238665072771488074e-01
 4.240430243958945300e-01
 4.241161234763936028e-01
 4.242526115465720671e-01
 4.242928506745809458e-01
 4.242186714385762225e-01
 4.243897012451902651e-01
 4.237752247630571789e-01
 3.031045472726646706e-01
 3.053920583697886104e-01
 3.118201082039460115e-01
 3.300875441878212690e-01
 3.591459329601197070e-01
 3.890080937933942939e-01
 3.996313759736255800e-01
 4.057049129884845451e-01
 4.063260857784952162e-01
 4.089124770679649079e-01
 4.121993376887081451e-01
 4.144445888362555674e-01
 4.149819915470379650e-01
 4.159734901855520195e-01
 4.170738503828664290e-01
 4.177741282461064909e-01
 4.180523517543109913e-01
 4.184728059965730496e-01
 4.189275409384079496e-01
 4.194091158455965362e-01
 4.200323288543090783e-01
 4.206077190887000383e-01
 4.209738492753926642e-01
 4.213033427309526568e-01
 4.214721819243558709e-01
 4.216439178710382762e-01
 4.217171353737147466e-01
 4.218773257423653611e-01
 4.220107619349213746e-01
 4.222042966158066624e-01
 4.223729389324608063e-01
 4.226383286228599379e-01
 4.228332091858830188e-01
 4.230721451892078822e-01
 4.231866968116358430e-01
 4.233658269016681297e-01
 4.235459279837657243e-01
 4.235383818865658401e-01
 4.237544246137658899e-01
 4.231618705333576869e-01
 3.027137083456044597e-01
 3.031392825235824651e-01
 3.046314080906231681e-01
 3.089334434934793983e-01
 3.186167170942430515e-01
 3.425398709570267042e-01
 3.731015996660299594e-01
 3.944855504763365439e-01
 3.988416506887287327e-01
 4.014488018672317526e-01
 4.048931398886657096e-01
 4.064774657282829717e-01
 4.079746327223640057e-01
 4.094930268100993587e-01
 4.112223341699698942e-01
 4.126221130265150805e-01
 4.137132153028610371e-01
 4.149478852676743434e-01
 4.158208870928290501e-01
 4.165630061416346619e-01
 4.173528049074167190e-01
 4.179245789877998329e-01
 4.183840153361855219e-01
 4.186930315932776425e-01
 4.189025876943809901e-01
 4.192055917855003755e-01
 4.195771458009002197e-01
 4.200148893260343685e-01
 4.203472853242230522e-01
 4.206934962682349899e-01
 4.209639673157009043e-01
 4.212631321083088465e-01
 4.214855180655502354e-01
 4.217210961017606730e-01
 4.219087238629782299e-01
 4.221680491338026253e-01
 4.225403984739020680e-01
 4.226447021232928591e-01
 4.229608006789580821e-01
 4.224280539604898244e-01
 3.026554499656359809e-01
 3.027321109287988699e-01
 3.030466300799623536e-01
 3.040927670001206673e-01
 3.066326806913267644e-01
 3.128389972665895913e-01
 3.279960247709357568e-01
 3.561899965656686873e-01
 3.809045932637732390e-01
 3.915883426925252375e-01
 3.977908260977036647e-01
 3.987860180468625337e-01
 4.016696196806799346e-01
 4.039017384294401602e-01
 4.064693569046149424e-01
 4.083104725644275956e-01
 4.100017898854079745e-01
 4.113311241429808973e-01
 4.120166430502815169e-01
 4.126952411063963821e-01
 4.135039828508296211e-01
 4.143201186350902732e-01
 4.151546292993020248e-01
 4.157077938658541583e-01
 4.161291720851846287e-01
 4.166531799420072901e-01
 4.172404798359791167e-01
 4.178585428551570002e-01
 4.183805111761677575e-01
 4.188433840177485101e-01
 4.191053717851832006e-01
 4.193868828807625904e-01
 4.196735865568366752e-01
 4.200201797674142368e-01
 4.203872019739996468e-01
 4.207602801055882469e-01
 4.212860112212947761e-01
 4.214192553573848921e-01
 4.218250070783055028e-01
 4.213889290280400934e-01
 3.026464624936726078e-01
 3.026601460453428039e-01
 3.027242582445961450e-01
 3.029600976387418765e-01
 3.035856598247016480e-01
 3.052544549974601784e-01
 3.092072141870856328e-01
 3.189058810134509092e-01
 3.408879528627162814e-01
 3.659724766111593919e-01
 3.866528446452855428e-01
 3.907154261894030811e-01
 3.956045842750544606e-01
 3.969094835164482804e-01
 4.000550728010126011e-01
 4.027578295719208556e-01
 4.053516848965191266e-01
 4.069335399678667420e-01
 4.074561913529817225e-01
 4.083232737137481028e-01
 4.094975461837812025e-01
 4.107380991778344370e-01
 4.118973581931636430e-01
 4.126716134138597170e-01
 4.133012150221667680e-01
 4.139583034539555118e-01
 4.146371317413665158e-01
 4.153162323552322954e-01
 4.159687042576457050e-01
 4.164711076542382817e-01
 4.167947485706522404e-01
 4.171979568376100733e-01
 4.177007231712817625e-01
 4.182776970068372013e-01
 4.188042164694788516e-01
 4.191971470769476626e-01
 4.197354785736328031e-01
 4.198961623737635929e-01
 4.204850959035187907e-01
 4.202113069636703169e-01
 3.026450488634468972e-01
 3.026474863738438659e-01
 3.026602809909262892e-01
 3.027121432097680809e-01
 3.028626308035676229e-01
 3.032879663332865294e-01
 3.043750637431658634e-01
 3.071349563496043600e-01
 3.129625810098785044e-01
 3.273693875477585724e-01
 3.526888308996563026e-01
 3.750701682284355853e-01
 3.897186884463749168e-01
 3.917658714117079888e-01
 3.960699131319314059e-01
 3.974879976326421982e-01
 3.997841366529378826e-01
 4.012541267401855127e-01
 4.026708019420516260e-01
 4.040907575600641288e-01
 4.057141276817876063e-01
 4.073293883472529631e-01
 4.088255569259550137e-01
 4.098020465970710347e-01
 4.105125885240993311e-01
 4.111603327569772204e-01
 4.118550182083566824e-01
 4.126383944647372126e-01
 4.134428886857445806e-01
 4.140820365533748326e-01
 4.145859846137292526e-01
 4.151658992031830309e-01
 4.158630064318341590e-01
 4.165786844599479455e-01
 4.171391110281553183e-01
 4.175267477503642466e-01
 4.180930411532229884e-01
 4.184099961990030425e-01
 4.192436478349592099e-01
 4.190802688447709534e-01
 3.026448198976147141e-01
 3.026452567505464875e-01
 3.026477715016951953e-01
 3.026588876779163773e-01
 3.026941896389573339e-01
 3.028006657958655645e-01
 3.030869498970309439e-01
 3.038502815726628059e-01
 3.055565740065853686e-01
 3.095064870416006086e-01
 3.187858756262044180e-01
 3.393316948296090652e-01
 3.643410583456802021e-01
 3.779401880593355467e-01
 3.869098194940081559e-01
 3.892463686571044357e-01
 3.934865623674453361e-01
 3.955104901446427346e-01
 3.984830066657456538e-01
 4.008209878101720580e-01
 4.025744053455418414e-01
 4.038987290714929346e-01
 4.052565079654228963e-01
 4.062078861903495319e-01
 4.069566996652576041e-01
 4.077871035131265809e-01
 4.087921094763023455e-01
 4.098852987686155691e-01
 4.109534523961291819e-01
 4.117575835728248812e-01
 4.124060768864478144e-01
 4.130752393451830318e-01
 4.138824622359378869e-01
 4.146670472835288224e-01
 4.152183798206421361e-01
 4.156402761446933991e-01
 4.163120564785469657e-01
 4.168889664377620208e-01
 4.179551397552444536e-01
 4.179006755899732917e-01
 3.026447792818072191e-01
 3.026448596526572499e-01
 3.026453487507663742e-01
 3.026476776752262121e-01
 3.026557547193351461e-01
 3.026816999790999385e-01
 3.027555353414225214e-01
 3.029612095325764920e-01
 3.034335227154114079e-01
 3.045917707960110743e-01
 3.073155722454372074e-01
 3.134356491130967370e-01
 3.273459185245858327e-01
 3.528457215495500177e-01
 3.741931271145157445e-01
 3.835814849042670227e-01
 3.897771602391497670e-01
 3.912219049620313527e-01
 3.940861048437959147e-01
 3.957900537663547880e-01
 3.979831220446376494e-01
 3.994713268141819595e-01
 4.010875987923844255e-01
 4.024129344351619619e-01
 4.037156031831563574e-01
 4.050514904306972142e-01
 4.063609677944994281e-01
 4.075351736853845552e-01
 4.086406471362201698e-01
 4.094996903102546826e-01
 4.102361989098548545e-01
 4.109530024248310154e-01
 4.118185884422443377e-01
 4.126273269095188656e-01
 4.132667973048299026e-01
 4.138235467827526826e-01
 4.146768595595818341e-01
 4.154773760079074063e-01
 4.166585442144007390e-01
 4.166990295963341473e-01
 3.026447798825543933e-01
 3.026447885131880455e-01
 3.026448842310622833e-01
 3.026453633474630034e-01
 3.026471584772370549e-01
 3.026532818535104807e-01
 3.026716847267357791e-01
 3.027251194494925413e-01
 3.028535511636236133e-01
 3.031758609499166646e-01
 3.039538211699999160e-01
 3.058149035843831798e-01
 3.097094477828706283e-01
 3.189795789256916203e-01
 3.383192209761539671e-01
 3.636168710896759415e-01
 3.781199868620612747e-01
 3.848053213509476378e-01
 3.889185311532799560e-01
 3.907542587115395150e-01
 3.933196590502492929e-01
 3.948510423818251125e-01
 3.970478949904377441e-01
 3.989226360477376443e-01
 4.008256548740267711e-01
 4.024699262642510988e-01
 4.036306234798526793e-01
 4.046143764071240545e-01
 4.057377516475298429e-01
 4.068539599112816485e-01
 4.079070857551488904e-01
 4.087868051652842616e-01
 4.097279590441446073e-01
 4.105471292769368730e-01
 4.112800052040900267e-01
 4.119725819174238080e-01
 4.129742359912857430e-01
 4.139069160456603780e-01
 4.151022287575453218e-01
 4.152947490223017901e-01
 3.026447824667673481e-01
 3.026447800245731234e-01
 3.026447940391641112e-01
 3.026448933101223981e-01
 3.026452874487768896e-01
 3.026467064185742184e-01
 3.026512083796454866e-01
 3.026648453335811784e-01
 3.026992960999764226e-01
 3.027886099828967503e-01
 3.030090330200958526e-01
 3.035503388546023640e-01
 3.047362385040846555e-01
 3.075080970409719283e-01
 3.134084903609821726e-01
 3.286287851139240712e-01
 3.512837352122816781e-01
 3.727852376817760160e-01
 3.806160378047219739e-01
 3.840747283151022540e-01
 3.877201856808564218e-01
 3.903586560057836219e-01
 3.935223610541532802e-01
 3.959053721223293465e-01
 3.980996923789066888e-01
 3.995796676966008598e-01
 4.004208397043736434e-01
 4.014584414078697927e-01
 4.027711146022812105e-01
 4.041324901291655780e-01
 4.054308861947391596e-01
 4.064699581422184793e-01
 4.075437884131486999e-01
 4.084658759584150478e-01
 4.093664088141771851e-01
 4.102103237998266372e-01
 4.113002530333094708e-01
 4.122484099610483343e-01
 4.134241846526677255e-01
 4.138390721719194532e-01
 3.026447814509619638e-01
 3.026447823964509287e-01
 3.026447806093940374e-01
 3.026447969381720893e-01
 3.026448836397239162e-01
 3.026452083677063642e-01
 3.026462889874081963e-01
 3.026496993403983704e-01
 3.026587843294692437e-01
 3.026831463566327929e-01
 3.027448791914550963e-01
 3.029011812067503029e-01
 3.032485306721782181e-01
 3.040774409565103475e-01
 3.059506235233857008e-01
 3.102848715132984214e-01
 3.201904269618207066e-01
 3.412878619185165663e-01
 3.631177029232764975e-01
 3.790650986269964440e-01
 3.841063331044157203e-01
 3.878185496328603876e-01
 3.900631448055351669e-01
 3.917012464711636666e-01
 3.934393360713749344e-01
 3.949564109504697385e-01
 3.964810778834680360e-01
 3.983649984366698371e-01
 4.002811639260921983e-01
 4.019040963264378652e-01
 4.031741936778721058e-01
 4.041611592990985158e-01
 4.052674665034680657e-01
 4.063291198906928692e-01
 4.074482669333788776e-01
 4.084364366808225233e-01
 4.095678981577683397e-01
 4.104861643091459733e-01
 4.115587235579855063e-01
 4.123947814654143063e-01
 3.026447818256745026e-01
 3.026447816050454320e-01
 3.026447822215153627e-01
 3.026447819564619945e-01
 3.026447961582306445e-01
 3.026448704086968089e-01
 3.026451274969612637e-01
 3.026459683159061775e-01
 3.026483330779372038e-01
 3.026549133305097561e-01
 3.026721037681609494e-01
 3.027168735640630159e-01
 3.028192778758618808e-01
 3.030672487260531178e-01
 3.036393430846759389e-01
 3.050186793407476671e-01
 3.080393753100796328e-01
 3.150220805925112999e-01
 3.313778719113186777e-01
 3.573828325921697413e-01
 3.707432977114377137e-01
 3.818969959678464865e-01
 3.841943520763471120e-01
 3.873034264187206199e-01
 3.893810329142349813e-01
 3.914853292594512313e-01
 3.941129569432401669e-01
 3.964089883400687131e-01
 3.982790418392944121e-01
 3.995526520631769163e-01
 4.006385558211969511e-01
 4.017308081508847439e-01
 4.030330510626600748e-01
 4.043289621561594327e-01
 4.056297668230964271e-01
 4.066692025202877092e-01
 4.078039803282020315e-01
 4.087541373995317584e-01
 4.098399056813399888e-01
 4.110083910436089782e-01
 3.026447817276797236e-01
 3.026447818000259637e-01
 3.026447816271620739e-01
 3.026447823031763185e-01
 3.026447826979450917e-01
 3.026447945297632836e-01
 3.026448548009526007e-01
 3.026450589816438996e-01
 3.026456593845818221e-01
 3.026473898048942512e-01
 3.026520566282818181e-01
 3.026645381108833965e-01
 3.026940638646390402e-01
 3.027669356960671632e-01
 3.029389890520560180e-01
 3.033558332657130263e-01
 3.042868744294828232e-01
 3.065080339354005479e-01
 3.114214642373235309e-01
 3.241349873808185289e-01
 3.468097424860135392e-01
 3.703451400709003583e-01
 3.764513815722989598e-01
 3.825870173707072719e-01
 3.846433086445193994e-01
 3.883491009118836268e-01
 3.917530699122729887e-01
 3.938772766635501021e-01
 3.952032896326116429e-01
 3.962295628133433167e-01
 3.977440226181208627e-01
 3.993401109028901774e-01
 4.010157022773765956e-01
 4.024722839829182330e-01
 4.036969253013790171e-01
 4.046564844381979054e-01
 4.058198759511227327e-01
 4.069600262056302098e-01
 4.081679385136845473e-01
 4.096419114823788288e-01
 3.026447817660373185e-01
 3.026447817503953863e-01
 3.026447817608607926e-01
 3.026447817241041949e-01
 3.026447821898141655e-01
 3.026447832252847636e-01
 3.026447921673757202e-01
 3.026448409720993160e-01
 3.026449927983514421e-01
 3.026454431130154443e-01
 3.026466968008633684e-01
 3.026501410224784472e-01
 3.026586058268119772e-01
 3.026799870379807689e-01
 3.027315820056880047e-01
 3.028586784398188958e-01
 3.031456572812564199e-01
 3.038380973503783111e-01
 3.054565827434483349e-01
 3.093132332537399942e-01
 3.184877752388711736e-01
 3.392660588058589721e-01
 3.625411701619601357e-01
 3.784687888650291043e-01
 3.814607513609179490e-01
 3.866491860278593040e-01
 3.884327659960993273e-01
 3.899449822127874499e-01
 3.911324994587652149e-01
 3.927166346452187762e-01
 3.951297219617171952e-01
 3.972354581544523255e-01
 3.991184213148801785e-01
 4.005488199191566956e-01
 4.017192044412979945e-01
 4.027735639152495439e-01
 4.040767633488707156e-01
 4.054007882474423563e-01
 4.066408876217412760e-01
 4.082523572528924394e-01
 3.026447817532229023e-01
 3.026447817651360395e-01
 3.026447817474471336e-01
 3.026447817537597507e-01
 3.026447817428341014e-01
 3.026447821604696387e-01
 3.026447831553608081e-01
 3.026447903227822978e-01
 3.026448268517483720e-01
 3.026449436322771191e-01
 3.026452768471596388e-01
 3.026462140137640144e-01
 3.026486096259299874e-01
 3.026548183210940324e-01
 3.026701518876363517e-01
 3.027085454591150193e-01
 3.027968984677539277e-01
 3.030131174369382063e-01
 3.035229795038543732e-01
 3.047779878960981126e-01
 3.077035023171212913e-01
 3.148620272439683898e-01
 3.333127418455975599e-01
 3.581111559615042794e-01
 3.704419654905884429e-01
 3.795760355590915847e-01
 3.816594524139123035e-01
 3.857642531884061809e-01
 3.879256431456017395e-01
 3.905633616592738000e-01
 3.931733266287817385e-01
 3.949836362395622302e-01
 3.968025701037178332e-01
 3.981873796631574813e-01
 3.994167127636511494e-01
 4.007585454098736566e-01
 4.023549768728565401e-01
 4.038364836754193554e-01
 4.050389038310623357e-01
 4.067272732246302036e-01
 3.026447817581284783e-01
 3.026447817570113163e-01
 3.026447817607032520e-01
 3.026447817561285225e-01
 3.026447817311627708e-01
 3.026447818012546476e-01
 3.026447819737878020e-01
 3.026447832639009294e-01
 3.026447882362059971e-01
 3.026448162017891241e-01
 3.026449056249326808e-01
 3.026451623807285829e-01
 3.026458442867921428e-01
 3.026476626634825862e-01
 3.026522742287419132e-01
 3.026640574058619415e-01
 3.026918789260449327e-01
 3.027610191162996012e-01
 3.029269371653846021e-01
 3.033368737339051102e-01
 3.043084793920030617e-01
 3.067647444480918195e-01
 3.127552369030744961e-01
 3.285645450827212599e-01
 3.563369401934975977e-01
 3.742876447808836105e-01
 3.778554036267535721e-01
 3.832921619930103052e-01
 3.854157417023750254e-01
 3.885357342110272727e-01
 3.911439793392124664e-01
 3.927535058252665801e-01
 3.946586690974308587e-01
 3.959994266535552532e-01
 3.974387529325106860e-01
 3.990243565144362403e-01
 4.007437830964667991e-01
 4.022790120234323585e-01
 4.034237041074889563e-01
 4.051195222332624746e-01
 3.026447817572181509e-01
 3.026447817581502941e-01
 3.026447817566570442e-01
 3.026447817608895474e-01
 3.026447817538360230e-01
 3.026447817330733536e-01
 3.026447817849678423e-01
 3.026447819049590815e-01
 3.026447830017632845e-01
 3.026447869164148319e-01
 3.026448072879328044e-01
 3.026448768089792241e-01
 3.026450679193932181e-01
 3.026455893515061502e-01
 3.026469453542702248e-01
 3.026504780005681572e-01
 3.026590742156335945e-01
 3.026808208604025996e-01
 3.027338267676977224e-01
 3.028663073302950703e-01
 3.031833122641781064e-01
 3.039930284865339227e-01
 3.060480234327294102e-01
 3.111494117220668931e-01
 3.259496977437774112e-01
 3.504556914676579815e-01
 3.700353696248862012e-01
 3.796011373028909675e-01
 3.829730982577784215e-01
 3.861424057731169257e-01
 3.877488029013736459e-01
 3.896369997385643602e-01
 3.919309911482343756e-01
 3.936640615662386211e-01
 3.955377057245298977e-01
 3.972803855557192065e-01
 3.989514388659666233e-01
 4.004321963307551080e-01
 4.015864038073384545e-01
 4.034194514225056816e-01
 3.026447817575201871e-01
 3.026447817579008825e-01
 3.026447817570468990e-01
 3.026447817588117095e-01
 3.026447817580650845e-01
 3.026447817569646315e-01
 3.026447817383156602e-01
 3.026447817833654574e-01
 3.026447818673129175e-01
 3.026447828471452994e-01
 3.026447857221391535e-01
 3.026448009455877663e-01
 3.026448537885711443e-01
 3.026450036772218022e-01
 3.026454017236068217e-01
 3.026464584765584664e-01
 3.026491163253965389e-01
 3.026559825653426516e-01
 3.026730314989209969e-01
 3.027161890176442438e-01
 3.028210571486103508e-01
 3.030923286868364430e-01
 3.037818060350677141e-01
 3.055762330208435795e-01
 3.103227070760495310e-01
 3.238191228981437964e-01
 3.516112549152252131e-01
 3.687237761689933779e-01
 3.768583635812582933e-01
 3.808039560017212333e-01
 3.840680839823727433e-01
 3.874207508911379771e-01
 3.902215966584481333e-01
 3.921072202077065527e-01
 3.940332306885168667e-01
 3.956003937534079973e-01
 3.970928537060216534e-01
 3.985986619351697957e-01
 3.998216315915770758e-01
 4.018027946883496182e-01
 3.026447817574666743e-01
 3.026447817575859123e-01
 3.026447817577470611e-01
 3.026447817568961862e-01
 3.026447817592867184e-01
 3.026447817572407994e-01
 3.026447817561120357e-01
 3.026447817509595462e-01
 3.026447817473073565e-01
 3.026447818996073069e-01
 3.026447825491410670e-01
 3.026447850807915119e-01
 3.026447958752450651e-01
 3.026448375312921768e-01
 3.026449542551062355e-01
 3.026452682156297591e-01
 3.026460824325016286e-01
 3.026482320482977162e-01
 3.026536739754155936e-01
 3.026676495209423834e-01
 3.027022214355001850e-01
 3.027927569794350848e-01
 3.030251319323650216e-01
 3.036332688474562835e-01
 3.052764593936697080e-01
 3.097687386448905733e-01
 3.231342315004162580e-01
 3.482707876157427607e-01
 3.715235353760890091e-01
 3.776874324866159593e-01
 3.821867154937849120e-01
 3.850674940899846410e-01
 3.872097479985920354e-01
 3.893641171227844033e-01
 3.914464225467856329e-01
 3.931691155002101090e-01
 3.948719730380015336e-01
 3.965836266988744252e-01
 3.979269129319606968e-01
 4.001961836891878566e-01
 3.026447817574841048e-01
 3.026447817574824950e-01
 3.026447817575609323e-01
 3.026447817576138899e-01
 3.026447817570581122e-01
 3.026447817592626266e-01
 3.026447817558923781e-01
 3.026447817588427958e-01
 3.026447817514724137e-01
 3.026447817418648212e-01
 3.026447818649938282e-01
 3.026447823974925955e-01
 3.026447843943060878e-01
 3.026447928591330383e-01
 3.026448260304301363e-01
 3.026449226836350759e-01
 3.026451808004012034e-01
 3.026458773980046368e-01
 3.026476813411600464e-01
 3.026523984239164466e-01
 3.026643384987021124e-01
 3.026960540266415700e-01
 3.027781552534143383e-01
 3.029958891232134022e-01
 3.035768880663647917e-01
 3.052293884313029282e-01
 3.099297583854525029e-01
 3.236636707186943962e-01
 3.514600064110621758e-01
 3.690075554006221892e-01
 3.787781903858665755e-01
 3.805539333653963352e-01
 3.841949391212362008e-01
 3.872311223368638533e-01
 3.894088360119338232e-01
 3.913801414170197668e-01
 3.931933389564876702e-01
 3.949830656633802617e-01
 3.964528514652572166e-01
 3.988868926219688582e-01
 3.026447817574621224e-01
 3.026447817574405286e-01
 3.026447817574945409e-01
 3.026447817575322885e-01
 3.026447817573756360e-01
 3.026447817576578547e-01
 3.026447817579241417e-01
 3.026447817572135990e-01
 3.026447817577747612e-01
 3.026447817544363206e-01
 3.026447817268604901e-01
 3.026447818479108820e-01
 3.026447822236673635e-01
 3.026447839840579190e-01
 3.026447903672894735e-01
 3.026448172971311079e-01
 3.026448978639917908e-01
 3.026451198419045086e-01
 3.026457051413606880e-01
 3.026472603074523704e-01
 3.026512932653050991e-01
 3.026621709028318730e-01
 3.026906590651888274e-01
 3.027669915183962002e-01
 3.029711054130699299e-01
 3.035544318283771026e-01
 3.052515122475710774e-01
 3.100942011953662925e-01
 3.251643371550193007e-01
 3.532400801387421407e-01
 3.720201291619456008e-01
 3.757602125632970025e-01
 3.817122971318817060e-01
 3.846492089474815024e-01
 3.871188136059102725e-01
 3.895013959668597869e-01
 3.913881238637115789e-01
 3.930374641159466442e-01
 3.944980583096103777e-01
 3.970218197125427451e-01
 3.026447817574271504e-01
 3.026447817574562382e-01
 3.026447817574025034e-01
 3.026447817575554922e-01
 3.026447817573648669e-01
 3.026447817575907973e-01
 3.026447817574047794e-01
 3.026447817580284472e-01
 3.026447817566781384e-01
 3.026447817600790291e-01
 3.026447817506444093e-01
 3.026447817294592446e-01
 3.026447818026395398e-01
 3.026447821574662078e-01
 3.026447835237133788e-01
 3.026447887698388572e-01
 3.026448109599038649e-01
 3.026448820059254308e-01
 3.026450737293554516e-01
 3.026455898743815598e-01
 3.026469622321884545e-01
 3.026507284227032968e-01
 3.026607339257403329e-01
 3.026878774757194024e-01
 3.027607931833162236e-01
 3.029711201854866642e-01
 3.035802222941463291e-01
 3.053810606266458838e-01
 3.107423062841853656e-01
 3.289416821732282781e-01
 3.563885173404841011e-01
 3.699192078350871382e-01
 3.805879348415018848e-01
 3.819838559756354446e-01
 3.847237053612149738e-01
 3.873626116338536041e-01
 3.889341433652198088e-01
 3.910866834215886434e-01
 3.928952379187857225e-01
 3.955929658951165551e-01
 3.026447817574227095e-01
 3.026447817574348664e-01
 3.026447817574232646e-01
 3.026447817574453025e-01
 3.026447817574526300e-01
 3.026447817574516308e-01
 3.026447817574399735e-01
 3.026447817576651822e-01
 3.026447817573454935e-01
 3.026447817576106702e-01
 3.026447817602299084e-01
 3.026447817501927151e-01
 3.026447817316993971e-01
 3.026447817846181221e-01
 3.026447820526364518e-01
 3.026447832513608494e-01
 3.026447875311127911e-01
 3.026448068886620768e-01
 3.026448690534963570e-01
 3.026450399993526053e-01
 3.026455030291417270e-01
 3.026467933550770484e-01
 3.026502722024805858e-01
 3.026598256453971736e-01
 3.026857235232283116e-01
 3.027609657524105713e-01
 3.029793213960996767e-01
 3.036292669604644390e-01
 3.056084851033962768e-01
 3.120401901266923739e-01
 3.312943784006175951e-01
 3.604945274868222582e-01
 3.752136455890192623e-01
 3.768917488644502600e-01
 3.820546019835209806e-01
 3.854207295974576564e-01
 3.871842331650237057e-01
 3.898268900711120977e-01
 3.915978463991328651e-01
 3.940011308344417706e-01
 3.026447817574198784e-01
 3.026447817574305366e-01
 3.026447817574185462e-01
 3.026447817574406396e-01
 3.026447817574147159e-01
 3.026447817574832166e-01
 3.026447817573785226e-01
 3.026447817575444454e-01
 3.026447817575237398e-01
 3.026447817572567867e-01
 3.026447817579127619e-01
 3.026447817609130286e-01
 3.026447817481700553e-01
 3.026447817407727503e-01
 3.026447817653190597e-01
 3.026447820039611103e-01
 3.026447830596856181e-01
 3.026447870829409026e-01
 3.026448047981613598e-01
 3.026448642718794213e-01
 3.026450306862710216e-01
 3.026455001813816437e-01
 3.026467851991531122e-01
 3.026503615609348330e-01
 3.026601638556167262e-01
 3.026887894123956868e-01
 3.027717312803215322e-01
 3.030201029302619364e-01
 3.037670077389223455e-01
 3.062546415668392918e-01
 3.138401226164218016e-01
 3.377222520394794203e-01
 3.623212762349826699e-01
 3.722485883811659235e-01
 3.810833762915606937e-01
 3.826591712210661855e-01
 3.850573660663744180e-01
 3.880688748228878771e-01
 3.896695494424465833e-01
 3.921636196853742762e-01
 3.026447817574217103e-01
 3.026447817574236532e-01
 3.026447817574224319e-01
 3.026447817574259846e-01
 3.026447817574234311e-01
 3.026447817574336452e-01
 3.026447817574404731e-01
 3.026447817574171029e-01
 3.026447817574707266e-01
 3.026447817576342070e-01
 3.026447817566336185e-01
 3.026447817596144008e-01
 3.026447817573894583e-01
 3.026447817534166917e-01
 3.026447817424209319e-01
 3.026447817678458163e-01
 3.026447819506393189e-01
 3.026447830307126829e-01
 3.026447866166601663e-01
 3.026448034220672323e-01
 3.026448612064063237e-01
 3.026450287467610245e-01
 3.026454917593389693e-01
 3.026467934388603065e-01
 3.026504072468556017e-01
 3.026610241392974632e-01
 3.026918453384878638e-01
 3.027844555474814014e-01
 3.030618644452753863e-01
 3.039790234984666717e-01
 3.068971472877403128e-01
 3.166823620361115532e-01
 3.425950705771941274e-01
 3.681887700629244975e-01
 3.761808082229999295e-01
 3.791423614093279437e-01
 3.831617067007102584e-01
 3.861838445482694282e-01
 3.875814162057017453e-01
 3.903472773559126807e-01
 3.026447817574217658e-01
 3.026447817574229315e-01
 3.026447817574208776e-01
 3.026447817574247079e-01
 3.026447817574203780e-01
 3.026447817574281496e-01
 3.026447817574210997e-01
 3.026447817574544064e-01
 3.026447817573545973e-01
 3.026447817576484733e-01
 3.026447817571670806e-01
 3.026447817572173182e-01
 3.026447817590546818e-01
 3.026447817566089715e-01
 3.026447817550145802e-01
 3.026447817461759282e-01
 3.026447817553272746e-01
 3.026447819612393397e-01
 3.026447829395155220e-01
 3.026447864545500077e-01
 3.026448029767200287e-01
 3.026448626821687804e-01
 3.026450321311108804e-01
 3.026455119313731235e-01
 3.026468616497983710e-01
 3.026508553644976507e-01
 3.026624962267600027e-01
 3.026976181534178911e-01
 3.028023121722266953e-01
 3.031474576714116020e-01
 3.042551119767413770e-01
 3.080089299581976747e-01
 3.204030161142519817e-01
 3.499474629352224420e-01
 3.668918856677676477e-01
 3.759497034113475911e-01
 3.811335260217381116e-01
 3.830158849732814841e-01
 3.850144188725183603e-01
 3.886313797537214731e-01
 3.026447817574211552e-01
 3.026447817574214882e-01
 3.026447817574210997e-01
 3.026447817574220989e-01
 3.026447817574205446e-01
 3.026447817574265398e-01
 3.026447817574109411e-01
 3.026447817574557386e-01
 3.026447817573654775e-01
 3.026447817575132482e-01
 3.026447817574300925e-01
 3.026447817573268972e-01
 3.026447817573371113e-01
 3.026447817588033273e-01
 3.026447817556537356e-01
 3.026447817580880106e-01
 3.026447817409972374e-01
 3.026447817656988115e-01
 3.026447819309347476e-01
 3.026447829655548039e-01
 3.026447863189635212e-01
 3.026448037972184757e-01
 3.026448647410708293e-01
 3.026450405685219280e-01
 3.026455387201271163e-01
 3.026470200256560217e-01
 3.026513583207962044e-01
 3.026644978228608673e-01
 3.027036203405416570e-01
 3.028321258712643460e-01
 3.032475228741441931e-01
 3.046659302024890548e-01
 3.092718203404686284e-01
 3.257310669779797108e-01
 3.535556156457881349e-01
 3.734721598197271453e-01
 3.768831384510939464e-01
 3.806687499465525870e-01
 3.834924565796034024e-01
 3.873003769996848367e-01
 3.026447817574210997e-01
 3.026447817574216548e-01
 3.026447817574209886e-01
 3.026447817574225985e-01
 3.026447817574199894e-01
 3.026447817574261512e-01
 3.026447817574144383e-01
 3.026447817574350885e-01
 3.026447817574179355e-01
 3.026447817574029475e-01
 3.026447817574942634e-01
 3.026447817573780785e-01
 3.026447817573373333e-01
 3.026447817577816446e-01
 3.026447817577643806e-01
 3.026447817574791643e-01
 3.026447817545696584e-01
 3.026447817456065503e-01
 3.026447817555829034e-01
 3.026447819587026467e-01
 3.026447830406583384e-01
 3.026447868121461271e-01
 3.026448064460253717e-01
 3.026448748297289049e-01
 3.026450717896856935e-01
 3.026456577598289899e-01
 3.026473795701197789e-01
 3.026526077982549801e-01
 3.026681336401885747e-01
 3.027187186537916852e-01
 3.028818270418521807e-01
 3.034375444404789901e-01
 3.052474668054984130e-01
 3.116334094121813725e-01
 3.335176098535685418e-01
 3.621175366292970765e-01
 3.701246252841793316e-01
 3.780984294146574332e-01
 3.816301455118915609e-01
 3.852259904333346641e-01
 3.026447817574211552e-01
 3.026447817574214882e-01
 3.026447817574209331e-01
 3.026447817574220989e-01
 3.026447817574201005e-01
 3.026447817574243193e-01
 3.026447817574187682e-01
 3.026447817574225985e-01
 3.026447817574246524e-01
 3.026447817574153820e-01
 3.026447817574124954e-01
 3.026447817574990373e-01
 3.026447817572457399e-01
 3.026447817576650157e-01
 3.026447817571846777e-01
 3.026447817584825839e-01
 3.026447817566195742e-01
 3.026447817553666320e-01
 3.026447817433007836e-01
 3.026447817566890186e-01
 3.026447819615095680e-01
 3.026447832494700285e-01
 3.026447873223882534e-01
 3.026448100222640658e-01
 3.026448857018761429e-01
 3.026451122076488920e-01
 3.026457771562164889e-01
 3.026477960192744399e-01
 3.026537970428001545e-01
 3.026732210124023492e-01
 3.027356998189407178e-01
 3.029479902113477729e-01
 3.036342761043239746e-01
 3.061201637233801343e-01
 3.147949698025537257e-01
 3.395155728691562347e-01
 3.623914987186188652e-01
 3.760958424981070136e-01
 3.790601964174861727e-01
 3.828818482837517689e-01
 3.026447817574211552e-01
 3.026447817574215993e-01
 3.026447817574211552e-01
 3.026447817574218768e-01
 3.026447817574208776e-01
 3.026447817574218213e-01
 3.026447817574216548e-01
 3.026447817574198229e-01
 3.026447817574232091e-01
 3.026447817574265398e-01
 3.026447817574001720e-01
 3.026447817574713928e-01
 3.026447817573591492e-01
 3.026447817574677290e-01
 3.026447817573735821e-01
 3.026447817576050081e-01
 3.026447817579394628e-01
 3.026447817578915012e-01
 3.026447817519283823e-01
 3.026447817535429241e-01
 3.026447817229557802e-01
 3.026447820601671501e-01
 3.026447833063299342e-01
 3.026447884073626415e-01
 3.026448145809503831e-01
 3.026449031705642501e-01
 3.026451641084048627e-01
 3.026459546837285131e-01
 3.026483093185408091e-01
 3.026558861708094628e-01
 3.026801782287570908e-01
 3.027624092184069138e-01
 3.030267710865258701e-01
 3.039815134242241923e-01
 3.073783320016603149e-01
 3.191467887903882139e-01
 3.484869247984857532e-01
 3.693077853168293956e-01
 3.738662108415032881e-01
 3.804922572386171820e-01
 3.026447817574208221e-01
 3.026447817574211552e-01
 3.026447817574208776e-01
 3.026447817574214327e-01
 3.026447817574210997e-01
 3.026447817574208776e-01
 3.026447817574212107e-01
 3.026447817574214327e-01
 3.026447817574182131e-01
 3.026447817574307586e-01
 3.026447817574025589e-01
 3.026447817574460797e-01
 3.026447817573997834e-01
 3.026447817574489108e-01
 3.026447817573692523e-01
 3.026447817574470234e-01
 3.026447817575230737e-01
 3.026447817581666144e-01
 3.026447817568851395e-01
 3.026447817549963726e-01
 3.026447817456303091e-01
 3.026447817463143175e-01
 3.026447820790834076e-01
 3.026447836255233836e-01
 3.026447895615613781e-01
 3.026448212861392317e-01
 3.026449230683108116e-01
 3.026452296053767643e-01
 3.026461417201115056e-01
 3.026490572959018577e-01
 3.026583665062892448e-01
 3.026897347036610619e-01
 3.027901135150888878e-01
 3.031522866422452500e-01
 3.044451669893805668e-01
 3.090058311127086288e-01
 3.246386574458965946e-01
 3.521499646750501644e-01
 3.674435788350008947e-01
 3.787978704289590715e-01
 3.026447817574210997e-01
 3.026447817574213217e-01
 3.026447817574208776e-01
 3.026447817574213772e-01
 3.026447817574210442e-01
 3.026447817574212107e-01
 3.026447817574210997e-01
 3.026447817574229870e-01
 3.026447817574184351e-01
 3.026447817574277055e-01
 3.026447817574141608e-01
 3.026447817574276500e-01
 3.026447817574155486e-01
 3.026447817574323129e-01
 3.026447817573955090e-01
 3.026447817574917099e-01
 3.026447817570816490e-01
 3.026447817585241618e-01
 3.026447817556537356e-01
 3.026447817620379621e-01
 3.026447817448896793e-01
 3.026447817573590937e-01
 3.026447817277457819e-01
 3.026447822554076961e-01
 3.026447838794077971e-01
 3.026447920204554110e-01
 3.026448314670722173e-01
 3.026449571695538632e-01
 3.026453302294710990e-01
 3.026465122457774326e-01
 3.026502672498126989e-01
 3.026628451536757525e-01
 3.027028491465038051e-01
 3.028456313298614200e-01
 3.033525541072462639e-01
 3.051838701325031988e-01
 3.112628074305414660e-01
 3.329911836699605554e-01
 3.595106984762624358e-01
 3.750956868025319135e-01
 3.026447817574208221e-01
 3.026447817574209886e-01
 3.026447817574207111e-01
 3.026447817574207666e-01
 3.026447817574210442e-01
 3.026447817574215993e-01
 3.026447817574208776e-01
 3.026447817574227650e-01
 3.026447817574194898e-01
 3.026447817574240418e-01
 3.026447817574198229e-01
 3.026447817574227095e-01
 3.026447817574179355e-01
 3.026447817574287047e-01
 3.026447817574016708e-01
 3.026447817574900445e-01
 3.026447817571998322e-01
 3.026447817578345467e-01
 3.026447817570017129e-01
 3.026447817584363431e-01
 3.026447817579850930e-01
 3.026447817484739233e-01
 3.026447817485768410e-01
 3.026447817493216896e-01
 3.026447823811532212e-01
 3.026447843616081879e-01
 3.026447952224611826e-01
 3.026448443564419555e-01
 3.026449941789920439e-01
 3.026454622050987475e-01
 3.026469363331936724e-01
 3.026518285712511691e-01
 3.026673557006235860e-01
 3.027222035812419665e-01
 3.029158203174103781e-01
 3.036198230489363104e-01
 3.059786973034713808e-01
 3.147625744138852766e-01
 3.370628800647139101e-01
 3.654865017276640593e-01
 3.026447817574215438e-01
 3.026447817574215438e-01
 3.026447817574215438e-01
 3.026447817574215438e-01
 3.026447817574213772e-01
 3.026447817574222099e-01
 3.026447817574215993e-01
 3.026447817574229870e-01
 3.026447817574214882e-01
 3.026447817574227095e-01
 3.026447817574219878e-01
 3.026447817574243748e-01
 3.026447817574163812e-01
 3.026447817574391963e-01
 3.026447817573726384e-01
 3.026447817575472210e-01
 3.026447817571462084e-01
 3.026447817578852284e-01
 3.026447817566831899e-01
 3.026447817587684663e-01
 3.026447817562375464e-01
 3.026447817612775704e-01
 3.026447817395990780e-01
 3.026447817622828218e-01
 3.026447817531701667e-01
 3.026447826611099456e-01
 3.026447847594315732e-01
 3.026448000827998142e-01
 3.026448598260204070e-01
 3.026450480828906664e-01
 3.026456347283299486e-01
 3.026475623396435721e-01
 3.026536741902501881e-01
 3.026750199138228403e-01
 3.027498399145881480e-01
 3.030231058980802361e-01
 3.039265056470480397e-01
 3.073432175136239786e-01
 3.180833376744852670e-01
 3.521370505094568726e-01
 3.026447817574210997e-01
 3.026447817574212662e-01
 3.026447817574210442e-01
 3.026447817574213772e-01
 3.026447817574209331e-01
 3.026447817574210997e-01
 3.026447817574208221e-01
 3.026447817574214882e-01
 3.026447817574208776e-01
 3.026447817574219323e-01
 3.026447817574206556e-01
 3.026447817574251520e-01
 3.026447817574121624e-01
 3.026447817574443033e-01
 3.026447817573694188e-01
 3.026447817575255717e-01
 3.026447817572515686e-01
 3.026447817576407573e-01
 3.026447817571444876e-01
 3.026447817576520261e-01
 3.026447817574091648e-01
 3.026447817588391320e-01
 3.026447817551189967e-01
 3.026447817507807447e-01
 3.026447817253093975e-01
 3.026447818975402382e-01
 3.026447828177515897e-01
 3.026447859945299856e-01
 3.026448058953694065e-01
 3.026448808726841522e-01
 3.026451132175056458e-01
 3.026458632291750828e-01
 3.026482349553912821e-01
 3.026564070352970592e-01
 3.026847801034930341e-01
 3.027882396865996806e-01
 3.031279413498730313e-01
 3.044176092255895250e-01
 3.086469713786419988e-01
 3.333328912553349954e-01
 3.026447817574207666e-01
 3.026447817574209886e-01
 3.026447817574207666e-01
 3.026447817574212662e-01
 3.026447817574210997e-01
 3.026447817574208776e-01
 3.026447817574205446e-01
 3.026447817574211552e-01
 3.026447817574207666e-01
 3.026447817574217658e-01
 3.026447817574198229e-01
 3.026447817574252075e-01
 3.026447817574113297e-01
 3.026447817574426935e-01
 3.026447817573786891e-01
 3.026447817574888788e-01
 3.026447817573325594e-01
 3.026447817575247390e-01
 3.026447817572832655e-01
 3.026447817576705113e-01
 3.026447817567601284e-01
 3.026447817594578593e-01
 3.026447817547255892e-01
 3.026447817624810521e-01
 3.026447817309106392e-01
 3.026447817298195675e-01
 3.026447819359827096e-01
 3.026447832214415601e-01
 3.026447873576411096e-01
 3.026448147479805506e-01
 3.026449102331628671e-01
 3.026452157054362324e-01
 3.026461797625282224e-01
 3.026494649001795767e-01
 3.026607912616977591e-01
 3.027020261556467862e-01
 3.028366605639561948e-01
 3.033407643395470976e-01
 3.050433422142613260e-01
 3.190804923365349044e-01
 3.026447817574209331e-01
 3.026447817574215438e-01
 3.026447817574214882e-01
 3.026447817574213217e-01
 3.026447817574212662e-01
 3.026447817574216548e-01
 3.026447817574213772e-01
 3.026447817574218768e-01
 3.026447817574213217e-01
 3.026447817574223764e-01
 3.026447817574196009e-01
 3.026447817574257626e-01
 3.026447817574116073e-01
 3.026447817574397514e-01
 3.026447817573916788e-01
 3.026447817574617338e-01
 3.026447817573747479e-01
 3.026447817574801635e-01
 3.026447817573166277e-01
 3.026447817576501387e-01
 3.026447817568334031e-01
 3.026447817586497835e-01
 3.026447817558968190e-01
 3.026447817617317626e-01
 3.026447817493824188e-01
 3.026447817450996225e-01
 3.026447816870489471e-01
 3.026447821205258126e-01
 3.026447834775914947e-01
 3.026447898060598551e-01
 3.026448258126686608e-01
 3.026449481628152860e-01
 3.026453312227881387e-01
 3.026466158260238681e-01
 3.026509993070808924e-01
 3.026667931784518539e-01
 3.027188459502958007e-01
 3.029116584691266545e-01
 3.035773702282754671e-01
 3.106852896731859826e-01
 3.026447817574208776e-01
 3.026447817574215438e-01
 3.026447817574211552e-01
 3.026447817574214882e-01
 3.026447817574216548e-01
 3.026447817574218768e-01
 3.026447817574214327e-01
 3.026447817574217658e-01
 3.026447817574208776e-01
 3.026447817574223764e-01
 3.026447817574190458e-01
 3.026447817574257071e-01
 3.026447817574134946e-01
 3.026447817574332011e-01
 3.026447817574051680e-01
 3.026447817574428045e-01
 3.026447817573898469e-01
 3.026447817574861587e-01
 3.026447817572854304e-01
 3.026447817577014865e-01
 3.026447817568754250e-01
 3.026447817582748612e-01
 3.026447817561840337e-01
 3.026447817599467460e-01
 3.026447817564396625e-01
 3.026447817580991129e-01
 3.026447817210002333e-01
 3.026447817227927994e-01
 3.026447822009606381e-01
 3.026447839207705437e-01
 3.026447934304031806e-01
 3.026448428169703497e-01
 3.026450033662660966e-01
 3.026455334892750315e-01
 3.026473250096229917e-01
 3.026536980285779443e-01
 3.026751461359377671e-01
 3.027538626773600416e-01
 3.030317759767692243e-01
 3.068045580539522921e-01
 3.026447817574206556e-01
 3.026447817574208221e-01
 3.026447817574207666e-01
 3.026447817574213217e-01
 3.026447817574211552e-01
 3.026447817574216548e-01
 3.026447817574214882e-01
 3.026447817574218768e-01
 3.026447817574203225e-01
 3.026447817574223764e-01
 3.026447817574184351e-01
 3.026447817574251520e-01
 3.026447817574147714e-01
 3.026447817574281496e-01
 3.026447817574114962e-01
 3.026447817574367538e-01
 3.026447817573847954e-01
 3.026447817575023125e-01
 3.026447817572575638e-01
 3.026447817577155863e-01
 3.026447817569710153e-01
 3.026447817580258937e-01
 3.026447817563819864e-01
 3.026447817592861078e-01
 3.026447817539490992e-01
 3.026447817709536636e-01
 3.026447817285230490e-01
 3.026447817648101890e-01
 3.026447816085012787e-01
 3.026447828312848198e-01
 3.026447846468047209e-01
 3.026448058147205300e-01
 3.026448936525419353e-01
 3.026451865140959430e-01
 3.026461604017638973e-01
 3.026495574880013750e-01
 3.026611269015881400e-01
 3.027027812661087780e-01
 3.028504957563645239e-01
 3.052061927962970711e-01
 </DataArray>
 <DataArray Name="vel.x" type="Float32" NumberOfComponents="1" format="ascii">
 9.587705091810848899e+02
 8.818976294204567239e+02
 8.191087258698394180e+02
 8.122497114231521209e+02
 7.952241841562383797e+02
 7.833211448563940849e+02
 7.841477867279394331e+02
 7.817880976204401122e+02
 7.779898301545624690e+02
 7.767266549227724681e+02
 7.769409566787801396e+02
 7.746746135758454557e+02
 7.734518598610490017e+02
 7.734300568833035641e+02
 7.733600432018679385e+02
 7.729716694956047149e+02
 7.724661588993189980e+02
 7.720727572101947089e+02
 7.718870970313079170e+02
 7.719814014641021913e+02
 7.722099132376121133e+02
 7.722616771815637549e+02
 7.723008991260081757e+02
 7.721122379133691993e+02
 7.718338378988005388e+02
 7.715347068440166822e+02
 7.715491653285831717e+02
 7.715028666094473238e+02
 7.714544528702755315e+02
 7.713389780487045755e+02
 7.713119254436609253e+02
 7.712141233708425716e+02
 7.711916849350315033e+02
 7.710675550867821357e+02
 7.709948954653680175e+02
 7.708717865875777306e+02
 7.705916274479794765e+02
 7.705648558969361375e+02
 7.702214804510524573e+02
 7.709626847447666478e+02
 9.935204501150515171e+02
 9.692239412888711740e+02
 9.195023242562203905e+02
 8.564844474304637743e+02
 8.336012017857158298e+02
 8.262736141294604977e+02
 8.215709081472463140e+02
 8.156743838473274764e+02
 8.111635644051526697e+02
 8.074424067927614033e+02
 8.040465218041234721e+02
 8.004937466419653447e+02
 7.991729244896902173e+02
 7.981309360260122503e+02
 7.966399377995579698e+02
 7.947553917342021350e+02
 7.934968424966833709e+02
 7.923516332906431217e+02
 7.911657108228771449e+02
 7.903130105404325150e+02
 7.896926359551143833e+02
 7.890755790083794636e+02
 7.885315636388220355e+02
 7.878099506420398939e+02
 7.869593261001574547e+02
 7.860783978906260927e+02
 7.856514636719954296e+02
 7.851259587642430233e+02
 7.847608636910875930e+02
 7.842894056238717440e+02
 7.839260015647887485e+02
 7.833869638425417179e+02
 7.829334080503516589e+02
 7.824585500003546485e+02
 7.820658963834575843e+02
 7.816355597496315113e+02
 7.809602189754508572e+02
 7.806508422889270378e+02
 7.797736176832606816e+02
 7.803031601584159489e+02
 9.991561600089377180e+02
 9.950563876727712795e+02
 9.839063407401507675e+02
 9.530611953503500899e+02
 9.057840258531030031e+02
 8.666965417184796934e+02
 8.388424800666052761e+02
 8.353891843816155642e+02
 8.336560255966631985e+02
 8.270717989578730567e+02
 8.185427487929176777e+02
 8.158011311233825609e+02
 8.143446530218375301e+02
 8.118793788851977524e+02
 8.087889785338966249e+02
 8.068231270542271432e+02
 8.054136895394009343e+02
 8.037690051906172357e+02
 8.018728203080451067e+02
 8.002384489128328369e+02
 7.990666925705115773e+02
 7.982888417175145150e+02
 7.975251988092724105e+02
 7.965733958567923310e+02
 7.954244389834739195e+02
 7.942539333250881555e+02
 7.934668278953936351e+02
 7.927279033101781351e+02
 7.922015373824948483e+02
 7.916096603368408751e+02
 7.910025497400473569e+02
 7.902291633322056441e+02
 7.894490098844419208e+02
 7.887367963212999484e+02
 7.881667072277198258e+02
 7.875380047822965253e+02
 7.866137319215644084e+02
 7.860495069743337808e+02
 7.847778948647315929e+02
 7.851375995621656330e+02
 9.998772027233446806e+02
 9.991299352869073118e+02
 9.965585321151514790e+02
 9.892757625314241068e+02
 9.730238312701095538e+02
 9.345710092326211225e+02
 8.843658223500134454e+02
 8.599009624763675674e+02
 8.512341533831324796e+02
 8.407267358451564405e+02
 8.352777223741342141e+02
 8.322199698453132442e+02
 8.281550286557535401e+02
 8.225588482161583670e+02
 8.199783255871776646e+02
 8.185597298099710315e+02
 8.169445320179829650e+02
 8.145635051975708620e+02
 8.121238268651708267e+02
 8.102905774521741478e+02
 8.088361180767759606e+02
 8.076988418432108574e+02
 8.065445724058931773e+02
 8.051864754713063803e+02
 8.038139051837246143e+02
 8.023687620447155950e+02
 8.012919881088968168e+02
 8.004451193102238449e+02
 7.997176851523381629e+02
 7.989229466649115921e+02
 7.980365403301460674e+02
 7.970317707168004517e+02
 7.960500664823382522e+02
 7.951075149794772869e+02
 7.943409575073588940e+02
 7.935406452770561145e+02
 7.923439399560592165e+02
 7.915010368765859994e+02
 7.899565111713322949e+02
 7.901476168618797828e+02
 9.999816912811234033e+02
 9.998516235312716844e+02
 9.993251870434887678e+02
 9.976000987149942603e+02
 9.933129490292952823e+02
 9.829779041127862911e+02
 9.582224765293252631e+02
 9.139700702636114329e+02
 8.744884010846715228e+02
 8.555252946829214125e+02
 8.535612997544693599e+02
 8.495955215121097126e+02
 8.412573065415325573e+02
 8.357517049956680921e+02
 8.330536999251222596e+02
 8.306366358604468587e+02
 8.276013981997948576e+02
 8.241097881290467058e+02
 8.216952450055074451e+02
 8.195620835919366982e+02
 8.175628020797831823e+02
 8.160605653621151987e+02
 8.146591714475857771e+02
 8.131614045212866131e+02
 8.116189387556202064e+02
 8.099268639712256572e+02
 8.085026132925763704e+02
 8.073996891422550561e+02
 8.063146963607308635e+02
 8.051479841069544818e+02
 8.039488710895848271e+02
 8.027552883364203353e+02
 8.015943264942395672e+02
 8.005132269224210404e+02
 7.995832484716005411e+02
 7.986768894390264677e+02
 7.973477414997108781e+02
 7.963979537766680323e+02
 7.945570047278557695e+02
 7.945506995085506787e+02
 9.999971428589125253e+02
 9.999740980541971567e+02
 9.998672553507608427e+02
 9.994789259895575242e+02
 9.984211721308903407e+02
 9.956225032404036028e+02
 9.890798294669544930e+02
 9.730846513450758266e+02
 9.385142512741390419e+02
 8.951356189055805999e+02
 8.780991844545961840e+02
 8.608311421719999998e+02
 8.499836011576911687e+02
 8.483453007241656678e+02
 8.449914433300148175e+02
 8.402259343068307089e+02
 8.354976571578173434e+02
 8.333171682521837056e+02
 8.311430108498639129e+02
 8.283466834948452515e+02
 8.256367441728843914e+02
 8.237576036361630258e+02
 8.221491611219963715e+02
 8.205595180470376135e+02
 8.187934916380480672e+02
 8.169685908334914757e+02
 8.153789963657510498e+02
 8.139938668994817590e+02
 8.125442800353550865e+02
 8.110218160859758427e+02
 8.096642549978030274e+02
 8.083433539760145550e+02
 8.069764349361311133e+02
 8.056985453827441006e+02
 8.045758116353408695e+02
 8.035699463175682240e+02
 8.021540923066309006e+02
 8.011738961899789047e+02
 7.991961867726869286e+02
 7.987912300049580381e+02
 9.999995447247798666e+02
 9.999954761426965888e+02
 9.999742866186496713e+02
 9.998892347160841609e+02
 9.996359248208497092e+02
 9.989245910177762653e+02
 9.971214506420513999e+02
 9.925702362542944002e+02
 9.829896996488416789e+02
 9.595142840070031980e+02
 9.206035837099824448e+02
 8.779495003725576225e+02
 8.699939793129424288e+02
 8.652929918706357739e+02
 8.569214496776548913e+02
 8.503467202496291293e+02
 8.464343427608459933e+02
 8.434915194817011752e+02
 8.395376273549594544e+02
 8.357310589684135493e+02
 8.330466313581702025e+02
 8.309492109182040167e+02
 8.291118499229195322e+02
 8.274564189199659268e+02
 8.256636215041096420e+02
 8.237958630336399892e+02
 8.219464309591688789e+02
 8.202262813067802654e+02
 8.184706592385716704e+02
 8.167490840669496492e+02
 8.152340339351351304e+02
 8.137761004029792957e+02
 8.122088752305852495e+02
 8.107362910787263672e+02
 8.093790040445160230e+02
 8.082446912281646973e+02
 8.066764929518857343e+02
 8.055678457206888652e+02
 8.036485514066752103e+02
 8.027761325209254437e+02
 9.999999250400521760e+02
 9.999992079773247724e+02
 9.999950740546215684e+02
 9.999769284820068833e+02
 9.999178039518532159e+02
 9.997403766391980753e+02
 9.992664399818409038e+02
 9.980086157558453124e+02
 9.951732993973323573e+02
 9.886430646382186751e+02
 9.734466507689980972e+02
 9.390635287925460943e+02
 9.080072353017795876e+02
 8.753222533179746279e+02
 8.618816368271961892e+02
 8.599277615590974619e+02
 8.572139737334081246e+02
 8.536385453124404421e+02
 8.483034961460799650e+02
 8.446635628608364641e+02
 8.419261717939414211e+02
 8.391370363293149239e+02
 8.362446050980506698e+02
 8.340502005714929510e+02
 8.319498420920629087e+02
 8.297476472487383035e+02
 8.276055309086066245e+02
 8.258275812741308073e+02
 8.240902663281020750e+02
 8.224214632716518736e+02
 8.207629928715072083e+02
 8.191446685582598093e+02
 8.173324609702910948e+02
 8.156370439950943592e+02
 8.140316780470554932e+02
 8.127080101002879928e+02
 8.108938366370781523e+02
 8.093788860363356434e+02
 8.075700291968943247e+02
 8.063705495666916931e+02
 9.999999900433506355e+02
 9.999998638284509980e+02
 9.999990731987102208e+02
 9.999953162689596411e+02
 9.999819802967979285e+02
 9.999393492266912062e+02
 9.998187639123148074e+02
 9.994849191922277214e+02
 9.987045436317258691e+02
 9.967913397887764404e+02
 9.923152425734888311e+02
 9.823905472604278657e+02
 9.599585660240433072e+02
 9.176697456360853948e+02
 8.907672601020366301e+02
 8.798310690228581734e+02
 8.678605401008372837e+02
 8.621110796641676188e+02
 8.567268721016974951e+02
 8.539635597190493854e+02
 8.499191536476158717e+02
 8.462672992776759884e+02
 8.433096675018733777e+02
 8.409326838980881575e+02
 8.383836020091802084e+02
 8.357230415591866404e+02
 8.334275090464748246e+02
 8.316205922434448894e+02
 8.297918995430343330e+02
 8.279825891256343766e+02
 8.260810177317827083e+02
 8.242185370865180403e+02
 8.221583154505918856e+02
 8.203092513048492265e+02
 8.186459604237155645e+02
 8.171571624247798127e+02
 8.152050853297566846e+02
 8.131570715414811730e+02
 8.114015098003416142e+02
 8.099491374531069141e+02
 9.999999996892443050e+02
 9.999999776301673364e+02
 9.999998262649286289e+02
 9.999990558313556903e+02
 9.999961016858575249e+02
 9.999860636088130832e+02
 9.999560578850033608e+02
 9.998694418216141457e+02
 9.996574398306140665e+02
 9.991257071660066913e+02
 9.978460364586430842e+02
 9.948102069865100248e+02
 9.884140601100717731e+02
 9.732704499424164624e+02
 9.431143595436569740e+02
 9.014881842708587101e+02
 8.773381618088983487e+02
 8.717073420502741783e+02
 8.676476095128344923e+02
 8.635125218857825757e+02
 8.577675169117001133e+02
 8.544844742818255554e+02
 8.507809736336465676e+02
 8.473782641126597355e+02
 8.439218651188963349e+02
 8.408535332404188694e+02
 8.386249873537245776e+02
 8.367345991809905854e+02
 8.347064426168636828e+02
 8.326951412542957769e+02
 8.306260918891085794e+02
 8.286899984073834275e+02
 8.265670782251514765e+02
 8.246357429293625501e+02
 8.228620029831398597e+02
 8.212116116023873928e+02
 8.191532011456566806e+02
 8.168687705106984822e+02
 8.151051103311584711e+02
 8.134132785907723928e+02
 1.000000000788470516e+03
 9.999999977447923811e+02
 9.999999692021436886e+02
 9.999998127934190961e+02
 9.999991699532594112e+02
 9.999968547437686084e+02
 9.999895410063923009e+02
 9.999675084695354599e+02
 9.999108534367616130e+02
 9.997641453961738307e+02
 9.994032850551693627e+02
 9.985221689874119875e+02
 9.965680283789744180e+02
 9.920242510769742239e+02
 9.824573556289095677e+02
 9.577513489209857198e+02
 9.225875299375904888e+02
 8.942794921791478373e+02
 8.747843855970680806e+02
 8.684236870136801372e+02
 8.629772839586667033e+02
 8.610117213096503974e+02
 8.573886207559206696e+02
 8.534986278316591779e+02
 8.498532265198617779e+02
 8.475493627121735472e+02
 8.453218090598302297e+02
 8.428349176052411167e+02
 8.399786095363255072e+02
 8.372452357017436952e+02
 8.347610914987286606e+02
 8.327881783582264461e+02
 8.307170714306071204e+02
 8.288220213746924401e+02
 8.269593689781048624e+02
 8.251726835114942560e+02
 8.230256144591320435e+02
 8.207684068161429423e+02
 8.188608435194071262e+02
 8.168680441722801788e+02
 9.999999996903018200e+02
 1.000000000579497168e+03
 9.999999962625566923e+02
 9.999999651766257784e+02
 9.999998270107320195e+02
 9.999993024007504800e+02
 9.999975546264390687e+02
 9.999920601736451999e+02
 9.999771601825766538e+02
 9.999372529911162246e+02
 9.998364361634698980e+02
 9.995823384479039078e+02
 9.990095542962144464e+02
 9.976443021520960883e+02
 9.945746283142198081e+02
 9.874947988891507293e+02
 9.713443798721210669e+02
 9.380571650288137562e+02
 9.005152876244575282e+02
 8.876198084797487127e+02
 8.752479006975886477e+02
 8.706757131130636935e+02
 8.646762424448804722e+02
 8.600775878423969516e+02
 8.559052845338752604e+02
 8.536933637228214593e+02
 8.514872563430362788e+02
 8.486269330796637860e+02
 8.453702008794452922e+02
 8.423982057300675024e+02
 8.397603556443838215e+02
 8.376154508360236832e+02
 8.353308505274270601e+02
 8.332243389233381095e+02
 8.310801590557578038e+02
 8.290898163654544533e+02
 8.268250561832639960e+02
 8.246861643115822744e+02
 8.226075992117901023e+02
 8.202549838073672390e+02
 1.000000000104991841e+03
 9.999999998423701300e+02
 1.000000000080129553e+03
 9.999999952998128947e+02
 9.999999666164094378e+02
 9.999998497410772416e+02
 9.999994407637166205e+02
 9.999981009637579064e+02
 9.999942678108110385e+02
 9.999836208817090437e+02
 9.999559048629731706e+02
 9.998840648413161034e+02
 9.997169756978382793e+02
 9.993127413901380578e+02
 9.983825555949777026e+02
 9.961437558155225815e+02
 9.912137940440611601e+02
 9.799113441389119998e+02
 9.536198027916574347e+02
 9.177224084004518545e+02
 8.834069908459825911e+02
 8.774834199621200241e+02
 8.732826417584083174e+02
 8.674902163978648559e+02
 8.636231115523503377e+02
 8.608101732970577586e+02
 8.573017212569646972e+02
 8.534704774321380683e+02
 8.500086804305611849e+02
 8.470496368235116051e+02
 8.442439238475790262e+02
 8.419769468782402555e+02
 8.396449569667107653e+02
 8.373973820537426036e+02
 8.350187289931272971e+02
 8.328522221180388669e+02
 8.305493806232751695e+02
 8.284437195773392659e+02
 8.262467908650014579e+02
 8.233818252531578992e+02
 9.999999999816408263e+02
 1.000000000056451086e+03
 9.999999999429755917e+02
 9.999999996644737621e+02
 9.999999950611280610e+02
 9.999999699212261248e+02
 9.999998751324560544e+02
 9.999995525985717677e+02
 9.999985835687525650e+02
 9.999957918527408083e+02
 9.999882862946045634e+02
 9.999682967388931729e+02
 9.999202618284689379e+02
 9.998018149240217554e+02
 9.995227662611579262e+02
 9.988482139933803410e+02
 9.973261789687857117e+02
 9.937073773455704213e+02
 9.857639632652487762e+02
 9.654063682273084623e+02
 9.276643552097049223e+02
 9.030695827338881827e+02
 8.828220688805687359e+02
 8.716597137724007780e+02
 8.694121883838964777e+02
 8.656773918551920133e+02
 8.610588566372975947e+02
 8.568968173298966349e+02
 8.542516636402135646e+02
 8.517680402922140956e+02
 8.489312317168117943e+02
 8.465324221251281642e+02
 8.439621607196469313e+02
 8.413195047391801609e+02
 8.384534866771034558e+02
 8.359481850151024673e+02
 8.334555879548257735e+02
 8.313427374348398189e+02
 8.291979469914193714e+02
 8.260934299030380998e+02
 1.000000000001670173e+03
 9.999999999837385758e+02
 1.000000000052947371e+03
 9.999999999392736072e+02
 9.999999995502004140e+02
 9.999999954148122470e+02
 9.999999745031941529e+02
 9.999998977877129391e+02
 9.999996561530551844e+02
 9.999989345793017037e+02
 9.999969274627511595e+02
 9.999914326668300646e+02
 9.999777313636427607e+02
 9.999431653400874893e+02
 9.998599458717224024e+02
 9.996554960521723388e+02
 9.991889304105164911e+02
 9.980639262596233721e+02
 9.954421296723295427e+02
 9.892191532874246604e+02
 9.744660829598304872e+02
 9.423256077744872528e+02
 8.994987810781459530e+02
 8.877088191611567254e+02
 8.815572443533061460e+02
 8.736278135803261193e+02
 8.667846540469367937e+02
 8.618470658222331622e+02
 8.587738466913016282e+02
 8.559558627795693155e+02
 8.529077887019473110e+02
 8.505216536205404054e+02
 8.478947031030660355e+02
 8.451466622566747446e+02
 8.421468744971696196e+02
 8.395291378349850220e+02
 8.368251725463500179e+02
 8.344416954254802476e+02
 8.322431740594819303e+02
 8.289913717614156212e+02
 1.000000000000968271e+03
 9.999999999984761416e+02
 9.999999999931324055e+02
 1.000000000053198050e+03
 9.999999999255178409e+02
 9.999999995793004928e+02
 9.999999961243179314e+02
 9.999999790892715055e+02
 9.999999196622582076e+02
 9.999997354196732431e+02
 9.999992057032148978e+02
 9.999977155501605921e+02
 9.999938501783254878e+02
 9.999838403362967938e+02
 9.999591668218813538e+02
 9.998975477460456887e+02
 9.997539858998554791e+02
 9.994027255355586021e+02
 9.985756833524267222e+02
 9.965424948142065205e+02
 9.917893347635047121e+02
 9.802459736289074499e+02
 9.501706621149513694e+02
 9.170917565001934690e+02
 8.862486644368120778e+02
 8.754942404484270355e+02
 8.733335333474766458e+02
 8.693681363870484802e+02
 8.661708667477043946e+02
 8.618356828801756819e+02
 8.578973763771928134e+02
 8.547602614226832429e+02
 8.512691097706524488e+02
 8.480656761928499918e+02
 8.454013068854139874e+02
 8.432027844012176274e+02
 8.407937995252905239e+02
 8.384041590244803501e+02
 8.362007667649580753e+02
 8.326932960299980095e+02
 9.999999999997404529e+02
 9.999999999994998916e+02
 9.999999999970707449e+02
 9.999999999990933475e+02
 1.000000000046514060e+03
 9.999999999274226639e+02
 9.999999996736195271e+02
 9.999999968274647699e+02
 9.999999835445145209e+02
 9.999999371476828856e+02
 9.999997980844551648e+02
 9.999993963035099114e+02
 9.999983115751055038e+02
 9.999954206568477275e+02
 9.999881064243538731e+02
 9.999694800071189320e+02
 9.999249257117305660e+02
 9.998142475137202609e+02
 9.995490394029031904e+02
 9.988950042568785648e+02
 9.973312374362492392e+02
 9.933883570111607924e+02
 9.838292257699814627e+02
 9.587651790833443783e+02
 9.172537883532335172e+02
 8.919037580061587960e+02
 8.851602936357386398e+02
 8.755287277839250919e+02
 8.715228281329405036e+02
 8.660841056948720507e+02
 8.621663803933937515e+02
 8.593264520751559985e+02
 8.556998031159740776e+02
 8.523247907726511130e+02
 8.494785877956471722e+02
 8.471441606941012878e+02
 8.447902488876541156e+02
 8.422097653898542831e+02
 8.398307831767847347e+02
 8.359772036191645839e+02
 1.000000000000143814e+03
 9.999999999992148787e+02
 1.000000000000550699e+03
 9.999999999956120291e+02
 1.000000000003901391e+03
 1.000000000042094371e+03
 9.999999999518022378e+02
 9.999999997943057224e+02
 9.999999975143250595e+02
 9.999999872288777851e+02
 9.999999515463484840e+02
 9.999998441092461690e+02
 9.999995432803444828e+02
 9.999987189572693751e+02
 9.999965770160946477e+02
 9.999910124252733112e+02
 9.999773051860673831e+02
 9.999426480662053791e+02
 9.998583046248842265e+02
 9.996479044524369328e+02
 9.991397182585943710e+02
 9.978423706463408962e+02
 9.945554932797253969e+02
 9.864407533684238842e+02
 9.631666809348704419e+02
 9.231624286517234168e+02
 8.968231388934905226e+02
 8.818318165440466601e+02
 8.769319487174504957e+02
 8.707418359930667293e+02
 8.673504652535464174e+02
 8.641976856694714115e+02
 8.599398623240832649e+02
 8.559977392741673157e+02
 8.525169611695362164e+02
 8.498741969054635774e+02
 8.473823916602356121e+02
 8.447297703928121564e+02
 8.424122388036684015e+02
 8.386474489013066886e+02
 9.999999999998610747e+02
 9.999999999992820676e+02
 1.000000000000605837e+03
 9.999999999979009999e+02
 9.999999999985762997e+02
 1.000000000001533181e+03
 1.000000000027981059e+03
 9.999999999631612582e+02
 9.999999998271206323e+02
 9.999999980754655553e+02
 9.999999902997041090e+02
 9.999999625404491326e+02
 9.999998796157375409e+02
 9.999996458648062116e+02
 9.999990220589337468e+02
 9.999973670418388565e+02
 9.999931569149254074e+02
 9.999822894673451401e+02
 9.999553545382091215e+02
 9.998873249886264603e+02
 9.997204184996429603e+02
 9.992888056580518423e+02
 9.981924583424482762e+02
 9.953457649082844227e+02
 9.877923337338586407e+02
 9.666455175872222298e+02
 9.258347169860317081e+02
 8.901930977894417083e+02
 8.824438871798515720e+02
 8.762732871092555342e+02
 8.727074348557231360e+02
 8.685931480739482140e+02
 8.639319207534476845e+02
 8.600393101607004382e+02
 8.562893983396451176e+02
 8.533292835359399078e+02
 8.505010648667570194e+02
 8.475936940530760921e+02
 8.453626460101380644e+02
 8.417778172160628856e+02
 9.999999999999018883e+02
 9.999999999998357225e+02
 9.999999999993323172e+02
 1.000000000001251578e+03
 9.999999999961455615e+02
 1.000000000002436991e+03
 9.999999999971599891e+02
 1.000000000021342203e+03
 9.999999999916537945e+02
 9.999999998401502808e+02
 9.999999985547890446e+02
 9.999999926449036138e+02
 9.999999709314987513e+02
 9.999999052181724437e+02
 9.999997247294970748e+02
 9.999992363778454774e+02
 9.999979520907265851e+02
 9.999945605947459626e+02
 9.999859852748081721e+02
 9.999640042850803638e+02
 9.999090070830018249e+02
 9.997649806585303622e+02
 9.993954832238132440e+02
 9.984297059200144986e+02
 9.958010333962794220e+02
 9.886573460816399574e+02
 9.676259480810343803e+02
 9.237093992514560341e+02
 9.033729083040292380e+02
 8.841866408534795028e+02
 8.752892275521950296e+02
 8.692806648727873835e+02
 8.652989460556835866e+02
 8.626526635162346111e+02
 8.603108267175713308e+02
 8.580458549999223123e+02
 8.553318279004128044e+02
 8.521432511698836834e+02
 8.495162584720914083e+02
 8.451122041322693121e+02
 9.999999999999330385e+02
 9.999999999998653948e+02
 9.999999999998716476e+02
 9.999999999995411599e+02
 1.000000000000952582e+03
 9.999999999963648634e+02
 1.000000000004158210e+03
 9.999999999940148427e+02
 1.000000000017322805e+03
 1.000000000012079113e+03
 9.999999998646015911e+02
 9.999999989347209066e+02
 9.999999942951119465e+02
 9.999999767935966020e+02
 9.999999240670662175e+02
 9.999997771741133192e+02
 9.999993780681314774e+02
 9.999982980969614346e+02
 9.999955039304678621e+02
 9.999882143173118720e+02
 9.999695593820044905e+02
 9.999200166427507384e+02
 9.997918498429011152e+02
 9.994523462383244805e+02
 9.985377010670028994e+02
 9.959397733957242735e+02
 9.885423721435612379e+02
 9.671209973278802181e+02
 9.272876279531623140e+02
 8.897742238455064125e+02
 8.817353501036067200e+02
 8.786904473966156957e+02
 8.730456488582632346e+02
 8.694107735653763029e+02
 8.658730868326000518e+02
 8.621927347111878817e+02
 8.585976259509870943e+02
 8.548198874163693972e+02
 8.519499456293407320e+02
 8.473453614138362582e+02
 9.999999999999291731e+02
 9.999999999999890861e+02
 9.999999999998539124e+02
 9.999999999999068905e+02
 9.999999999999305373e+02
 9.999999999999454303e+02
 9.999999999985768682e+02
 1.000000000001714056e+03
 9.999999999965394863e+02
 1.000000000010921326e+03
 1.000000000034994514e+03
 9.999999998912190904e+02
 9.999999992246905549e+02
 9.999999955257057991e+02
 9.999999815262551692e+02
 9.999999381461176426e+02
 9.999998150706301203e+02
 9.999994744721913094e+02
 9.999985735311931876e+02
 9.999961818210678075e+02
 9.999899119852620970e+02
 9.999730022233419504e+02
 9.999287505489716068e+02
 9.998103198883546838e+02
 9.994904158362548969e+02
 9.985760663854422319e+02
 9.959110750303802888e+02
 9.883395696992756712e+02
 9.650178997624248041e+02
 9.185222277751354341e+02
 8.956637204827034111e+02
 8.869380789444547872e+02
 8.770000978762727755e+02
 8.723495120039202675e+02
 8.678010491299912701e+02
 8.636556827859336636e+02
 8.601160901390959452e+02
 8.568081799653358530e+02
 8.544445109125808813e+02
 8.505625801907557388e+02
 9.999999999999927240e+02
 9.999999999999469082e+02
 1.000000000000031150e+03
 9.999999999997936584e+02
 1.000000000000086857e+03
 9.999999999997581881e+02
 9.999999999999815827e+02
 9.999999999992214725e+02
 1.000000000000766136e+03
 9.999999999967589019e+02
 1.000000000008375991e+03
 1.000000000049179675e+03
 9.999999999203499783e+02
 9.999999994289757979e+02
 9.999999964920040156e+02
 9.999999850470113643e+02
 9.999999477434815844e+02
 9.999998400557470859e+02
 9.999995486545716403e+02
 9.999987613224898269e+02
 9.999966443704587391e+02
 9.999908347477773987e+02
 9.999754162180763615e+02
 9.999336493631230951e+02
 9.998202897374735585e+02
 9.994930820377983309e+02
 9.985440110410687566e+02
 9.957436466617236874e+02
 9.873580688752359720e+02
 9.586740883402303552e+02
 9.201629521548671846e+02
 8.945647316668394069e+02
 8.801948679607326085e+02
 8.763112928418042884e+02
 8.706173434024049129e+02
 8.668312717101014186e+02
 8.641180477396962942e+02
 8.606191115763635935e+02
 8.580942090906519297e+02
 8.540228022025563632e+02
 9.999999999999990905e+02
 9.999999999999786269e+02
 1.000000000000000568e+03
 9.999999999999573674e+02
 9.999999999999647571e+02
 9.999999999999358806e+02
 1.000000000000026262e+03
 9.999999999995021653e+02
 1.000000000000426780e+03
 9.999999999990419610e+02
 9.999999999970517592e+02
 1.000000000008068469e+03
 1.000000000046611262e+03
 9.999999999461198286e+02
 9.999999995899873966e+02
 9.999999972017471919e+02
 9.999999873399875696e+02
 9.999999543064202498e+02
 9.999998604509443112e+02
 9.999996025347498971e+02
 9.999988918936745677e+02
 9.999969072027557786e+02
 9.999915572752909156e+02
 9.999768820914322305e+02
 9.999365865212331528e+02
 9.998194066487579903e+02
 9.994790344168725369e+02
 9.984671549118831990e+02
 9.953542844321469829e+02
 9.852733513723921988e+02
 9.556733465532714717e+02
 9.086091088523363624e+02
 8.869898661336616215e+02
 8.843462826492814202e+02
 8.773617571401979376e+02
 8.726994708537573615e+02
 8.692212990666556607e+02
 8.643122657211706610e+02
 8.608114557481679867e+02
 8.557580318892657942e+02
 1.000000000000002501e+03
 9.999999999999885176e+02
 1.000000000000002842e+03
 9.999999999999785132e+02
 9.999999999999970441e+02
 9.999999999999363354e+02
 1.000000000000002842e+03
 9.999999999999535021e+02
 9.999999999995922053e+02
 1.000000000000824571e+03
 9.999999999979933136e+02
 9.999999999972513933e+02
 1.000000000008394295e+03
 1.000000000037117843e+03
 9.999999999629627609e+02
 9.999999996885826477e+02
 9.999999975425440653e+02
 9.999999884788010149e+02
 9.999999580269050057e+02
 9.999998696785660286e+02
 9.999996200201925376e+02
 9.999989113452360243e+02
 9.999969694057815559e+02
 9.999915702238658923e+02
 9.999765935468940370e+02
 9.999328078730212610e+02
 9.998058236975000455e+02
 9.994257814527530854e+02
 9.982683718697940094e+02
 9.944157780565334406e+02
 9.827149956876844499e+02
 9.462267519977471011e+02
 9.057674634228636705e+02
 8.927295757417488176e+02
 8.805693576063174532e+02
 8.765759097201363375e+02
 8.721388638716325659e+02
 8.672620403983828510e+02
 8.640935905114929483e+02
 8.592766003795585448e+02
 9.999999999999992042e+02
 9.999999999999957936e+02
 9.999999999999982947e+02
 9.999999999999911324e+02
 9.999999999999994316e+02
 9.999999999999739657e+02
 9.999999999999848797e+02
 9.999999999999793090e+02
 9.999999999999802185e+02
 9.999999999995631015e+02
 1.000000000001460762e+03
 9.999999999961017920e+02
 1.000000000001222020e+03
 1.000000000003379682e+03
 1.000000000028043019e+03
 9.999999999724911959e+02
 9.999999997394821776e+02
 9.999999977384472913e+02
 9.999999893474815735e+02
 9.999999605466198318e+02
 9.999998740118314799e+02
 9.999996240170858073e+02
 9.999989287975564594e+02
 9.999969725240356411e+02
 9.999914735606964769e+02
 9.999752977952948640e+02
 9.999283099329932156e+02
 9.997871965034892128e+02
 9.993588472551132327e+02
 9.979422596810252344e+02
 9.934390642049149847e+02
 9.783593592151313487e+02
 9.371789721706535374e+02
 9.051087197689932964e+02
 8.852603882687787973e+02
 8.807597034983249387e+02
 8.755267670314934776e+02
 8.705865846871516851e+02
 8.678721212069830244e+02
 8.629661322399092569e+02
 9.999999999999997726e+02
 9.999999999999987494e+02
 1.000000000000001137e+03
 9.999999999999971578e+02
 9.999999999999992042e+02
 9.999999999999968168e+02
 9.999999999999868123e+02
 9.999999999999796501e+02
 1.000000000000038654e+03
 9.999999999997946816e+02
 1.000000000000103455e+03
 1.000000000000779210e+03
 9.999999999964966264e+02
 1.000000000003513946e+03
 9.999999999986400780e+02
 1.000000000027730380e+03
 9.999999999793278675e+02
 9.999999997520138777e+02
 9.999999978767384619e+02
 9.999999898195777632e+02
 9.999999608265967481e+02
 9.999998722154530242e+02
 9.999996210315656526e+02
 9.999989056020525595e+02
 9.999968665937685728e+02
 9.999908250941480219e+02
 9.999732102439611481e+02
 9.999201010216004306e+02
 9.997596799399943848e+02
 9.992303046102874760e+02
 9.975311211637352926e+02
 9.917598262973411920e+02
 9.727488468304012486e+02
 9.298042757045758435e+02
 8.941364062892607762e+02
 8.841081171505906013e+02
 8.778392581108475952e+02
 8.745494296986078098e+02
 8.718465321905895280e+02
 8.665924267321430534e+02
 1.000000000000000455e+03
 1.000000000000000114e+03
 1.000000000000000568e+03
 9.999999999999985221e+02
 1.000000000000001478e+03
 9.999999999999898819e+02
 1.000000000000019895e+03
 9.999999999999391775e+02
 1.000000000000105501e+03
 9.999999999998158273e+02
 1.000000000000078444e+03
 1.000000000000032628e+03
 1.000000000000337991e+03
 9.999999999974803586e+02
 1.000000000003604555e+03
 9.999999999969984401e+02
 1.000000000028888735e+03
 9.999999999785047748e+02
 9.999999997652947741e+02
 9.999999979342348979e+02
 9.999999896700104500e+02
 9.999999596432489852e+02
 9.999998697250942996e+02
 9.999996104226165698e+02
 9.999988609312553081e+02
 9.999966246719041010e+02
 9.999900703842347411e+02
 9.999702309029360094e+02
 9.999101816251437640e+02
 9.997127273059430763e+02
 9.990743141262011022e+02
 9.968917715836025764e+02
 9.897532490651375383e+02
 9.644956321797326382e+02
 9.175177528207153728e+02
 8.965887132787289602e+02
 8.862737769797793135e+02
 8.791754461441233843e+02
 8.749175506840663274e+02
 8.682187410430403816e+02
 1.000000000000001023e+03
 1.000000000000000000e+03
 1.000000000000001364e+03
 9.999999999999989768e+02
 1.000000000000001364e+03
 9.999999999999953388e+02
 1.000000000000008527e+03
 9.999999999999845386e+02
 9.999999999999963620e+02
 1.000000000000048658e+03
 9.999999999998475460e+02
 1.000000000000160640e+03
 9.999999999999271267e+02
 9.999999999998969997e+02
 9.999999999987547881e+02
 1.000000000001525450e+03
 1.000000000000807745e+03
 1.000000000024935957e+03
 9.999999999869114617e+02
 9.999999997387850499e+02
 9.999999977165863356e+02
 9.999999885345233679e+02
 9.999999558250359541e+02
 9.999998564926531799e+02
 9.999995656340690857e+02
 9.999986941889748095e+02
 9.999961289038282075e+02
 9.999883429209593260e+02
 9.999648697974394054e+02
 9.998882619098279747e+02
 9.996409944573968005e+02
 9.987973159406764125e+02
 9.960159314314225867e+02
 9.861682552812890208e+02
 9.522488319741210034e+02
 9.114885626210902956e+02
 8.933648017943473860e+02
 8.815552870998725439e+02
 8.767870861687352999e+02
 8.710970931498409300e+02
 1.000000000000001137e+03
 1.000000000000000455e+03
 1.000000000000001251e+03
 1.000000000000000000e+03
 1.000000000000002046e+03
 9.999999999999955662e+02
 1.000000000000003638e+03
 9.999999999999989768e+02
 9.999999999999943157e+02
 1.000000000000011823e+03
 1.000000000000010232e+03
 9.999999999998917701e+02
 1.000000000000248065e+03
 9.999999999996687166e+02
 1.000000000000290129e+03
 9.999999999985496970e+02
 1.000000000000909267e+03
 1.000000000003596597e+03
 1.000000000019586537e+03
 1.000000000003869218e+03
 9.999999996950106151e+02
 9.999999973880409243e+02
 9.999999871389082955e+02
 9.999999508857050614e+02
 9.999998399760230541e+02
 9.999995060065805319e+02
 9.999985197492018187e+02
 9.999955229663788714e+02
 9.999864790992933195e+02
 9.999571518421727205e+02
 9.998627272107117960e+02
 9.995415863836576591e+02
 9.984882941135308556e+02
 9.946576043116535857e+02
 9.813156096143092100e+02
 9.432155527727231856e+02
 9.088459017987032666e+02
 8.880889995370646375e+02
 8.818629617537552576e+02
 8.749704141475115193e+02
 1.000000000000001023e+03
 1.000000000000000227e+03
 1.000000000000001137e+03
 9.999999999999996589e+02
 1.000000000000000455e+03
 9.999999999999995453e+02
 9.999999999999982947e+02
 1.000000000000004093e+03
 9.999999999999946567e+02
 9.999999999999994316e+02
 1.000000000000016030e+03
 9.999999999999614602e+02
 1.000000000000015120e+03
 1.000000000000101181e+03
 9.999999999997022542e+02
 1.000000000000529667e+03
 9.999999999974747880e+02
 1.000000000003186642e+03
 1.000000000000301952e+03
 1.000000000021875508e+03
 1.000000000019906793e+03
 9.999999996262031345e+02
 9.999999969861485170e+02
 9.999999852202603279e+02
 9.999999436656715943e+02
 9.999998145557744920e+02
 9.999994309474324155e+02
 9.999982635337711372e+02
 9.999947364946264088e+02
 9.999833665060884869e+02
 9.999468846913363222e+02
 9.998233323166833770e+02
 9.994200855036700659e+02
 9.979576348230766598e+02
 9.927524567201850232e+02
 9.747595903078154151e+02
 9.294115092209326576e+02
 8.968706499648826593e+02
 8.899478610086367780e+02
 8.801236865873688657e+02
 1.000000000000002046e+03
 1.000000000000001364e+03
 1.000000000000002160e+03
 1.000000000000000568e+03
 1.000000000000000682e+03
 1.000000000000001137e+03
 9.999999999999998863e+02
 1.000000000000000227e+03
 1.000000000000006139e+03
 9.999999999999869260e+02
 1.000000000000029900e+03
 9.999999999999644160e+02
 1.000000000000030127e+03
 9.999999999999630518e+02
 1.000000000000068212e+03
 9.999999999999898819e+02
 9.999999999997785380e+02
 9.999999999990586730e+02
 1.000000000000423711e+03
 1.000000000004361254e+03
 1.000000000015539399e+03
 1.000000000017946718e+03
 9.999999995271687112e+02
 9.999999964018129504e+02
 9.999999824799276666e+02
 9.999999338824918595e+02
 9.999997861064692870e+02
 9.999993369263301020e+02
 9.999979743278911428e+02
 9.999936059878359629e+02
 9.999796439005936008e+02
 9.999325861149646926e+02
 9.997790542153160231e+02
 9.992231637511388271e+02
 9.972386233298768730e+02
 9.902341763735039422e+02
 9.661297535286462335e+02
 9.223870183257491817e+02
 9.011007399453527569e+02
 8.825488385592375380e+02
 1.000000000000000909e+03
 1.000000000000000114e+03
 1.000000000000001933e+03
 1.000000000000000114e+03
 1.000000000000001592e+03
 1.000000000000000909e+03
 1.000000000000001592e+03
 9.999999999999982947e+02
 1.000000000000004775e+03
 9.999999999999919282e+02
 1.000000000000010459e+03
 9.999999999999938609e+02
 1.000000000000005116e+03
 9.999999999999968168e+02
 1.000000000000012733e+03
 9.999999999999572537e+02
 1.000000000000371188e+03
 9.999999999986636112e+02
 1.000000000001982244e+03
 9.999999999945476929e+02
 1.000000000015557248e+03
 1.000000000012462465e+03
 1.000000000017589400e+03
 9.999999993220625356e+02
 9.999999953833370228e+02
 9.999999780259864792e+02
 9.999999194264064499e+02
 9.999997381331182851e+02
 9.999991879708696842e+02
 9.999974366721095294e+02
 9.999918667871871776e+02
 9.999732126355862647e+02
 9.999127647911808481e+02
 9.996961981643817126e+02
 9.989265465425664843e+02
 9.961427823536905635e+02
 9.867691918347394449e+02
 9.533706876170705300e+02
 9.134554848204460313e+02
 8.891389770394430343e+02
 1.000000000000001251e+03
 1.000000000000001023e+03
 1.000000000000001705e+03
 1.000000000000002387e+03
 1.000000000000002160e+03
 1.000000000000000455e+03
 1.000000000000001137e+03
 9.999999999999984084e+02
 1.000000000000003638e+03
 9.999999999999969305e+02
 1.000000000000003752e+03
 9.999999999999973852e+02
 1.000000000000010914e+03
 9.999999999999845386e+02
 1.000000000000046612e+03
 9.999999999998664180e+02
 1.000000000000401883e+03
 9.999999999992342055e+02
 1.000000000000966452e+03
 9.999999999977528660e+02
 1.000000000000859927e+03
 1.000000000009436235e+03
 1.000000000016468221e+03
 1.000000000003340233e+03
 9.999999990772131468e+02
 9.999999939778768976e+02
 9.999999725696537780e+02
 9.999999011128184065e+02
 9.999996823167494995e+02
 9.999989921770418277e+02
 9.999968117971955053e+02
 9.999895742883877574e+02
 9.999661827936803320e+02
 9.998832723262931950e+02
 9.995903471644583078e+02
 9.985244368158640782e+02
 9.948893757690967732e+02
 9.813641332209456323e+02
 9.471635267053302414e+02
 9.019027438437886985e+02
 1.000000000000001137e+03
 1.000000000000001478e+03
 1.000000000000001137e+03
 1.000000000000000909e+03
 1.000000000000002387e+03
 1.000000000000000909e+03
 1.000000000000002160e+03
 1.000000000000000000e+03
 1.000000000000001478e+03
 1.000000000000000909e+03
 1.000000000000000341e+03
 1.000000000000000000e+03
 1.000000000000004434e+03
 9.999999999999849933e+02
 1.000000000000052069e+03
 9.999999999998624389e+02
 1.000000000000310251e+03
 9.999999999995295639e+02
 1.000000000000638238e+03
 9.999999999989852313e+02
 9.999999999990953938e+02
 9.999999999999536158e+02
 1.000000000013993827e+03
 1.000000000018897936e+03
 9.999999999499323167e+02
 9.999999987227020029e+02
 9.999999921601910273e+02
 9.999999653483512247e+02
 9.999998781079475521e+02
 9.999996032062344966e+02
 9.999987397915094789e+02
 9.999958983407605047e+02
 9.999867462075405911e+02
 9.999546925264510264e+02
 9.998422762493082701e+02
 9.994316264234554410e+02
 9.980484622174537890e+02
 9.928021308317046305e+02
 9.764145374810833573e+02
 9.225090698249504158e+02
 1.000000000000001478e+03
 1.000000000000000341e+03
 1.000000000000001819e+03
 1.000000000000000114e+03
 1.000000000000001592e+03
 1.000000000000001251e+03
 1.000000000000001251e+03
 9.999999999999998863e+02
 1.000000000000001137e+03
 1.000000000000000000e+03
 1.000000000000001023e+03
 9.999999999999967031e+02
 1.000000000000012278e+03
 9.999999999999714646e+02
 1.000000000000066962e+03
 9.999999999998678959e+02
 1.000000000000207592e+03
 9.999999999997693294e+02
 1.000000000000213163e+03
 1.000000000000076739e+03
 9.999999999991332515e+02
 9.999999999998302656e+02
 9.999999999992495532e+02
 1.000000000018626679e+03
 1.000000000027614988e+03
 9.999999998387083906e+02
 9.999999981638345616e+02
 9.999999895400013656e+02
 9.999999562477663630e+02
 9.999998477690825212e+02
 9.999995089486477582e+02
 9.999984087228428962e+02
 9.999948648051627060e+02
 9.999826133195385864e+02
 9.999400354225429055e+02
 9.997847513738141743e+02
 9.992616978273326822e+02
 9.972727354416927028e+02
 9.907729401928595507e+02
 9.520132209153339318e+02
 1.000000000000001933e+03
 1.000000000000001023e+03
 1.000000000000001933e+03
 1.000000000000000682e+03
 1.000000000000000341e+03
 1.000000000000001364e+03
 1.000000000000002501e+03
 1.000000000000000796e+03
 1.000000000000002160e+03
 1.000000000000000682e+03
 1.000000000000002956e+03
 9.999999999999961346e+02
 1.000000000000014325e+03
 9.999999999999712372e+02
 1.000000000000059003e+03
 9.999999999999115516e+02
 1.000000000000111186e+03
 9.999999999998921112e+02
 1.000000000000112550e+03
 9.999999999998277644e+02
 1.000000000000566160e+03
 9.999999999978517735e+02
 1.000000000002234060e+03
 9.999999999961295316e+02
 1.000000000031386094e+03
 1.000000000042520469e+03
 9.999999997350865897e+02
 9.999999974043643078e+02
 9.999999860139026850e+02
 9.999999432487977629e+02
 9.999998056951030776e+02
 9.999993611808230298e+02
 9.999979364616374369e+02
 9.999930689993755095e+02
 9.999762813400151344e+02
 9.999152066711449152e+02
 9.997103571614751445e+02
 9.989402069867769569e+02
 9.963383857266023824e+02
 9.748334351442508705e+02
 1.000000000000002046e+03
 1.000000000000000114e+03
 1.000000000000000114e+03
 1.000000000000000227e+03
 1.000000000000000909e+03
 1.000000000000000000e+03
 1.000000000000000909e+03
 1.000000000000000227e+03
 1.000000000000000114e+03
 1.000000000000000114e+03
 1.000000000000002615e+03
 9.999999999999949978e+02
 1.000000000000015461e+03
 9.999999999999757847e+02
 1.000000000000042064e+03
 9.999999999999498641e+02
 1.000000000000052978e+03
 9.999999999999535021e+02
 1.000000000000074465e+03
 9.999999999998389058e+02
 1.000000000000494197e+03
 9.999999999989987600e+02
 1.000000000000508635e+03
 9.999999999974243110e+02
 1.000000000003693344e+03
 1.000000000035667654e+03
 1.000000000064720325e+03
 9.999999995527732608e+02
 9.999999964077709365e+02
 9.999999813005803162e+02
 9.999999272185342534e+02
 9.999997509016731101e+02
 9.999991876506327344e+02
 9.999972895600445781e+02
 9.999908068977083531e+02
 9.999674592368228332e+02
 9.998886751493691918e+02
 9.995957271455467890e+02
 9.985835905555316003e+02
 9.877894071738525099e+02
 1.000000000000003070e+03
 1.000000000000000568e+03
 1.000000000000002501e+03
 1.000000000000001478e+03
 1.000000000000000909e+03
 1.000000000000000455e+03
 1.000000000000000796e+03
 1.000000000000000455e+03
 1.000000000000001592e+03
 1.000000000000000000e+03
 1.000000000000004661e+03
 9.999999999999949978e+02
 1.000000000000012847e+03
 9.999999999999839702e+02
 1.000000000000025238e+03
 9.999999999999690772e+02
 1.000000000000047748e+03
 9.999999999999050715e+02
 1.000000000000203045e+03
 9.999999999995845883e+02
 1.000000000000814453e+03
 9.999999999987206820e+02
 1.000000000001882086e+03
 9.999999999961559070e+02
 1.000000000001746002e+03
 9.999999999997831992e+02
 1.000000000052145310e+03
 1.000000000042039915e+03
 9.999999993701883341e+02
 9.999999949197097067e+02
 9.999999747517108517e+02
 9.999999028543126087e+02
 9.999996692928073116e+02
 9.999988900309912196e+02
 9.999962495817455874e+02
 9.999868561535367917e+02
 9.999547040162807434e+02
 9.998364518389485056e+02
 9.994191326767804640e+02
 9.937840552091457766e+02
 1.000000000000002160e+03
 1.000000000000001478e+03
 1.000000000000001933e+03
 1.000000000000000455e+03
 1.000000000000001364e+03
 9.999999999999997726e+02
 1.000000000000000114e+03
 9.999999999999994316e+02
 1.000000000000002160e+03
 9.999999999999994316e+02
 1.000000000000004547e+03
 9.999999999999956799e+02
 1.000000000000009891e+03
 9.999999999999923830e+02
 1.000000000000011028e+03
 9.999999999999855618e+02
 1.000000000000037176e+03
 9.999999999999157581e+02
 1.000000000000166438e+03
 9.999999999997270379e+02
 1.000000000000319233e+03
 9.999999999998485691e+02
 9.999999999997762643e+02
 1.000000000001017952e+03
 9.999999999969932105e+02
 9.999999999976101890e+02
 1.000000000004590447e+03
 1.000000000070546321e+03
 1.000000000042986244e+03
 9.999999986681955306e+02
 9.999999906976664761e+02
 9.999999556707963393e+02
 9.999998290620833359e+02
 9.999994015471662578e+02
 9.999979717726617992e+02
 9.999929798743746687e+02
 9.999758026574573933e+02
 9.999138157301911178e+02
 9.996937423830804619e+02
 9.961839787726651139e+02
 </DataArray>
 <DataArray Name="vel.y" type="Float32" NumberOfComponents="1" format="ascii">
 4.024662843534900247e+01
 1.102067225167218112e+02
 1.648038097374312088e+02
 2.036221861785997476e+02
 2.126033256662173017e+02
 2.210431978016254675e+02
 2.309203851933236251e+02
 2.368992624175425590e+02
 2.406049886286816957e+02
 2.442850611089046424e+02
 2.485465896717831527e+02
 2.506436855681134830e+02
 2.522890370222426952e+02
 2.538152974819267911e+02
 2.552815719063674749e+02
 2.568631770902608196e+02
 2.582120763134860226e+02
 2.593067888480242686e+02
 2.603377182392452482e+02
 2.614031937733413429e+02
 2.624478113208001560e+02
 2.633140552754650798e+02
 2.640257204956884607e+02
 2.645108380783941584e+02
 2.649972353646525107e+02
 2.654915913360541140e+02
 2.660965272814636364e+02
 2.666434530176037470e+02
 2.671780540406410864e+02
 2.676276699284861138e+02
 2.680596788836828068e+02
 2.684404684693020613e+02
 2.689126762572170151e+02
 2.693475356725845700e+02
 2.698104229755421102e+02
 2.701958217785861507e+02
 2.706203202672044767e+02
 2.711244484465631217e+02
 2.714501237610409703e+02
 2.721920039029301961e+02
 5.868409227608597512e+00
 2.775770518058297043e+01
 7.287225169544996106e+01
 1.185304943058047513e+02
 1.394625795680569240e+02
 1.622099929740397215e+02
 1.810213594955014003e+02
 1.872673414810449231e+02
 1.941111995586780097e+02
 2.018498496458434488e+02
 2.089888768217923882e+02
 2.124924963781921008e+02
 2.161302455987811584e+02
 2.192436960175986940e+02
 2.224330029091474614e+02
 2.256181410562082306e+02
 2.285225888359868804e+02
 2.308412626853383642e+02
 2.329552820970695279e+02
 2.351800153721258937e+02
 2.371517918778306466e+02
 2.387750426816158154e+02
 2.401906983473345747e+02
 2.412809958422826071e+02
 2.424618829914188041e+02
 2.437890236409589590e+02
 2.453059473571354658e+02
 2.465818961127007469e+02
 2.478394325717566176e+02
 2.488802515565853071e+02
 2.498740005579279284e+02
 2.507432662019923839e+02
 2.518129864645549958e+02
 2.528835250268779475e+02
 2.540141189140433369e+02
 2.549800984962699033e+02
 2.560634552623440072e+02
 2.573388758827663878e+02
 2.582617336970768065e+02
 2.599823893833182638e+02
 7.815061123698247014e-01
 4.720163837914618021e+00
 1.565685506964244844e+01
 4.430232639207396517e+01
 8.836650135939265738e+01
 1.276075292422846559e+02
 1.479502325080202070e+02
 1.529969311003146970e+02
 1.607668181654843522e+02
 1.711566356277727436e+02
 1.782590251998484518e+02
 1.832494879117966775e+02
 1.881667312558584513e+02
 1.931110712276063737e+02
 1.978762011487170014e+02
 2.020160823439548778e+02
 2.055991667539300920e+02
 2.083729031056562917e+02
 2.108374121881070380e+02
 2.133171462259693385e+02
 2.156536930003477721e+02
 2.178161697144830384e+02
 2.197421606944137693e+02
 2.214889088072746119e+02
 2.234229027577422073e+02
 2.254907342162638031e+02
 2.275871055158693821e+02
 2.292141569372992933e+02
 2.308568768895612209e+02
 2.322831283194058472e+02
 2.337026264678572147e+02
 2.350056248313435674e+02
 2.365330685838977445e+02
 2.380637969380320556e+02
 2.396340992839437263e+02
 2.409682572766337501e+02
 2.425008680727077319e+02
 2.443368082731116715e+02
 2.457048212877732283e+02
 2.481935481326487434e+02
 1.159637754500544848e-01
 8.409929126146697964e-01
 3.403667301613166885e+00
 1.073025522092561346e+01
 2.616018338357552508e+01
 6.022516231505725415e+01
 1.030834518354071889e+02
 1.206119803631794980e+02
 1.357540034486444256e+02
 1.480485578965313493e+02
 1.529754189075873398e+02
 1.595904321985701699e+02
 1.659597573157185479e+02
 1.720665983885765513e+02
 1.774299191820216208e+02
 1.817838024220982902e+02
 1.855537161921733400e+02
 1.887679641192511326e+02
 1.917461407498248889e+02
 1.946637410793906042e+02
 1.975267757137893057e+02
 2.002504115632975186e+02
 2.026900015615542827e+02
 2.049669369382138200e+02
 2.074116034760197920e+02
 2.097706398896038138e+02
 2.119896876127889129e+02
 2.137002860830193072e+02
 2.155164581819757359e+02
 2.172683793964327776e+02
 2.191704554419957560e+02
 2.210339209420775148e+02
 2.231676963331023558e+02
 2.251701862001918926e+02
 2.269737405826298016e+02
 2.284488961958244886e+02
 2.302524600732346585e+02
 2.325182299164216886e+02
 2.342802656516439868e+02
 2.374283800007588070e+02
 1.792650493176130289e-02
 1.478659676839332859e-01
 6.853866794843572752e-01
 2.480057564695217209e+00
 6.724310408082011747e+00
 1.687230902602137306e+01
 3.991305547941479404e+01
 7.931360080612392949e+01
 1.118397653790221113e+02
 1.267630062008904730e+02
 1.320606056041524710e+02
 1.417811622808442280e+02
 1.486905173647170102e+02
 1.558851479485034872e+02
 1.601615236883210969e+02
 1.642094453985234281e+02
 1.681331412051918051e+02
 1.716095552772403323e+02
 1.755298986529218439e+02
 1.794351385739542764e+02
 1.831508926799032224e+02
 1.863007863289620900e+02
 1.889680112338324705e+02
 1.912837856443110809e+02
 1.936886392700046997e+02
 1.959897307724881443e+02
 1.982654577739800175e+02
 2.002362077127592102e+02
 2.023534764654712035e+02
 2.044817358325115322e+02
 2.067936949190086864e+02
 2.089779201243793807e+02
 2.114513823556919192e+02
 2.137127024188050086e+02
 2.156920085678689247e+02
 2.173838360876707441e+02
 2.194776455330499516e+02
 2.221472644009644455e+02
 2.241549275930552767e+02
 2.277130487790723237e+02
 2.810974566631106123e-03
 2.582218030806421316e-02
 1.344038406001816233e-01
 5.361029037783774376e-01
 1.587159470740954648e+00
 4.392735310931781711e+00
 1.094041366315566322e+01
 2.603608846926152864e+01
 5.724158452983569845e+01
 9.417802628128841036e+01
 1.098137196541534166e+02
 1.287579980419069727e+02
 1.321901067449815628e+02
 1.378692376835243181e+02
 1.415568586344263053e+02
 1.479512521055505943e+02
 1.528174353157583880e+02
 1.575042202492626018e+02
 1.624771758062224194e+02
 1.669827743361605030e+02
 1.707740042675423240e+02
 1.736755504383651214e+02
 1.761449426742519506e+02
 1.784894990483261097e+02
 1.810752110342725416e+02
 1.837304931767912421e+02
 1.864659852828526425e+02
 1.888980481858723124e+02
 1.914486507944218943e+02
 1.938804190770440243e+02
 1.963240951199306323e+02
 1.984768975103998514e+02
 2.009280333211074776e+02
 2.032468448316751619e+02
 2.054848734919870594e+02
 2.075340060366599175e+02
 2.100183666833933103e+02
 2.130680579946599948e+02
 2.151459560027986697e+02
 2.188979436740422955e+02
 4.500846990310093014e-04
 4.526066484516445658e-03
 2.606297500979536108e-02
 1.138110588995427247e-01
 3.660640118910348795e-01
 1.082929920784887701e+00
 2.912174431327422486e+00
 7.480085655303462921e+00
 1.686100798503496279e+01
 3.813170541066558172e+01
 7.266909505888703791e+01
 1.040585076179974919e+02
 1.126589487344746487e+02
 1.235214719679455442e+02
 1.287133425995839957e+02
 1.370408806080404815e+02
 1.412218102360144201e+02
 1.461508363376726152e+02
 1.510669998779102912e+02
 1.546454687035889037e+02
 1.575657475750782339e+02
 1.605505877630870089e+02
 1.637448414467780253e+02
 1.668521571754880313e+02
 1.701210917704075030e+02
 1.733315480366765371e+02
 1.764801630454365124e+02
 1.791096191329776843e+02
 1.817918129164138463e+02
 1.842203135304166892e+02
 1.866285230900606109e+02
 1.887918543493412642e+02
 1.913057780625342446e+02
 1.937657790630870238e+02
 1.962812990858632247e+02
 1.986138244473781356e+02
 2.013506091518136714e+02
 2.045971536989502226e+02
 2.067950342334490870e+02
 2.107706812907670439e+02
 7.258923505265669281e-05
 7.959058023085653589e-04
 5.010809706618039004e-03
 2.373176317429549417e-02
 8.274559645410485553e-02
 2.618108183706823744e-01
 7.442806773880996651e-01
 2.025373698806710365e+00
 4.857890699322248373e+00
 1.126102061817677580e+01
 2.556735638506656727e+01
 5.502226663945676677e+01
 8.853157968395821342e+01
 1.105172126473069483e+02
 1.188865279974087628e+02
 1.257271675734042304e+02
 1.288010040341902140e+02
 1.348213169676832877e+02
 1.398210515576177215e+02
 1.430256952560649495e+02
 1.457422703047196819e+02
 1.493690087170850518e+02
 1.534136356222990116e+02
 1.571238874439560220e+02
 1.607647533849765296e+02
 1.639791746156044496e+02
 1.669400163148349350e+02
 1.694898254366421213e+02
 1.722348992106064429e+02
 1.748402100402206827e+02
 1.774839772134373277e+02
 1.799083651097437837e+02
 1.826971833058114214e+02
 1.854459144579621181e+02
 1.881491360933928547e+02
 1.905601568300679105e+02
 1.933056042807018855e+02
 1.964704417321676146e+02
 1.988701363424449937e+02
 2.031629753128049458e+02
 9.362401621757011327e-06
 1.377112297317475650e-04
 9.514139170904023371e-04
 4.859340806727423766e-03
 1.834241533940842578e-02
 6.187468222492923525e-02
 1.860771585977759046e-01
 5.320593980071217644e-01
 1.320150039504014217e+00
 3.239164869078384967e+00
 7.700032448703113097e+00
 1.748732628007527623e+01
 3.786468433438655268e+01
 7.090805954284130053e+01
 9.779547444724639149e+01
 1.110495781739890617e+02
 1.168466675760019626e+02
 1.249760903796047273e+02
 1.275084417414406630e+02
 1.315885848164937215e+02
 1.356197794475509966e+02
 1.407059226077512619e+02
 1.453182980782927700e+02
 1.489935272550979164e+02
 1.523695349137949222e+02
 1.551663911742485880e+02
 1.578675179364804251e+02
 1.605106859166263291e+02
 1.635253994117969967e+02
 1.664800976640110548e+02
 1.694496010087586626e+02
 1.721144881779568436e+02
 1.751267793592374460e+02
 1.780596635082769126e+02
 1.808526411567828802e+02
 1.832953687075301445e+02
 1.860507232888997464e+02
 1.891051627633403598e+02
 1.916508819950989277e+02
 1.961873232123131174e+02
 3.417528469978747056e-08
 2.297868374831371117e-05
 1.779446644327897147e-04
 9.750573261365873398e-04
 3.961939469362896031e-03
 1.420085770182406837e-02
 4.505332349254916047e-02
 1.347519530795997234e-01
 3.489106070932201376e-01
 8.858102538466663400e-01
 2.179769238848605628e+00
 5.260789770065776416e+00
 1.149490255695677199e+01
 2.577042384755909765e+01
 5.359585917282083756e+01
 8.515643864446052191e+01
 1.031438338025827193e+02
 1.117287993709856408e+02
 1.174723247874971719e+02
 1.241463284155654776e+02
 1.291133471396187247e+02
 1.343588136460514590e+02
 1.377133181066642464e+02
 1.406834346596840248e+02
 1.433183670971159813e+02
 1.458551490180209669e+02
 1.491558544423720605e+02
 1.525657662419997962e+02
 1.561219424282533907e+02
 1.593086348927932931e+02
 1.623638795598573381e+02
 1.650808865963421965e+02
 1.681442352727844138e+02
 1.710924392783980466e+02
 1.739236243261491097e+02
 1.764676200282067668e+02
 1.793704017340494943e+02
 1.825703446332961448e+02
 1.853021942705159688e+02
 1.899253860573666941e+02
 -2.500308840118876840e-07
 2.167348868318453271e-06
 3.182793741305296232e-05
 1.927824730946018630e-04
 8.441353931744522863e-04
 3.209408433479613281e-03
 1.073696162730944370e-02
 3.357812594998920569e-02
 9.093488632167914809e-02
 2.398068434387050640e-01
 6.077388949977992061e-01
 1.510912612957992618e+00
 3.457729864157918165e+00
 7.971633824667861745e+00
 1.726884700133453521e+01
 3.928535726145094742e+01
 7.334876165478554810e+01
 9.442295736938758921e+01
 1.091940232808401134e+02
 1.159457246955627028e+02
 1.198485863796191637e+02
 1.235360785247154212e+02
 1.279755008875642375e+02
 1.321311656468257354e+02
 1.351359575793769920e+02
 1.386390927030856517e+02
 1.429842673867749170e+02
 1.466352536087053124e+02
 1.498255672808152497e+02
 1.525135097446525094e+02
 1.553263679399508703e+02
 1.581534486642430579e+02
 1.614413356656299072e+02
 1.645616913580117000e+02
 1.674737408746667597e+02
 1.701215163912142998e+02
 1.731789041059111582e+02
 1.766472032728613613e+02
 1.796137971539689886e+02
 1.842210030102207554e+02
 7.407218131815041691e-08
 -7.932200172674948184e-08
 3.887444213977181694e-06
 3.607799740350517892e-05
 1.763926882327712165e-04
 7.136185291960428457e-04
 2.515531147016625106e-03
 8.217505944782007785e-03
 2.332649434191311558e-02
 6.392874450668331598e-02
 1.670285345077008321e-01
 4.282705828451546237e-01
 1.002836331807517523e+00
 2.373427333329648281e+00
 5.441583929652833440e+00
 1.237296739002628598e+01
 2.727733553472523553e+01
 5.646918854226657913e+01
 8.789979481011390305e+01
 1.005953113883679180e+02
 1.100379144841686525e+02
 1.138572445997481992e+02
 1.193932719100226905e+02
 1.242339599398899281e+02
 1.281267650332152641e+02
 1.327333614449991330e+02
 1.372145248004320308e+02
 1.403798911546505792e+02
 1.431623030627915796e+02
 1.457872970670998711e+02
 1.488510047188104295e+02
 1.519950262155257121e+02
 1.554925618835941066e+02
 1.586482013151540116e+02
 1.615127271474282509e+02
 1.642105553807078309e+02
 1.673876547146573444e+02
 1.710675559092970843e+02
 1.741401223870050501e+02
 1.787630522616590270e+02
 -6.858956204721955242e-08
 5.197890983538711034e-08
 2.889391016255671436e-07
 5.089754416713679240e-06
 3.476378447296392979e-05
 1.551740892669802301e-04
 5.800894552451362884e-04
 1.981900184238121702e-03
 5.912564387403678942e-03
 1.687726142492237263e-02
 4.557966333385789215e-02
 1.203998159055327671e-01
 2.901839533952905170e-01
 7.020173164692157242e-01
 1.649614626718118870e+00
 3.917405615597224777e+00
 8.785264564803149767e+00
 1.966237867676575135e+01
 4.319132012956357158e+01
 7.599815498449643769e+01
 1.001321791988661687e+02
 1.045183367916019961e+02
 1.135092813655543864e+02
 1.179615823536788639e+02
 1.230171617553213537e+02
 1.270806693824512621e+02
 1.305907572805856205e+02
 1.333550820157475130e+02
 1.361376963196107113e+02
 1.393655435296658140e+02
 1.430942198225863251e+02
 1.464243447323852934e+02
 1.498410479930326744e+02
 1.528648179574825861e+02
 1.558224855676309346e+02
 1.587575544118267317e+02
 1.621134036864122265e+02
 1.658245712916103116e+02
 1.687553365051172989e+02
 1.733650841472052093e+02
 2.178199338489814104e-08
 -5.215657245806020205e-08
 4.782309992192640859e-08
 6.465150881672508551e-07
 5.374701329119079732e-06
 3.155359006043975971e-05
 1.296310305289699561e-04
 4.659899152108820013e-04
 1.460780761104717509e-03
 4.339923320804925030e-03
 1.212189741571093743e-02
 3.295575234132695069e-02
 8.192900368252234444e-02
 2.030569763569394781e-01
 4.889644908411160396e-01
 1.180286050135875175e+00
 2.709258474734707267e+00
 6.323855065856301749e+00
 1.411072731848959450e+01
 3.302963953232287508e+01
 6.574801088103676250e+01
 8.836308399405992020e+01
 1.076036791557908714e+02
 1.095459109396968245e+02
 1.143685868065717841e+02
 1.172383330553335412e+02
 1.218957506207566865e+02
 1.259328734978414417e+02
 1.302043902335763619e+02
 1.346854747443601639e+02
 1.384852235989251596e+02
 1.411868783423300329e+02
 1.441022624358879796e+02
 1.470591369276666853e+02
 1.503438227273989867e+02
 1.536374398681245168e+02
 1.571392401950787416e+02
 1.607327800352273925e+02
 1.634902509130845942e+02
 1.680924085958425565e+02
 -9.044566936415787881e-09
 2.324468133415228242e-08
 -6.296925414208075847e-08
 6.471827596544123395e-08
 7.814135646432818370e-07
 5.103439278949446528e-06
 2.710258989796240944e-05
 1.067527542311984897e-04
 3.553812703487728192e-04
 1.101869475831783376e-03
 3.189222118323402962e-03
 8.932252033974923469e-03
 2.297482846168220211e-02
 5.852062707932578073e-02
 1.443436298548390062e-01
 3.557143082877159412e-01
 8.299347961189956768e-01
 1.971799001608751212e+00
 4.618123069799340286e+00
 1.080452897126889411e+01
 2.473638224099753558e+01
 5.421542162254370822e+01
 8.667958317148604408e+01
 9.587842027783953824e+01
 1.072787575011537484e+02
 1.110082139803792245e+02
 1.168879222164347027e+02
 1.207638701587375465e+02
 1.252511709832067908e+02
 1.297434210265297736e+02
 1.328195266134454471e+02
 1.355429883907988540e+02
 1.386164124470291483e+02
 1.420275684682995632e+02
 1.459162248628241514e+02
 1.494219891450865703e+02
 1.526858821906022285e+02
 1.558914670610314488e+02
 1.584811704750225942e+02
 1.631255478199713025e+02
 1.661970283846105926e-09
 6.962153326185714210e-10
 9.211109474604856119e-09
 -5.005733896746056928e-08
 6.531774654501320676e-08
 7.707893314841636527e-07
 4.412002322905052183e-06
 2.256594698359439021e-05
 8.384583352669751398e-05
 2.747636915299830960e-04
 8.268893448620557186e-04
 2.387335306007280691e-03
 6.362588978315114434e-03
 1.668835792895883435e-02
 4.221423916275810623e-02
 1.061590267793264819e-01
 2.524853246852373223e-01
 6.107317823181011018e-01
 1.453378725665900539e+00
 3.515069239183159944e+00
 8.230407532974464146e+00
 1.933948058608330101e+01
 4.538032996439815747e+01
 7.996493052729327644e+01
 9.986053321082523837e+01
 1.058607620966505465e+02
 1.138687324853500371e+02
 1.162328184524782131e+02
 1.203415122262629353e+02
 1.242666450513678882e+02
 1.272295002416247343e+02
 1.303672659348522700e+02
 1.338693547206340781e+02
 1.377510440510478986e+02
 1.418520791847949170e+02
 1.450842580553985499e+02
 1.480807799120490245e+02
 1.512310213604928606e+02
 1.538941360495679760e+02
 1.586959172752894176e+02
 -1.315699377487441210e-09
 2.795524695776484581e-09
 -5.729420863659442022e-10
 4.457940514359700097e-09
 -4.401471353682905911e-08
 3.886145652853962502e-08
 6.438164486625091854e-07
 3.723474673900358687e-06
 1.798203984392606595e-05
 6.657092950426479793e-05
 2.126498272257973865e-04
 6.372913910733971976e-04
 1.768073632870259017e-03
 4.792674530804947979e-03
 1.247272652279985371e-02
 3.210931786444169017e-02
 7.825129917124165613e-02
 1.930413386140875098e-01
 4.683779855234226908e-01
 1.147522361168392901e+00
 2.741684025987898288e+00
 6.726579943535388573e+00
 1.615158792953032929e+01
 3.950387754929345618e+01
 7.387686015615807378e+01
 9.279273490788291667e+01
 1.066750683446210957e+02
 1.086916795411309238e+02
 1.130949064085300932e+02
 1.174174443933968490e+02
 1.222248787288383909e+02
 1.262971657327624655e+02
 1.299705906628050229e+02
 1.338551503284411979e+02
 1.376208496589893571e+02
 1.404518289121890575e+02
 1.433471830370321243e+02
 1.467139932242895668e+02
 1.495551790231100142e+02
 1.545530257920884480e+02
 5.141555263626089685e-10
 4.893361709289622783e-10
 -2.697997604551188106e-10
 6.699478135570390430e-09
 -1.223612529923091369e-08
 -1.747646420530852706e-08
 -1.104183654132215462e-08
 5.058209338524516374e-07
 2.991101820637398514e-06
 1.411090906796324739e-05
 5.183421150758280900e-05
 1.650788143919377647e-04
 4.796328915340916871e-04
 1.345016974398930342e-03
 3.601815163340205041e-03
 9.487333281957988779e-03
 2.375198967187200014e-02
 5.988467904410871290e-02
 1.479832463216965155e-01
 3.681083579170602582e-01
 8.917523837503694706e-01
 2.225141929606944124e+00
 5.574205809077109386e+00
 1.367790559071573675e+01
 3.557373675216884124e+01
 7.269218502701070861e+01
 9.275673976103431073e+01
 9.989376608332315755e+01
 1.072874023144024846e+02
 1.129183314518279104e+02
 1.186339080137088757e+02
 1.217598492288045833e+02
 1.250240687014848646e+02
 1.288487785782734250e+02
 1.324087864996244832e+02
 1.354546988227301085e+02
 1.387407783150567013e+02
 1.424853503896829636e+02
 1.454054423081244352e+02
 1.504589051536839861e+02
 -3.988039498648227494e-12
 8.133751340595887816e-10
 -2.396324037954445375e-10
 3.155241152608192401e-10
 6.657044704353170165e-09
 -1.491107816702524105e-08
 8.310954549057666262e-10
 -2.955998924276193675e-08
 4.065948457004480616e-07
 2.406057773261599093e-06
 1.085553608180312317e-05
 4.054620864180165162e-05
 1.274873520083794705e-04
 3.739017142775698135e-04
 1.034335140410448401e-03
 2.793423758665323445e-03
 7.205921140299762807e-03
 1.862097805740170475e-02
 4.698142310794267695e-02
 1.187833519977191526e-01
 2.924650740286141026e-01
 7.415676566152419324e-01
 1.878770444989504851e+00
 4.813143104004209860e+00
 1.236300885885991718e+01
 3.263456150371506226e+01
 6.686438382571699890e+01
 9.438575623522216063e+01
 1.022530064470456495e+02
 1.104297554841088953e+02
 1.139446735138445774e+02
 1.167144026046237713e+02
 1.206311607869862570e+02
 1.249016403400020607e+02
 1.283386320424764619e+02
 1.314945037185822798e+02
 1.348521308230790794e+02
 1.385042445695237063e+02
 1.413273036153113651e+02
 1.463705843927604633e+02
 9.905136584145030791e-11
 3.809875752078813932e-10
 2.117155016061934450e-10
 2.275736947504805444e-10
 5.603898545745575818e-10
 5.356914150995819932e-09
 -1.296091605431228437e-08
 9.215098119218414880e-09
 -4.784249408455544562e-08
 3.274857398232139353e-07
 1.885157225359372912e-06
 8.357597395566198546e-06
 3.171276817748746484e-05
 1.011777666469852586e-04
 2.927310569825047741e-04
 8.132561926975141351e-04
 2.165163769965013953e-03
 5.742209627016617302e-03
 1.480586093155203918e-02
 3.809132408355154348e-02
 9.545508534906183007e-02
 2.457755538410947294e-01
 6.311495713480234082e-01
 1.636491080501270901e+00
 4.321124829018831548e+00
 1.151739957307861317e+01
 3.140458861004566060e+01
 7.008745772114613715e+01
 8.840893333663508713e+01
 1.043944517661330877e+02
 1.068470867891659992e+02
 1.104858617050755214e+02
 1.160534562851000686e+02
 1.207731988897021580e+02
 1.246764770933378657e+02
 1.280041509765295871e+02
 1.312790376761128925e+02
 1.349051016882153249e+02
 1.376968469793855263e+02
 1.426506497461375318e+02
 1.282939548758416302e-10
 1.787943737481569675e-11
 4.481907976686274019e-10
 -2.123700519234441146e-10
 5.027517794057725917e-10
 8.087131590895390567e-10
 1.565920928640867304e-09
 -4.604295417704079747e-09
 2.246650939164716679e-09
 -4.740953891644583217e-08
 2.158547331907068811e-07
 1.478043898006862102e-06
 6.552143611752871930e-06
 2.564530392356501149e-05
 8.235160886994267581e-05
 2.406297303698021162e-04
 6.675200546258215585e-04
 1.825840044206416971e-03
 4.830677105588531209e-03
 1.269227725877655581e-02
 3.252710715295022842e-02
 8.525221117489972800e-02
 2.217050673738252542e-01
 5.831146615604732020e-01
 1.541572572023030441e+00
 4.249026660411508338e+00
 1.174310711176209487e+01
 3.232092628340259211e+01
 6.869055964823536442e+01
 9.626457565008041684e+01
 1.001879412184313907e+02
 1.073392887056463678e+02
 1.125573253003424838e+02
 1.169930575826165722e+02
 1.210122106415853693e+02
 1.241381135957194601e+02
 1.273686843045683901e+02
 1.313758677747927379e+02
 1.343522972242080300e+02
 1.392337597374714733e+02
 5.061571361710307985e-11
 7.796105895262938786e-11
 1.562461254551728719e-11
 4.144800900440395999e-10
 -4.946634020256714084e-10
 1.170758534972757413e-09
 -3.632696867913168684e-10
 1.687600377426893075e-09
 -2.328824352043338327e-09
 -1.376055451944454396e-09
 -5.038889200819745326e-08
 1.341030838128339687e-07
 1.156935775416122043e-06
 5.232506497989290906e-06
 2.060743140394448995e-05
 6.764025092588613107e-05
 1.998441829502455762e-04
 5.668416488565810978e-04
 1.540332329849880425e-03
 4.131655117251557124e-03
 1.083504935649926351e-02
 2.893101678205189237e-02
 7.633115200615354923e-02
 2.032735569197844927e-01
 5.413121726175026405e-01
 1.505172076333141318e+00
 4.279373217931813578e+00
 1.203090187267907041e+01
 3.433917341361598119e+01
 7.528494750655544010e+01
 9.077566157956501058e+01
 1.047019520378401580e+02
 1.071350091381045360e+02
 1.122837177289561765e+02
 1.171281392290490970e+02
 1.200811381190982132e+02
 1.235631403213377411e+02
 1.279415179546774510e+02
 1.309040575612167743e+02
 1.357469754363627601e+02
 1.862577147882015973e-11
 3.274664721340190275e-11
 1.791213681915883284e-11
 1.227695642665442829e-10
 7.972808324767417728e-11
 -7.682472248579488718e-12
 4.483874161263646049e-10
 2.428521401800853502e-10
 -1.623910111552763442e-10
 3.226033827566307434e-09
 -1.079009974981576921e-08
 -4.319491186260386004e-08
 6.726163829459823851e-08
 9.221505220401228090e-07
 4.179735220630717087e-06
 1.681718958775971500e-05
 5.734952225978763807e-05
 1.740155570487616305e-04
 4.907732403758015239e-04
 1.349103475823625444e-03
 3.630476390089299506e-03
 9.898530552086916984e-03
 2.655642297750425776e-02
 7.173930439092757183e-02
 1.926916109157520429e-01
 5.413516391665949001e-01
 1.546601223985214935e+00
 4.496512619278722589e+00
 1.298423087272613330e+01
 3.936289056523627039e+01
 7.575436933937076844e+01
 9.766324379597412531e+01
 1.010282587470962881e+02
 1.087608757235642969e+02
 1.132980584846938825e+02
 1.158820316848952672e+02
 1.196826488851003063e+02
 1.239789061556717513e+02
 1.268852743546767812e+02
 1.320238584814330522e+02
 -4.520427641889169979e-12
 3.412373770520402269e-11
 -1.644162535261641411e-11
 7.905194589199248119e-11
 -9.804748563353146509e-12
 1.549324714114110600e-10
 -1.321175993929745826e-10
 6.486022344514548075e-10
 -4.191478433773905274e-10
 5.297176037501464193e-10
 4.859540321733179679e-09
 -1.346430858997028595e-08
 -3.621552509458478999e-08
 2.215212145648886325e-08
 7.110711611772455122e-07
 3.403143035239538816e-06
 1.427500496455857622e-05
 5.053579378609335065e-05
 1.530190753876319888e-04
 4.350809357717517686e-04
 1.204014045093293244e-03
 3.353323450850697121e-03
 9.153020202447632869e-03
 2.508168591990342713e-02
 6.811367723680691877e-02
 1.931594916485473712e-01
 5.553495022987001706e-01
 1.630638912649980288e+00
 4.852464777150647279e+00
 1.504008474628138892e+01
 4.358749829267632947e+01
 7.914816253482139530e+01
 9.265357693212114043e+01
 1.074366071977538439e+02
 1.089531882069996698e+02
 1.122855121121575053e+02
 1.167532950194673305e+02
 1.205534893408086106e+02
 1.233208487681968961e+02
 1.285502485229888805e+02
 -1.123401955663946128e-12
 9.936252572287853361e-12
 2.487073860705008006e-12
 1.670916844340121462e-11
 1.140494252498815120e-11
 6.155271369611399219e-11
 -3.354902661845436487e-12
 9.736763114775823052e-11
 2.644101260812152321e-10
 -2.881593705770204655e-10
 5.288485306354883873e-10
 7.159806166878913556e-09
 -1.993433704134084581e-08
 -1.522215075964119684e-08
 -1.745443342224868471e-08
 5.558327343655275256e-07
 2.994138774561713812e-06
 1.298376878924045006e-05
 4.675278368795996072e-05
 1.446396456034964261e-04
 4.191609262471265428e-04
 1.199304499209227770e-03
 3.339711597389643377e-03
 9.299750692984375469e-03
 2.559387029171173236e-02
 7.319028975731736719e-02
 2.109812815104756267e-01
 6.232233718396605893e-01
 1.852369948803635147e+00
 5.910934052824177165e+00
 1.782503957461474187e+01
 5.185892127942026519e+01
 8.700294276739252552e+01
 1.002575197569326804e+02
 1.027911608568891637e+02
 1.086230774734267328e+02
 1.132401964098959724e+02
 1.172608298594837919e+02
 1.205394727842762279e+02
 1.258344897426259479e+02
 -1.241389947985264895e-12
 4.953534624547303237e-12
 -1.638002083882469258e-12
 1.281715018223546622e-11
 -4.280674125864372371e-12
 3.373625952493340833e-11
 1.489648848764016754e-11
 1.020193094041775326e-11
 9.732025541580482862e-11
 2.505286419722429119e-10
 -8.602432950208734011e-10
 2.301436874410541689e-09
 3.624318113257015606e-09
 -1.564123770105866767e-08
 -5.473184625699277956e-09
 -2.883916258589730831e-08
 4.893696471063659876e-07
 2.791849291097577637e-06
 1.205490824290224469e-05
 4.418663876752848194e-05
 1.398912967031852204e-04
 4.162031560688696057e-04
 1.185639449103517880e-03
 3.354030014344463149e-03
 9.363086538545358981e-03
 2.702539816258656136e-02
 7.828304027818941413e-02
 2.322641547501697878e-01
 6.909467331288715597e-01
 2.204468163364833533e+00
 6.951235353132483752e+00
 2.210016270105597869e+01
 6.086137482173712243e+01
 8.398975580363111249e+01
 9.744914126704621538e+01
 1.059031533700870824e+02
 1.091523207033235110e+02
 1.142273671974729012e+02
 1.181141260107736741e+02
 1.228557839934051685e+02
 -2.042084386578163812e-15
 1.803216778524722432e-12
 4.801127525349295538e-13
 4.528776657728783965e-12
 1.195061080756886837e-12
 8.224041323062398199e-12
 2.050445156331265894e-12
 5.974191035106877353e-11
 -1.319690479802498777e-10
 4.511494077882133886e-10
 -6.490026095750860845e-10
 3.798373888183238555e-10
 9.582922115324092924e-10
 2.410940798037388882e-09
 -1.163360180950548871e-08
 -2.503333953071409602e-09
 -3.547164298236625332e-08
 4.697437644364069569e-07
 2.637843435093666685e-06
 1.153155656495977582e-05
 4.378866059845628239e-05
 1.423671306298290168e-04
 4.218916448743518111e-04
 1.219258307414445869e-03
 3.463010817283499430e-03
 1.010777360123029170e-02
 2.947553675605172133e-02
 8.791023201893738426e-02
 2.613522669174764834e-01
 8.332548781271086336e-01
 2.658079605100996279e+00
 8.723784679547319953e+00
 2.767967598826895781e+01
 6.606923815545388834e+01
 9.604484070728017286e+01
 9.928573898538603260e+01
 1.039781405456944725e+02
 1.113454181974075823e+02
 1.147283834818224904e+02
 1.192738696444899347e+02
 2.758389823103309715e-13
 1.338610765172906239e-12
 2.262912602904971962e-13
 2.667800329666790435e-12
 -9.125506005653805004e-13
 9.400280892245889508e-12
 -1.316801229636289277e-11
 4.806826513713033340e-11
 -6.536576562064371507e-11
 7.766975263306679803e-11
 1.874045626076779527e-10
 -5.606206527847545837e-10
 7.935097348480467572e-10
 3.373595500793452556e-10
 1.248355815672807709e-09
 -7.887137842996233483e-09
 -8.239834154715808525e-09
 -2.745115189985301254e-08
 4.472187581261156337e-07
 2.570453666903614380e-06
 1.164012511813911966e-05
 4.530206949404725004e-05
 1.459868457940576697e-04
 4.359716638929785190e-04
 1.263094611058158913e-03
 3.729535491718896905e-03
 1.095687116886531406e-02
 3.284999058157721252e-02
 9.778068715767704311e-02
 3.112756410447704569e-01
 9.997675432274091278e-01
 3.331601072970882260e+00
 1.072817956439975440e+01
 3.504870164907530494e+01
 7.945538248209243193e+01
 8.826873128383637379e+01
 1.002749051054193359e+02
 1.079854665883024154e+02
 1.105530646930240835e+02
 1.155110745608325828e+02
 4.586236986248107513e-13
 9.893112012891503200e-13
 -2.191087538300507571e-14
 2.392562837275636627e-12
 -2.542332484058454431e-12
 9.871630580055182585e-12
 -1.435313343284763151e-11
 2.807966918424934819e-11
 -1.864652232219616118e-11
 3.712667157706752246e-12
 4.791870222398875620e-11
 9.349556868806814391e-11
 -4.741555467234293080e-10
 1.252623284354466611e-09
 -9.690987612300938278e-10
 3.341680304822798472e-09
 -1.141328041990208903e-08
 -6.879642941034335488e-09
 -3.074220760066687790e-08
 4.610116517016037201e-07
 2.745468070858085688e-06
 1.277758068005263597e-05
 4.960968975111050154e-05
 1.617764531553967018e-04
 4.867772162698809422e-04
 1.460128854638844927e-03
 4.325379224971535180e-03
 1.302909070726609650e-02
 3.880486255490835090e-02
 1.228602556104107790e-01
 3.936076916504739343e-01
 1.312689896511423537e+00
 4.273219445207321776e+00
 1.437015441371137037e+01
 4.568914174871880363e+01
 7.950426300777928645e+01
 9.940506891818274937e+01
 1.028392375416707409e+02
 1.059864058479543161e+02
 1.126409422353741832e+02
 4.975279791649866036e-13
 8.552050150207969667e-13
 -3.311178765096340310e-14
 1.887234774362553291e-12
 -1.513840639716287779e-12
 4.428244443503510741e-12
 -2.278179761951366558e-12
 1.189135233283563955e-13
 1.409478288206239445e-11
 -2.485891574045997537e-11
 2.081830192072218069e-11
 5.625619206917486610e-11
 -1.294196619977952561e-10
 6.918905473873738124e-11
 3.683107406478611228e-10
 9.864977497767706671e-11
 2.406055896304805738e-09
 -1.164823914821454102e-08
 -5.114145228025381547e-09
 -4.038400736674411524e-08
 5.275993327311039401e-07
 3.096735261140414600e-06
 1.435158188890179902e-05
 5.538102538778965278e-05
 1.798531668395526991e-04
 5.539486710391583382e-04
 1.658855559798383091e-03
 5.018936273656983242e-03
 1.498601470459271119e-02
 4.727611966888064371e-02
 1.510937203218623015e-01
 5.032462849577965525e-01
 1.634372786467348959e+00
 5.674099685423413142e+00
 1.921632540778813691e+01
 5.582193916017143920e+01
 8.904235418550328518e+01
 9.563686876151923855e+01
 1.017400988272864311e+02
 1.099155678837371255e+02
 3.444997462878299534e-13
 6.906566463686137923e-13
 3.378226714369426827e-13
 1.268502761515021030e-12
 -3.731060903020992916e-13
 1.892363791008936905e-12
 1.375063070871717619e-12
 3.098618505203115616e-13
 1.796418486092935959e-12
 1.502445120972512788e-11
 -4.557927976099381063e-11
 1.094888061270519148e-10
 -1.594476544196677369e-10
 1.837614722604607092e-10
 -3.368698842388288661e-10
 8.339449366480001837e-10
 -2.031419787616699764e-10
 2.478843352437656107e-09
 -1.069180913322017335e-08
 -9.251086667807032944e-09
 -3.281204774045670223e-08
 6.418635099510829263e-07
 3.537439646469717710e-06
 1.651702286962316834e-05
 6.334009516291122901e-05
 2.086084524832667220e-04
 6.400178193777844755e-04
 1.954042988033940706e-03
 5.864806348748478199e-03
 1.846041281078938945e-02
 5.883627472128107744e-02
 1.954016923175649623e-01
 6.323569506148698505e-01
 2.200847467122131640e+00
 7.699557751079852075e+00
 2.573871805803998214e+01
 6.229769207148673615e+01
 8.862098831159298129e+01
 1.000362923251723402e+02
 1.069754071935246600e+02
 2.518229751817366718e-13
 4.505374466637489638e-13
 4.513843439986228803e-13
 8.274455550627372591e-13
 1.004213949845826012e-12
 8.550809726351533186e-13
 1.789556080438341201e-12
 1.370564233802197509e-12
 -2.998627516014183830e-12
 1.324618232343672410e-11
 -2.331305473354483046e-11
 2.661760072196795130e-11
 -3.034331726964527139e-12
 -1.864797825717296703e-11
 5.752645335692672343e-11
 -2.071861808271110284e-10
 5.564516580953746895e-10
 8.839943598891522650e-10
 -1.255148521982533735e-09
 -5.473899112077807031e-10
 -3.125664687719059537e-08
 9.188015293499939505e-09
 7.737662261965360961e-07
 4.171311286326858845e-06
 1.951233687146268663e-05
 7.458960376786280013e-05
 2.415003358273530836e-04
 7.488525783158063139e-04
 2.263537672425503661e-03
 7.114052005421228619e-03
 2.260422814665406094e-02
 7.478206646447436989e-02
 2.410251835914256902e-01
 8.393704853300629765e-01
 2.963754517610743822e+00
 1.029164160578131693e+01
 3.352606707136002484e+01
 7.608350691157117751e+01
 9.239268849293164010e+01
 1.020142931894383196e+02
 4.498331612476628614e-13
 5.359403725270668696e-13
 3.187039633207895624e-13
 7.794537917485890951e-13
 9.670303180206510164e-13
 8.577248942526505590e-13
 -1.692460292839895599e-13
 3.021183145614730314e-12
 -5.442262156458487994e-12
 1.164047414168671080e-11
 -1.383251205069559909e-11
 1.484237402004269386e-11
 -1.702777441386706538e-11
 3.402392783499688883e-11
 -6.160095453549388482e-11
 1.134280887899295006e-10
 -4.580423515180726486e-10
 1.360694352151930551e-09
 -1.427609426082276101e-09
 3.712325617992357866e-09
 -1.112262843334205609e-08
 -2.197472479910727842e-08
 9.461401793720883733e-09
 9.738161803681990092e-07
 5.178467524140865801e-06
 2.440395422833915371e-05
 9.108662069657976119e-05
 2.970219746656877998e-04
 9.143521255324566117e-04
 2.878093486339654283e-03
 9.120843534861904772e-03
 3.003001081448546106e-02
 9.631840205686563461e-02
 3.326799294887884950e-01
 1.170396082679915573e+00
 4.168379439013230048e+00
 1.377000433290891124e+01
 4.519404633812899164e+01
 7.414302805522419249e+01
 9.640543821665544044e+01
 3.371558195899639042e-13
 5.802320443280475959e-13
 4.031576728995941923e-13
 4.481903559521029843e-13
 5.132075529222403739e-13
 8.734526471218625141e-13
 -4.174520264654372032e-13
 2.351336590300220040e-12
 -2.572793752388030978e-12
 4.296746269732812454e-12
 -1.058993700429708039e-12
 5.757080051477482475e-13
 -1.719370211570196581e-12
 9.050180387784354581e-12
 -3.637702479634522805e-11
 1.409742618311993950e-10
 -4.564630992438333075e-10
 9.595266216251304535e-10
 -1.437666377965935436e-09
 3.419086557769512449e-09
 -3.440607356987150954e-09
 -3.334760989033207260e-09
 -4.085891259107564504e-08
 5.901205709981180247e-08
 1.255059576324789239e-06
 6.664968124912915721e-06
 3.060644289518948805e-05
 1.119346722764546142e-04
 3.580184537297601845e-04
 1.133615785301631158e-03
 3.583220299791588497e-03
 1.171631829181774519e-02
 3.746341468808150887e-02
 1.283926912003696130e-01
 4.493054409614120059e-01
 1.611789892741024799e+00
 5.441707872023834547e+00
 1.914536617391136275e+01
 5.208995023225428866e+01
 8.986058745675593684e+01
 4.375047289434702319e-13
 3.821902211752861700e-13
 4.449001098852130849e-13
 6.720273933581374475e-14
 -2.943696400207079910e-13
 5.152726589821178907e-13
 -3.165792606408425356e-13
 1.684414557627984646e-12
 -4.841960086399039315e-13
 2.139741485616132080e-12
 -5.268238426284140422e-13
 3.722886460065739613e-12
 -9.930775304143706280e-12
 2.699755768618161769e-11
 -7.491016293333167254e-11
 1.858466357464844515e-10
 -3.873796574662802250e-10
 5.780971665339541116e-10
 -7.447027886401778798e-10
 9.733833524835868721e-10
 1.445622331391601985e-09
 -2.575860645854398281e-09
 -7.289331110645833130e-09
 -4.934414875489216975e-08
 1.441467715763416421e-07
 1.640045053257650296e-06
 8.621532941315716619e-06
 3.880278858706577713e-05
 1.373771670137300988e-04
 4.471865131254041162e-04
 1.420123879028037774e-03
 4.623486373943077460e-03
 1.476268432052915518e-02
 5.017915324589508619e-02
 1.743529051577013267e-01
 6.271982388687755705e-01
 2.110282040764319689e+00
 7.637504156871668393e+00
 2.408621177523423285e+01
 6.991841895013862995e+01
 4.232007020441111747e-13
 3.945279071331725602e-13
 3.912678472774919567e-13
 4.016908793567541048e-13
 -3.695939755290091293e-13
 -4.430132813539324195e-15
 -9.014346483089765190e-14
 6.843559301928524718e-13
 4.691156748073066524e-13
 6.577030540899139192e-13
 -8.351804801482837328e-13
 4.520873804663908920e-12
 -1.211495725013452139e-11
 3.294907461130067870e-11
 -7.819868370206506759e-11
 1.629124495732246563e-10
 -2.664974417897129756e-10
 3.580599478577157303e-10
 -4.900646294532377600e-10
 5.814146550112815197e-10
 -7.429259963806704074e-10
 4.371217310140084213e-09
 -8.779830519855048289e-09
 -2.431853284376310250e-10
 -7.316997100767930667e-08
 3.086152756148904715e-07
 2.175551321819123102e-06
 1.144610500876497572e-05
 4.904608934714767255e-05
 1.719625324678918316e-04
 5.551706019233415860e-04
 1.800694725213813517e-03
 5.741311484597198117e-03
 1.933099243995160116e-02
 6.653935910501809770e-02
 2.385986965074552713e-01
 7.995774273788531783e-01
 2.919041934723421772e+00
 9.723109103433797529e+00
 4.699034129411885630e+01
 5.137021397646338605e-13
 4.025200753140693091e-13
 -2.110339449609570406e-14
 3.684067949358317771e-13
 5.341290434153091334e-13
 2.754531857448452975e-13
 4.709681402003169195e-14
 1.011810925169630400e-13
 -5.147540908699622293e-13
 5.128005680574639552e-13
 -2.167964679212245872e-12
 6.416381965264980133e-12
 -1.409157901199583004e-11
 3.227940895060037831e-11
 -5.971665156972961722e-11
 9.660845883150014139e-11
 -1.148257571370884934e-10
 1.057359393173927195e-10
 -7.315928614196534830e-11
 2.527435511170041539e-11
 -1.549683408138504229e-10
 1.239230972329928988e-09
 3.486552920757889348e-10
 -1.829912774028442660e-09
 -2.337072824757976369e-08
 -7.600768731327214865e-08
 4.509399043215513447e-07
 2.966641044779905080e-06
 1.527184165666229629e-05
 6.385970619991362376e-05
 2.203404365116611756e-04
 7.263157508056719211e-04
 2.331318545191735699e-03
 7.807652745641831260e-03
 2.669141599551183228e-02
 9.540669015217798088e-02
 3.186670600865326164e-01
 1.153084693237747871e+00
 3.946372140159489561e+00
 2.594377439343218228e+01
 3.648130392916611142e-13
 2.550304977854054722e-13
 4.154685071393848488e-13
 5.717540576752191508e-13
 5.803872588558357668e-13
 3.362909859014269559e-13
 -3.599564802946936860e-13
 -3.457270692829703878e-13
 -7.839278406896138306e-13
 5.354366661439715030e-13
 -2.623886723763905164e-12
 6.351059970856525273e-12
 -1.310320323658895910e-11
 2.525728018092921093e-11
 -3.726933059074945082e-11
 4.553565343301208364e-11
 -4.485392613002485351e-11
 5.603201399208831991e-11
 -1.301469240261702554e-10
 3.387328451812224352e-10
 -9.217639155286972412e-10
 1.889791252595781613e-09
 -2.141397812858994725e-09
 5.860976610497607201e-09
 -8.921153126195857197e-09
 -3.468752731070421594e-08
 -7.541625260625883523e-08
 6.848429629932836490e-07
 4.042139416041947251e-06
 2.069937940266157339e-05
 8.273843678542578696e-05
 2.844925100363413536e-04
 9.224045275391314514e-04
 3.065616312532112777e-03
 1.037095435361215165e-02
 3.667457122334876612e-02
 1.227412584701644133e-01
 4.406146092452447594e-01
 1.530125086323121719e+00
 1.259456529729564878e+01
 -2.620505861439422626e-13
 5.804238166817711913e-14
 4.595148624609944838e-13
 3.287323972255120533e-13
 2.708311645472355469e-13
 2.948851634663824303e-13
 -1.679105800180372074e-13
 -6.105135555877497542e-13
 -5.369443729032816607e-13
 5.804173755882639157e-13
 -2.103419726259660546e-12
 5.089687060168926088e-12
 -9.617994183986413720e-12
 1.455413793633662100e-11
 -1.483679916946944647e-11
 8.131429097450084599e-12
 2.799854786664265628e-12
 6.769055883197506767e-12
 -6.335786666426219258e-11
 2.092502574253886815e-10
 -4.892721258614123056e-10
 6.072276591186947882e-10
 -4.127252253372670837e-10
 1.150338104359162620e-09
 3.826547171345282907e-09
 -6.061888437776938994e-09
 -6.094551390109584639e-08
 -2.792829769477904205e-08
 1.035427336840435327e-06
 5.585176644412483754e-06
 2.794205551715532381e-05
 1.070756937052444121e-04
 3.540008550539049440e-04
 1.164678380650154563e-03
 3.892846141413274473e-03
 1.360655296150035248e-02
 4.555907512478939853e-02
 1.617067823284200345e-01
 5.644290351878729073e-01
 5.504552358203946838e+00
 -1.336091061465836041e-13
 1.487346450342574689e-13
 1.547716987277632779e-13
 -1.956098963096769965e-14
 1.765663859357028186e-13
 2.282773989827232219e-13
 1.938134719466335624e-13
 -8.101030941024172557e-14
 -2.329826702018301704e-13
 3.773358357667086152e-13
 -8.701136296252254171e-13
 2.100414048971077638e-12
 -3.626212976436488249e-12
 4.536891202649558006e-12
 -3.354871048343639508e-12
 3.554889164590134990e-13
 -4.531612630984150208e-13
 9.249512964390096318e-12
 -4.228102899078680524e-11
 1.234451063203468659e-10
 -2.486777636542780433e-10
 2.871278101423502198e-10
 -2.317746153126445445e-10
 -1.077089060151587025e-10
 2.516015547134983011e-09
 -2.771338883036666925e-09
 -3.617205830094293210e-09
 -6.326198351975805662e-08
 1.614753175981228066e-07
 9.311216211274002598e-07
 5.715027704138854150e-06
 2.608270205780683309e-05
 8.914416715946228286e-05
 2.833137929593816315e-04
 9.187661994578924822e-04
 3.136910137615964763e-03
 1.017333354355159578e-02
 3.439327676214091328e-02
 1.148694982469623260e-01
 1.168604543850948030e+00
 </DataArray>
 <DataArray Name="p" type="Float32" NumberOfComponents="1" format="ascii">
 1.054567081969400024e+05
 1.257320314743159106e+05
 1.444486821868025581e+05
 1.442369881811332889e+05
 1.488138644405580999e+05
 1.518015924835530459e+05
 1.507574016714085592e+05
 1.511444083920783305e+05
 1.522988922920376936e+05
 1.528941565641517518e+05
 1.524826323094086256e+05
 1.529099478082591959e+05
 1.533184513325491862e+05
 1.534231618676273210e+05
 1.535663073459997249e+05
 1.536251776938305993e+05
 1.536799208710502717e+05
 1.537801688917341235e+05
 1.539434405372028123e+05
 1.540275904723568528e+05
 1.540321259957841248e+05
 1.540133640247037110e+05
 1.539517537328834296e+05
 1.539623737201282347e+05
 1.540240372994653881e+05
 1.541375675466044922e+05
 1.541314283259749354e+05
 1.541497734234684613e+05
 1.541453570788157231e+05
 1.541693613454607257e+05
 1.541502566447005956e+05
 1.541712795275824610e+05
 1.541581038858327956e+05
 1.541934776380595576e+05
 1.542148061069529795e+05
 1.542757279557900038e+05
 1.542828726733278891e+05
 1.542280326722852187e+05
 1.542956773806611600e+05
 1.540064783646283904e+05
 9.746580852936262090e+04
 1.037447398603210750e+05
 1.179342998484237178e+05
 1.359017228060182533e+05
 1.457808004813241714e+05
 1.473962107502305880e+05
 1.470609595021505665e+05
 1.480923221788074297e+05
 1.494714964490527927e+05
 1.503707403732797247e+05
 1.506825525697902485e+05
 1.512613841517731780e+05
 1.517524947392453614e+05
 1.520317039163440350e+05
 1.523378777737081691e+05
 1.524407356233184692e+05
 1.524662154149893613e+05
 1.525718146323314286e+05
 1.527587917415053525e+05
 1.529426362030315795e+05
 1.530877252997684700e+05
 1.532168725900677964e+05
 1.532701608334461052e+05
 1.533701402078313113e+05
 1.534700407319557853e+05
 1.535705172267004964e+05
 1.535596261594532989e+05
 1.535831908836467774e+05
 1.535891103517997253e+05
 1.536335912026425358e+05
 1.536687800858033006e+05
 1.537594275212624634e+05
 1.538092921581178962e+05
 1.538995735040655127e+05
 1.539342197038422455e+05
 1.540002778201268811e+05
 1.540174803019693354e+05
 1.539794978836114751e+05
 1.540679938656850136e+05
 1.537590850445839169e+05
 9.605857898535694403e+04
 9.713854431508727430e+04
 1.001504394279634289e+05
 1.087317687767349707e+05
 1.224555125340602244e+05
 1.366160934247273544e+05
 1.416445595717799442e+05
 1.445634433840769634e+05
 1.449033804582156299e+05
 1.462310822481593932e+05
 1.478491546342153451e+05
 1.489334371293006698e+05
 1.492491474111386924e+05
 1.498165344620253018e+05
 1.503886355864897196e+05
 1.506857792730203946e+05
 1.508313863739139051e+05
 1.510675690542944940e+05
 1.513497404468356399e+05
 1.516014800745255779e+05
 1.518864559780443087e+05
 1.521494460117762792e+05
 1.523316370009255770e+05
 1.525020554502239393e+05
 1.526080640022847219e+05
 1.527006952430445235e+05
 1.527317526230686053e+05
 1.528027629137512413e+05
 1.528675948033283057e+05
 1.529698859908172453e+05
 1.530654563258898270e+05
 1.532132836391734309e+05
 1.533074095963317668e+05
 1.534213530987882696e+05
 1.534777391176343954e+05
 1.535678251424378832e+05
 1.536613319156924263e+05
 1.536576335179818270e+05
 1.537648651970699721e+05
 1.534615921860144299e+05
 9.587244598512866651e+04
 9.607185985749703832e+04
 9.676728775886716903e+04
 9.876647375048822141e+04
 1.032677879825548589e+05
 1.145017544332818361e+05
 1.289324061844858079e+05
 1.392699223959297815e+05
 1.413672838893216394e+05
 1.425940115657674032e+05
 1.442557592320328404e+05
 1.451045470421875943e+05
 1.459425299066521693e+05
 1.466559741615550593e+05
 1.474181714982728590e+05
 1.481022725810888805e+05
 1.486962863803532964e+05
 1.493787788765834412e+05
 1.497800606812213082e+05
 1.501039485709136061e+05
 1.504579048597454675e+05
 1.507509983857537445e+05
 1.510170133315448766e+05
 1.511907023960887745e+05
 1.512870130994195642e+05
 1.514206594801244792e+05
 1.515868791354921123e+05
 1.518021032005949819e+05
 1.519875701165556675e+05
 1.521785013069310226e+05
 1.523109722668523318e+05
 1.524510635873270221e+05
 1.525457877488162485e+05
 1.526625898530351697e+05
 1.527728318250165321e+05
 1.529172197006330243e+05
 1.531149859915488050e+05
 1.531627632931933331e+05
 1.533108911915399076e+05
 1.530379310583792976e+05
 9.584496151926605671e+04
 9.588048596910509514e+04
 9.602562544272044033e+04
 9.650648072777430934e+04
 9.768310592802273459e+04
 1.005588422496405401e+05
 1.076069359911442298e+05
 1.209190151733241655e+05
 1.326684055870793818e+05
 1.375261812761385227e+05
 1.406918887963065063e+05
 1.412027626272765629e+05
 1.426196212037598598e+05
 1.436268319348318619e+05
 1.448484031185925996e+05
 1.458459352484822448e+05
 1.467864598793841724e+05
 1.474729209645549709e+05
 1.477830436353315890e+05
 1.480990549520436034e+05
 1.484961786152099958e+05
 1.489170703150393092e+05
 1.493520752644623281e+05
 1.496329293472285499e+05
 1.498428898107995919e+05
 1.501029221770869917e+05
 1.503968915204141813e+05
 1.507129656050019839e+05
 1.509840843447645311e+05
 1.512215550780747144e+05
 1.513498470042927947e+05
 1.514857694193128264e+05
 1.516258987177904346e+05
 1.518038765463680902e+05
 1.519975072738770687e+05
 1.521910170464866387e+05
 1.524561495951022953e+05
 1.525198471614056907e+05
 1.527228822078537778e+05
 1.525062227054940304e+05
 9.584077930369751994e+04
 9.584710528120750678e+04
 9.587664699323434616e+04
 9.598493185104346776e+04
 9.627450876400263223e+04
 9.704629544002433249e+04
 9.887232973878107441e+04
 1.033537980453904311e+05
 1.137431725689855521e+05
 1.252706681077710091e+05
 1.352916215661880560e+05
 1.373848551400647266e+05
 1.397251500473466585e+05
 1.403119474071775912e+05
 1.418288675549553300e+05
 1.431842247120268585e+05
 1.444745060577347467e+05
 1.452256528792991594e+05
 1.454890654811600107e+05
 1.459207077736942447e+05
 1.464982054223325686e+05
 1.471341434132457071e+05
 1.477510161626011541e+05
 1.481471315673871431e+05
 1.484568885506892984e+05
 1.487743521317322447e+05
 1.491057557966692548e+05
 1.494483758837588539e+05
 1.497777901909378415e+05
 1.500403640825196053e+05
 1.502098711632358318e+05
 1.504165851668560354e+05
 1.506678678101387050e+05
 1.509502463053018728e+05
 1.512035046099159226e+05
 1.513965163948103436e+05
 1.516670546659281827e+05
 1.517526063122842170e+05
 1.520584415563612711e+05
 1.519234540934543475e+05
 9.584012395480831037e+04
 9.584124767014537065e+04
 9.584713162216836645e+04
 9.587091050056705717e+04
 9.594046131054540456e+04
 9.613678094326821156e+04
 9.663769046447883011e+04
 9.790724583589052781e+04
 1.006011704012385890e+05
 1.072789300370954588e+05
 1.192585076026876050e+05
 1.298589846574621042e+05
 1.365955801352195849e+05
 1.375695091683134087e+05
 1.397607621873037715e+05
 1.405685957923174137e+05
 1.417846281315718079e+05
 1.424831139677543833e+05
 1.431316075153311831e+05
 1.437848169637906540e+05
 1.445755651414447348e+05
 1.454120423894216074e+05
 1.461722971084815799e+05
 1.466401424679706106e+05
 1.469866569162301894e+05
 1.473199114722541126e+05
 1.476895313263716525e+05
 1.480984123544653703e+05
 1.484997950110962265e+05
 1.488111595441613463e+05
 1.490621222592977283e+05
 1.493574016096905107e+05
 1.497162542639978055e+05
 1.500838199604418187e+05
 1.503561104295536643e+05
 1.505440424575690704e+05
 1.508225845837806992e+05
 1.509872861314746551e+05
 1.514180096397278248e+05
 1.513383820849052863e+05
 9.584001856815653446e+04
 9.584021890927577624e+04
 9.584137271857165615e+04
 9.584646196704599424e+04
 9.586275207507383311e+04
 9.591182644302416884e+04
 9.604353698461245222e+04
 9.639410791180451633e+04
 9.718164938181695470e+04
 9.900393870487804816e+04
 1.032961172015046468e+05
 1.129118981056595512e+05
 1.246221485493648070e+05
 1.311981119473332074e+05
 1.353726647159263957e+05
 1.365059515323519881e+05
 1.385501107085805561e+05
 1.395185040549696423e+05
 1.409557813744309533e+05
 1.421260756749035500e+05
 1.431022042270561506e+05
 1.438285057304438087e+05
 1.444390496020865685e+05
 1.448592793068704195e+05
 1.452274029522474157e+05
 1.456660056422663911e+05
 1.461948722344425623e+05
 1.467426908401594847e+05
 1.472642565484913357e+05
 1.476565223867788445e+05
 1.479777218297122745e+05
 1.483136856678703625e+05
 1.487211427165606874e+05
 1.491206575478139275e+05
 1.493978844722275971e+05
 1.496088307005986571e+05
 1.499439181413342594e+05
 1.502354635161916085e+05
 1.507783090219895821e+05
 1.507537191942667705e+05
 9.584000009582363418e+04
 9.584003644837212050e+04
 9.584025969321723096e+04
 9.584132205140058068e+04
 9.584503279533787281e+04
 9.585693729459459428e+04
 9.589075335507873388e+04
 9.598475097869437013e+04
 9.620199413045594702e+04
 9.673463160941505339e+04
 9.798718138339648431e+04
 1.008046887155809382e+05
 1.072470929471753770e+05
 1.192702876008309686e+05
 1.292019078509421961e+05
 1.338037404961071734e+05
 1.367670293109464110e+05
 1.374813367398215341e+05
 1.388814207871532999e+05
 1.397379109100096393e+05
 1.408742472801498370e+05
 1.415391731173277658e+05
 1.422634150973453070e+05
 1.429054702781863452e+05
 1.435855931743125839e+05
 1.443077549948962114e+05
 1.449978487932252756e+05
 1.455711646727656771e+05
 1.460942029881443596e+05
 1.465061425991205033e+05
 1.468749555070571369e+05
 1.472451764188083471e+05
 1.476899544335886312e+05
 1.481020624571259832e+05
 1.484245716844355047e+05
 1.487031290334473015e+05
 1.491290294324360730e+05
 1.495303818960129283e+05
 1.501270921451557660e+05
 1.501478609010762884e+05
 9.583999946115307102e+04
 9.584000408997309569e+04
 9.584004748309636489e+04
 9.584026582008705009e+04
 9.584108971210561867e+04
 9.584389712946093641e+04
 9.585232023726361513e+04
 9.587673017566517228e+04
 9.593575277877456392e+04
 9.608380714191980951e+04
 9.644107158066496777e+04
 9.729517351037153276e+04
 9.908782441846127040e+04
 1.033786072062898456e+05
 1.123630320076440694e+05
 1.243833017581475578e+05
 1.311047274528409180e+05
 1.343553193776028056e+05
 1.363481134596942284e+05
 1.372439203500827134e+05
 1.385126375754583569e+05
 1.392553025317202555e+05
 1.403355670868973830e+05
 1.412495313089622650e+05
 1.421837314595831849e+05
 1.430336602031913935e+05
 1.436467081500777858e+05
 1.441175940809549647e+05
 1.446403087475588254e+05
 1.451695707369690354e+05
 1.456968022789597162e+05
 1.461633933650068357e+05
 1.466690889795601252e+05
 1.470998955826311139e+05
 1.474659738051159657e+05
 1.478027121105591068e+05
 1.482894614516612201e+05
 1.487486581875407137e+05
 1.493547379191204091e+05
 1.494582282470022037e+05
 9.584000020763545763e+04
 9.583999967653020576e+04
 9.584000656650797464e+04
 9.584005151925163227e+04
 9.584023191387757834e+04
 9.584088150818875874e+04
 9.584293966176713002e+04
 9.584916301867381844e+04
 9.586497348177364620e+04
 9.590593902748491382e+04
 9.600696964998907060e+04
 9.625478864150164009e+04
 9.679970734383154195e+04
 9.807475908798236924e+04
 1.007874382131017774e+05
 1.078662973662035074e+05
 1.183490037929137325e+05
 1.287422042580260459e+05
 1.322338421581861330e+05
 1.339355511995160196e+05
 1.357410498423617682e+05
 1.370521500897360675e+05
 1.385842845911892946e+05
 1.397242349235161382e+05
 1.407833864321440633e+05
 1.415760430635442317e+05
 1.420292684517996386e+05
 1.425541326520383882e+05
 1.431997434157545504e+05
 1.438669303292472614e+05
 1.445136888731300714e+05
 1.450354620608964469e+05
 1.455751255046541046e+05
 1.460408269911685493e+05
 1.464921691209600831e+05
 1.469083374740310828e+05
 1.474428536214585765e+05
 1.479084392413344758e+05
 1.484783857068626385e+05
 1.487152279774880153e+05
 9.583999990383311524e+04
 9.584000020854895411e+04
 9.583999999099751585e+04
 9.584000783253904956e+04
 9.584004722746083280e+04
 9.584019542708841618e+04
 9.584068876543105580e+04
 9.584224378104379866e+04
 9.584640927840636868e+04
 9.585757389299829083e+04
 9.588584390257958148e+04
 9.595733299119706498e+04
 9.611686647755259764e+04
 9.649784162899518560e+04
 9.735816482346624252e+04
 9.935107558457320556e+04
 1.039283791478940984e+05
 1.138489378981535119e+05
 1.239537586787122709e+05
 1.315774586348134908e+05
 1.340773300800484722e+05
 1.359537907242977235e+05
 1.370260625284538546e+05
 1.377794800011162297e+05
 1.386143311453270726e+05
 1.393403984275456169e+05
 1.400809988723802380e+05
 1.409996123410479922e+05
 1.419306528054326191e+05
 1.427343776058083167e+05
 1.433984551589434850e+05
 1.438976293320897385e+05
 1.444382222427073284e+05
 1.449490212458810711e+05
 1.454938560784920992e+05
 1.459852411069901718e+05
 1.465534657949504908e+05
 1.470189143212042691e+05
 1.475612223691606487e+05
 1.479899412619032955e+05
 9.584000001887907274e+04
 9.583999995433235017e+04
 9.584000018102234753e+04
 9.584000049458887952e+04
 9.584000745905653457e+04
 9.584004107267427025e+04
 9.584015784650841670e+04
 9.584053995000685973e+04
 9.584162025158101460e+04
 9.584462450368318241e+04
 9.585246536126214778e+04
 9.587285646647342946e+04
 9.591972997132147430e+04
 9.603325174767276621e+04
 9.629498333933476533e+04
 9.692606305446261831e+04
 9.831343381654938275e+04
 1.015266180827853532e+05
 1.090920896937473444e+05
 1.213651526405427139e+05
 1.275791105131715303e+05
 1.328572693614195741e+05
 1.339614865059205913e+05
 1.354473447609390714e+05
 1.364986351110843243e+05
 1.375641750461416959e+05
 1.388835644031081174e+05
 1.400207898827974859e+05
 1.409164316489549528e+05
 1.415307372121373483e+05
 1.420860797449125093e+05
 1.426476954022292921e+05
 1.432987725073216425e+05
 1.439353493272902560e+05
 1.445769652568734309e+05
 1.451025511558741273e+05
 1.456809461126484093e+05
 1.461682367879873200e+05
 1.467240698923141172e+05
 1.473138991032257909e+05
 9.583999999124863825e+04
 9.584000000969565008e+04
 9.583999996473560168e+04
 9.584000023542017152e+04
 9.584000074738705007e+04
 9.584000665681822284e+04
 9.584003393303163466e+04
 9.584012647541353363e+04
 9.584040039285151579e+04
 9.584118974150804570e+04
 9.584331669023427821e+04
 9.584899783128662966e+04
 9.586250051697315939e+04
 9.589582360399095342e+04
 9.597444585091480985e+04
 9.616482014707621420e+04
 9.659168670986051438e+04
 9.761060038196224195e+04
 9.986454257104343560e+04
 1.057414642160518415e+05
 1.162838889477005432e+05
 1.274335125652129645e+05
 1.303648826826834993e+05
 1.332974678199922491e+05
 1.342707346508684568e+05
 1.360542281783417275e+05
 1.377025889830361120e+05
 1.387689234651444131e+05
 1.394543911659525183e+05
 1.399666014237695199e+05
 1.407057131039796805e+05
 1.415047032706438622e+05
 1.423568008557037683e+05
 1.430873829516767582e+05
 1.436932819150626601e+05
 1.441656754854811879e+05
 1.447366096084683668e+05
 1.453016805204006378e+05
 1.459083264894399908e+05
 1.466538253414662904e+05
 9.584000000286953582e+04
 9.583999999861681135e+04
 9.583999999729558476e+04
 9.583999999806670530e+04
 9.584000020872986352e+04
 9.584000088470775518e+04
 9.584000551304030523e+04
 9.584002759462656104e+04
 9.584009656373789767e+04
 9.584030155540777196e+04
 9.584087213435863669e+04
 9.584243795505078742e+04
 9.584630311785583035e+04
 9.585606340736048878e+04
 9.587959819528654043e+04
 9.593752564750840247e+04
 9.606878876751965436e+04
 9.638562227058567805e+04
 9.712602224956393184e+04
 9.889226822755622561e+04
 1.031113745805191429e+05
 1.127370849679435341e+05
 1.237764047505347262e+05
 1.312340448515674216e+05
 1.326412944952257967e+05
 1.351289872119225911e+05
 1.361023989871934755e+05
 1.369705657738510054e+05
 1.375284943204016017e+05
 1.382555706061268284e+05
 1.393894969194564910e+05
 1.404259486381747120e+05
 1.414015820145720791e+05
 1.421465197657594981e+05
 1.427148488646490441e+05
 1.432177801726543985e+05
 1.438529889389986347e+05
 1.445071965856601601e+05
 1.451243067144463130e+05
 1.459377910547874344e+05
 9.583999999845262209e+04
 9.584000000285240822e+04
 9.583999999683302303e+04
 9.583999999540862336e+04
 9.584000000431560329e+04
 9.584000019587004499e+04
 9.584000080248886661e+04
 9.584000453320262022e+04
 9.584002123243377719e+04
 9.584007414123576018e+04
 9.584022546711724135e+04
 9.584065109199854487e+04
 9.584174393012763176e+04
 9.584457567537142313e+04
 9.585156482176420104e+04
 9.586905074784568569e+04
 9.590944761858119455e+04
 9.600832240958524926e+04
 9.624139755726938893e+04
 9.681534156152915966e+04
 9.815674185200325155e+04
 1.014441853704777750e+05
 1.099953704919613519e+05
 1.215891293112639833e+05
 1.276467352105297032e+05
 1.319012169484471960e+05
 1.328424674956595409e+05
 1.347716626619397721e+05
 1.358537107722733344e+05
 1.371854988585805404e+05
 1.385179182481758180e+05
 1.393930003775718214e+05
 1.402798426521102665e+05
 1.409278930654582218e+05
 1.415090158677033614e+05
 1.421644970957850164e+05
 1.429623145107677265e+05
 1.437205972956911719e+05
 1.443264141295335139e+05
 1.451653971531187126e+05
 9.584000000030378578e+04
 9.583999999979634595e+04
 9.584000000154250301e+04
 9.583999999913707143e+04
 9.583999998874482117e+04
 9.584000002121442230e+04
 9.584000012719565711e+04
 9.584000077720497211e+04
 9.584000348861017847e+04
 9.584001634904812090e+04
 9.584005668856129341e+04
 9.584017273566714721e+04
 9.584048246872864547e+04
 9.584130828686694440e+04
 9.584340108151396271e+04
 9.584874299866361252e+04
 9.586140637850521307e+04
 9.589287501881315256e+04
 9.596835774585853505e+04
 9.615479919818617054e+04
 9.659809709506051149e+04
 9.771939755840974976e+04
 1.004588304275819391e+05
 1.077341456735824904e+05
 1.208074196030524618e+05
 1.291600605968131131e+05
 1.309026267676052521e+05
 1.336039459233123926e+05
 1.346588673527820501e+05
 1.361914826018049207e+05
 1.373484961990827869e+05
 1.381198116786961618e+05
 1.390617965342282841e+05
 1.397789737869148667e+05
 1.405451038282312802e+05
 1.413589498988997948e+05
 1.422142700117282511e+05
 1.429573309356338868e+05
 1.435116384451190825e+05
 1.443475206298943667e+05
 9.583999999990421929e+04
 9.584000000033566903e+04
 9.583999999963225855e+04
 9.584000000163693039e+04
 9.583999999818979995e+04
 9.583999998932462768e+04
 9.584000001285249891e+04
 9.584000009300466627e+04
 9.584000063708572998e+04
 9.584000275424664142e+04
 9.584001228275237372e+04
 9.584004358377437165e+04
 9.584013011330367590e+04
 9.584036651651303691e+04
 9.584098113426816417e+04
 9.584258097242812801e+04
 9.584648848341546545e+04
 9.585637224985854118e+04
 9.588045151022946811e+04
 9.594060455450919108e+04
 9.608497723772368045e+04
 9.645387728151134797e+04
 9.739066560036885494e+04
 9.971899728923632938e+04
 1.065251130275467294e+05
 1.179131635873955529e+05
 1.273579946379244648e+05
 1.317997507742528978e+05
 1.334095197221378330e+05
 1.349106233445956896e+05
 1.357710343577907188e+05
 1.367553103601269540e+05
 1.379247079797192127e+05
 1.387656769485778350e+05
 1.396683010524163838e+05
 1.405119890999642084e+05
 1.413332178840230044e+05
 1.420685547239825537e+05
 1.426394830976036901e+05
 1.435444945819583081e+05
 9.584000000005050970e+04
 9.584000000020016159e+04
 9.583999999985760951e+04
 9.584000000056704448e+04
 9.584000000041424937e+04
 9.583999999954797386e+04
 9.583999999186485365e+04
 9.584000001130960300e+04
 9.584000007370469393e+04
 9.584000054057181114e+04
 9.584000211209477857e+04
 9.584000932423313498e+04
 9.584003322383709019e+04
 9.584010089983591752e+04
 9.584028088884460158e+04
 9.584075863774876052e+04
 9.584196436443932180e+04
 9.584507846862263978e+04
 9.585280647643680277e+04
 9.587235628984443611e+04
 9.592000265042441606e+04
 9.604326769578902167e+04
 9.635659503036394017e+04
 9.717232130611203320e+04
 9.933730300991710101e+04
 1.055192085930558387e+05
 1.185158572905394103e+05
 1.265007343894764199e+05
 1.304726094777607650e+05
 1.324699450636398105e+05
 1.340531071200717706e+05
 1.356608838927146862e+05
 1.369926096719046182e+05
 1.379079672230021388e+05
 1.388569410785907239e+05
 1.396386952304714068e+05
 1.403784294178169803e+05
 1.411179802803089551e+05
 1.417244082841455238e+05
 1.427265327632602130e+05
 9.584000000002222077e+04
 9.584000000006635673e+04
 9.584000000016081322e+04
 9.583999999972248042e+04
 9.584000000093410199e+04
 9.583999999970375211e+04
 9.583999999990286597e+04
 9.583999999584340549e+04
 9.583999999840630335e+04
 9.584000007680569252e+04
 9.584000040543229261e+04
 9.584000170793752477e+04
 9.584000699431974499e+04
 9.584002586251811590e+04
 9.584007842984226590e+04
 9.584022007817565463e+04
 9.584058897176683240e+04
 9.584156296430712973e+04
 9.584402777557194349e+04
 9.585035412580781849e+04
 9.586605841450045409e+04
 9.590718788317166036e+04
 9.601274494243127992e+04
 9.628895306068066566e+04
 9.703766236013908929e+04
 9.908659950258469325e+04
 1.052084858506499004e+05
 1.169722742853569216e+05
 1.279904536612950760e+05
 1.309128560129607504e+05
 1.331006904033027240e+05
 1.345235058065318735e+05
 1.355623106809745077e+05
 1.366017002268685028e+05
 1.376050228729196242e+05
 1.384561980703636073e+05
 1.393106429051353771e+05
 1.401791335776065825e+05
 1.408492239982867613e+05
 1.419626581830927753e+05
 9.584000000002546585e+04
 9.584000000003055902e+04
 9.584000000005337643e+04
 9.584000000010422082e+04
 9.583999999979279528e+04
 9.584000000091991387e+04
 9.583999999910019687e+04
 9.584000000110459223e+04
 9.583999999622139148e+04
 9.583999999532854417e+04
 9.584000005855696509e+04
 9.584000032428964914e+04
 9.584000134972883097e+04
 9.584000553369353293e+04
 9.584002059152133006e+04
 9.584006389765316271e+04
 9.584018014583468903e+04
 9.584049412446703354e+04
 9.584130699275223014e+04
 9.584343107348184276e+04
 9.584882537106602103e+04
 9.586315350258865510e+04
 9.590023724726024375e+04
 9.599855065749953792e+04
 9.626175715727354691e+04
 9.701088854201376671e+04
 9.914540586138119397e+04
 1.054085187578916666e+05
 1.184400399466761155e+05
 1.266714520385462238e+05
 1.313059695965235296e+05
 1.321850684553277388e+05
 1.339735342140055727e+05
 1.354617824025651498e+05
 1.365701719579702185e+05
 1.375559065622220223e+05
 1.384452134649276850e+05
 1.392872068555446167e+05
 1.399819324932488380e+05
 1.411736035205397056e+05
 9.584000000001963053e+04
 9.584000000000567525e+04
 9.584000000003898458e+04
 9.584000000003617606e+04
 9.584000000000729051e+04
 9.584000000004480535e+04
 9.584000000036010169e+04
 9.583999999961278809e+04
 9.584000000079920574e+04
 9.583999999717973697e+04
 9.583999998897990736e+04
 9.584000004642811837e+04
 9.584000024435808882e+04
 9.584000111549087160e+04
 9.584000433685175085e+04
 9.584001660919171991e+04
 9.584005276167065313e+04
 9.584015250614851539e+04
 9.584041575742403802e+04
 9.584111503850662848e+04
 9.584293433729326352e+04
 9.584784126602346078e+04
 9.586068925681796100e+04
 9.589510103584121680e+04
 9.598741906583833043e+04
 9.625135692741509411e+04
 9.701984591068678128e+04
 9.921658970620563196e+04
 1.060872774511768512e+05
 1.192336601325284573e+05
 1.281257705445053434e+05
 1.299482341455016576e+05
 1.328938143431890057e+05
 1.342921704024491482e+05
 1.354506349205634615e+05
 1.365893020825482672e+05
 1.375152387439094600e+05
 1.383564487236026325e+05
 1.390989154895879910e+05
 1.403715831811389362e+05
 9.584000000000211003e+04
 9.584000000001634180e+04
 9.583999999998990097e+04
 9.584000000006347545e+04
 9.583999999996795668e+04
 9.584000000008865027e+04
 9.583999999996679253e+04
 9.584000000032153912e+04
 9.583999999956965621e+04
 9.584000000139359327e+04
 9.583999999653607665e+04
 9.583999998810136458e+04
 9.584000002663380292e+04
 9.584000020435151237e+04
 9.584000088776733901e+04
 9.584000352771312464e+04
 9.584001377331699769e+04
 9.584004557980231766e+04
 9.584013148893200560e+04
 9.584036301533703227e+04
 9.584098065916607447e+04
 9.584267567474264069e+04
 9.584717736887444335e+04
 9.585938393192665535e+04
 9.589227966451877728e+04
 9.598719779274601024e+04
 9.626218680972068978e+04
 9.707566765738122922e+04
 9.950504999104743183e+04
 1.078138455571490776e+05
 1.206839929060271388e+05
 1.271202247247354389e+05
 1.321960315413377830e+05
 1.328908946931878745e+05
 1.342636634439615882e+05
 1.355970756589745288e+05
 1.363869422523631365e+05
 1.374567327798586630e+05
 1.383412837908999645e+05
 1.396544230725246016e+05
 9.584000000000062573e+04
 9.584000000000586442e+04
 9.584000000000114960e+04
 9.584000000001006993e+04
 9.584000000001466833e+04
 9.584000000001145236e+04
 9.584000000001095759e+04
 9.584000000010539952e+04
 9.583999999996829138e+04
 9.584000000008310599e+04
 9.584000000126355735e+04
 9.583999999676572043e+04
 9.583999998829941615e+04
 9.584000001667466131e+04
 9.584000015541265020e+04
 9.584000074132777809e+04
 9.584000293872162001e+04
 9.584001191741302318e+04
 9.584003971493203426e+04
 9.584011614825556171e+04
 9.584032422591270006e+04
 9.584090445250176708e+04
 9.584246870583549025e+04
 9.584676279395261372e+04
 9.585844886842169217e+04
 9.589241092634231609e+04
 9.599098344379485934e+04
 9.628441003664970049e+04
 9.718081535704650742e+04
 1.001021592058465612e+05
 1.089085399383010663e+05
 1.227233779641028377e+05
 1.297675097788459971e+05
 1.305562112289064971e+05
 1.330491495812271605e+05
 1.346509689752355916e+05
 1.354982396128129913e+05
 1.367871171336247353e+05
 1.376601507509337971e+05
 1.388459773272346647e+05
 9.583999999999914144e+04
 9.584000000000378350e+04
 9.583999999999863212e+04
 9.584000000000797445e+04
 9.583999999999764259e+04
 9.584000000002562592e+04
 9.583999999998476414e+04
 9.584000000004499452e+04
 9.584000000006383925e+04
 9.583999999988295895e+04
 9.584000000031877425e+04
 9.584000000135636947e+04
 9.583999999632443360e+04
 9.583999999149345967e+04
 9.584000000801666465e+04
 9.584000013002619380e+04
 9.584000065164196712e+04
 9.584000269865580776e+04
 9.584001093385301647e+04
 9.584003740270112758e+04
 9.584011168770992663e+04
 9.584032164173325873e+04
 9.584089648670642055e+04
 9.584249584011308616e+04
 9.584689509686354722e+04
 9.585974634549564507e+04
 9.589698830866077333e+04
 9.600851236256299308e+04
 9.634512705565139186e+04
 9.746823786182582262e+04
 1.009004939367283805e+05
 1.118959371184384072e+05
 1.234141881304307317e+05
 1.281842679669934296e+05
 1.324313000118579075e+05
 1.332266953527741716e+05
 1.344128392233441700e+05
 1.358843215378564200e+05
 1.366628820386138686e+05
 1.378821314708474383e+05
 9.584000000000004366e+04
 9.584000000000098953e+04
 9.584000000000034925e+04
 9.584000000000218279e+04
 9.584000000000036380e+04
 9.584000000000625732e+04
 9.584000000000628643e+04
 9.584000000000228465e+04
 9.584000000001245644e+04
 9.584000000011564407e+04
 9.583999999959996785e+04
 9.584000000108599488e+04
 9.583999999976104300e+04
 9.583999999851628672e+04
 9.583999999255097646e+04
 9.584000000749403262e+04
 9.584000010849045066e+04
 9.584000062624621205e+04
 9.584000247643531475e+04
 9.584001028029431473e+04
 9.584003605745075038e+04
 9.584011072770341707e+04
 9.584031746448152990e+04
 9.584089881653142220e+04
 9.584251872180291684e+04
 9.584727947928514914e+04
 9.586110144904629851e+04
 9.590263042449136265e+04
 9.602750702013066621e+04
 9.644083220656322374e+04
 9.775724576983912266e+04
 1.021911283604828932e+05
 1.141403207637154555e+05
 1.263030844279545418e+05
 1.301811089180907147e+05
 1.315768075081267743e+05
 1.335184284145306738e+05
 1.349669581894177245e+05
 1.356393138568400464e+05
 1.369928366867819859e+05
 9.583999999999998545e+04
 9.584000000000048021e+04
 9.583999999999962165e+04
 9.584000000000123691e+04
 9.583999999999978172e+04
 9.584000000000224099e+04
 9.584000000000133878e+04
 9.584000000001148146e+04
 9.583999999997699342e+04
 9.584000000008678762e+04
 9.583999999991647201e+04
 9.583999999985632894e+04
 9.584000000084495696e+04
 9.583999999938620022e+04
 9.583999999947426841e+04
 9.583999999366671545e+04
 9.584000000296557846e+04
 9.584000010973493045e+04
 9.584000058561035257e+04
 9.584000238432505284e+04
 9.584001011527689116e+04
 9.584003668010684487e+04
 9.584011205732976669e+04
 9.584032585584177286e+04
 9.584092958829953568e+04
 9.584271666685972014e+04
 9.584792577353314846e+04
 9.586363984255862306e+04
 9.591066168019251199e+04
 9.606581842087072437e+04
 9.656398564756587439e+04
 9.825560211049467034e+04
 1.038732395876080263e+05
 1.176768091899480787e+05
 1.255682844320807490e+05
 1.299944011713668151e+05
 1.324700501141932909e+05
 1.334535466557420732e+05
 1.344489930749843479e+05
 1.362231488616622519e+05
 9.584000000000000000e+04
 9.584000000000013097e+04
 9.583999999999995634e+04
 9.584000000000046566e+04
 9.583999999999972351e+04
 9.584000000000253203e+04
 9.583999999999502324e+04
 9.584000000001610897e+04
 9.583999999997337000e+04
 9.584000000004448520e+04
 9.583999999999716238e+04
 9.583999999997034320e+04
 9.583999999993786332e+04
 9.584000000066882058e+04
 9.583999999909808685e+04
 9.584000000053855183e+04
 9.583999999201290484e+04
 9.584000000602334330e+04
 9.584000009872295777e+04
 9.584000058865261963e+04
 9.584000235451580375e+04
 9.584001047742906667e+04
 9.584003754738267162e+04
 9.584011564601912687e+04
 9.584033820397335512e+04
 9.584100064948068757e+04
 9.584294110476328933e+04
 9.584881736519423430e+04
 9.586639792660501553e+04
 9.592418511270967429e+04
 9.611101602275152982e+04
 9.674935939146349847e+04
 9.883248163827422832e+04
 1.063213360239293979e+05
 1.193937239073999226e+05
 1.288567155912687012e+05
 1.305432342629610503e+05
 1.323535527060930035e+05
 1.337164600863657834e+05
 1.355613800730869407e+05
 9.583999999999976717e+04
 9.584000000000001455e+04
 9.583999999999973807e+04
 9.584000000000043656e+04
 9.583999999999928696e+04
 9.584000000000183354e+04
 9.583999999999691499e+04
 9.584000000000544242e+04
 9.583999999999947613e+04
 9.583999999998905696e+04
 9.584000000003798050e+04
 9.583999999996800034e+04
 9.583999999998952262e+04
 9.584000000010106305e+04
 9.584000000026539783e+04
 9.583999999977670086e+04
 9.583999999927458703e+04
 9.583999999344862590e+04
 9.584000000296495273e+04
 9.584000011048270972e+04
 9.584000063012633473e+04
 9.584000260752480244e+04
 9.584001164553883427e+04
 9.584004188572245766e+04
 9.584012940584667376e+04
 9.584039031492278446e+04
 9.584115735208192200e+04
 9.584348618529354280e+04
 9.585043232134368736e+04
 9.587308033202269871e+04
 9.594612950261285005e+04
 9.619510535832005553e+04
 9.700986263470958511e+04
 9.989247924076527124e+04
 1.098876969684012874e+05
 1.233918467538803088e+05
 1.271427665502906457e+05
 1.309899889838931558e+05
 1.327217687531945994e+05
 1.345086141182679276e+05
 9.583999999999988358e+04
 9.584000000000004366e+04
 9.583999999999979627e+04
 9.584000000000027649e+04
 9.583999999999938882e+04
 9.584000000000130967e+04
 9.583999999999869033e+04
 9.584000000000061118e+04
 9.584000000000100408e+04
 9.583999999999813735e+04
 9.583999999999413558e+04
 9.584000000003885361e+04
 9.583999999991216464e+04
 9.584000000012939563e+04
 9.583999999984847091e+04
 9.584000000057408761e+04
 9.583999999941895658e+04
 9.583999999957664113e+04
 9.583999999252136331e+04
 9.584000000336262747e+04
 9.584000011727015954e+04
 9.584000072418239142e+04
 9.584000288908033690e+04
 9.584001320459404087e+04
 9.584004675669930293e+04
 9.584014735986830783e+04
 9.584044320242048707e+04
 9.584134163566076313e+04
 9.584402398566946795e+04
 9.585271221596372197e+04
 9.588066581016675627e+04
 9.597566222000059497e+04
 9.628421065079598338e+04
 9.740351608298491919e+04
 1.013235470223217271e+05
 1.127198604874685407e+05
 1.235670373622109037e+05
 1.301011101778301527e+05
 1.315022018052085768e+05
 1.333268881502786826e+05
 9.583999999999978172e+04
 9.584000000000001455e+04
 9.583999999999978172e+04
 9.584000000000018917e+04
 9.583999999999976717e+04
 9.584000000000013097e+04
 9.584000000000027649e+04
 9.583999999999902502e+04
 9.584000000000132422e+04
 9.584000000000109139e+04
 9.583999999999308784e+04
 9.584000000001677836e+04
 9.583999999998453131e+04
 9.583999999999388820e+04
 9.584000000003686000e+04
 9.583999999995539838e+04
 9.584000000050743984e+04
 9.583999999960047717e+04
 9.583999999888894672e+04
 9.583999999513791408e+04
 9.583999999323164229e+04
 9.584000015602186613e+04
 9.584000077605863044e+04
 9.584000339751235151e+04
 9.584001527206986793e+04
 9.584005448598964722e+04
 9.584017028416306130e+04
 9.584052157865648041e+04
 9.584157220873680490e+04
 9.584495510380555061e+04
 9.585580312798527302e+04
 9.589252634233662684e+04
 9.601112826718781434e+04
 9.643992256896478648e+04
 9.796838224976178026e+04
 1.032867071233628521e+05
 1.169243657425584825e+05
 1.267750421037710621e+05
 1.289534020707014715e+05
 1.321646006310316152e+05
 9.583999999999975262e+04
 9.583999999999988358e+04
 9.583999999999973807e+04
 9.584000000000007276e+04
 9.583999999999989814e+04
 9.583999999999983993e+04
 9.583999999999997090e+04
 9.584000000000020373e+04
 9.583999999999845750e+04
 9.584000000000459841e+04
 9.583999999999081774e+04
 9.584000000001279113e+04
 9.583999999998672865e+04
 9.584000000002048910e+04
 9.583999999995919643e+04
 9.584000000004943286e+04
 9.583999999996363476e+04
 9.584000000050659582e+04
 9.583999999938202382e+04
 9.583999999974691309e+04
 9.583999999271218257e+04
 9.584000000257165811e+04
 9.584000017199204012e+04
 9.584000092603005760e+04
 9.584000399871128320e+04
 9.584001824028162810e+04
 9.584006324601625965e+04
 9.584019915587666037e+04
 9.584060582326928852e+04
 9.584190693876732257e+04
 9.584606243829718733e+04
 9.586006484491206356e+04
 9.590512975296538207e+04
 9.606785583610695903e+04
 9.664915783118427498e+04
 9.870382368756363576e+04
 1.057968762102562323e+05
 1.187063174510535464e+05
 1.259698946501133760e+05
 1.314172930431874120e+05
 9.583999999999983993e+04
 9.583999999999992724e+04
 9.583999999999970896e+04
 9.583999999999991269e+04
 9.583999999999981083e+04
 9.583999999999981083e+04
 9.583999999999976717e+04
 9.584000000000052387e+04
 9.583999999999876309e+04
 9.584000000000238651e+04
 9.583999999999736610e+04
 9.584000000000117871e+04
 9.584000000000053842e+04
 9.583999999999759893e+04
 9.584000000000391447e+04
 9.583999999999743886e+04
 9.583999999992195808e+04
 9.584000000033243850e+04
 9.583999999955420208e+04
 9.584000000131792331e+04
 9.583999999601507443e+04
 9.583999999634128471e+04
 9.584000000046973582e+04
 9.584000024584561470e+04
 9.584000109291536501e+04
 9.584000516141716798e+04
 9.584002271396383003e+04
 9.584007819378360000e+04
 9.584024390468058118e+04
 9.584076968350946845e+04
 9.584244048971381562e+04
 9.584803664205380483e+04
 9.586593207051022910e+04
 9.592986279608144832e+04
 9.615698329018623917e+04
 9.697817829833948053e+04
 9.972134484918817179e+04
 1.096421181496402278e+05
 1.220736541109739483e+05
 1.295470020595421229e+05
 9.583999999999976717e+04
 9.583999999999988358e+04
 9.583999999999972351e+04
 9.583999999999970896e+04
 9.583999999999982538e+04
 9.584000000000013097e+04
 9.583999999999976717e+04
 9.584000000000056752e+04
 9.583999999999905413e+04
 9.584000000000123691e+04
 9.583999999999902502e+04
 9.584000000000109139e+04
 9.583999999999717693e+04
 9.584000000000561704e+04
 9.583999999998573912e+04
 9.584000000004217145e+04
 9.583999999987661431e+04
 9.584000000023731263e+04
 9.583999999969730561e+04
 9.584000000070173701e+04
 9.583999999970383942e+04
 9.583999999723084329e+04
 9.583999999365664553e+04
 9.584000001190007606e+04
 9.584000030724577664e+04
 9.584000136535812635e+04
 9.584000664586908533e+04
 9.584002837857615668e+04
 9.584009474089297873e+04
 9.584030263750632002e+04
 9.584095801462074451e+04
 9.584313312354202208e+04
 9.585007294904024457e+04
 9.587460831082329969e+04
 9.596125995752195013e+04
 9.627644413690558576e+04
 9.733875887925407733e+04
 1.013109490300798789e+05
 1.115270996825761540e+05
 1.249976176602469786e+05
 9.583999999999983993e+04
 9.583999999999978172e+04
 9.583999999999981083e+04
 9.583999999999981083e+04
 9.583999999999966531e+04
 9.584000000000001455e+04
 9.583999999999972351e+04
 9.584000000000026193e+04
 9.583999999999969441e+04
 9.584000000000013097e+04
 9.583999999999997090e+04
 9.584000000000059663e+04
 9.583999999999790452e+04
 9.584000000000634464e+04
 9.583999999998058775e+04
 9.584000000005016045e+04
 9.583999999988904165e+04
 9.584000000018092396e+04
 9.583999999972480873e+04
 9.584000000048462243e+04
 9.583999999971511716e+04
 9.584000000118232856e+04
 9.583999999323122029e+04
 9.583999999967608892e+04
 9.584000002160448639e+04
 9.584000042568639037e+04
 9.584000164649568615e+04
 9.584000880805775523e+04
 9.584003526634795708e+04
 9.584011865398359078e+04
 9.584037909552370547e+04
 9.584123524018465832e+04
 9.584396215930294420e+04
 9.585349295756168431e+04
 9.588691077522814157e+04
 9.600897359814807714e+04
 9.641483196063543437e+04
 9.795366628773289267e+04
 1.028034412061551120e+05
 1.187728140326957800e+05
 9.583999999999976717e+04
 9.583999999999986903e+04
 9.583999999999976717e+04
 9.584000000000002910e+04
 9.583999999999978172e+04
 9.583999999999983993e+04
 9.583999999999975262e+04
 9.583999999999998545e+04
 9.583999999999973807e+04
 9.584000000000013097e+04
 9.583999999999967986e+04
 9.584000000000144064e+04
 9.583999999999620195e+04
 9.584000000000932778e+04
 9.583999999997863779e+04
 9.584000000004253525e+04
 9.583999999993266829e+04
 9.584000000008023926e+04
 9.583999999991444929e+04
 9.584000000002220622e+04
 9.584000000016667764e+04
 9.584000000025964982e+04
 9.583999999977645348e+04
 9.583999999520892743e+04
 9.583999998984829290e+04
 9.584000008063997666e+04
 9.584000052173783479e+04
 9.584000226197806478e+04
 9.584001143476058496e+04
 9.584004455503444478e+04
 9.584014743115899910e+04
 9.584048008514706453e+04
 9.584153762524483318e+04
 9.584518484695481311e+04
 9.585785299721194315e+04
 9.590404979138975614e+04
 9.605689214199934213e+04
 9.663783105698734289e+04
 9.854378230379369052e+04
 1.099095362624003610e+05
 9.583999999999979627e+04
 9.583999999999988358e+04
 9.583999999999975262e+04
 9.584000000000001455e+04
 9.583999999999994179e+04
 9.583999999999982538e+04
 9.583999999999965075e+04
 9.583999999999995634e+04
 9.583999999999975262e+04
 9.584000000000026193e+04
 9.583999999999941792e+04
 9.584000000000183354e+04
 9.583999999999566353e+04
 9.584000000000961882e+04
 9.583999999998098065e+04
 9.584000000003031164e+04
 9.583999999995995313e+04
 9.584000000004764297e+04
 9.583999999993502570e+04
 9.584000000011897646e+04
 9.583999999968839984e+04
 9.584000000094750430e+04
 9.583999999870057218e+04
 9.584000000249943696e+04
 9.583999998706148472e+04
 9.583999999225384090e+04
 9.584000010640260007e+04
 9.584000071356260742e+04
 9.584000299726154481e+04
 9.584001536200310511e+04
 9.584005749132765050e+04
 9.584019266579134273e+04
 9.584062116816236812e+04
 9.584208239831260289e+04
 9.584712135140167084e+04
 9.586546307977157994e+04
 9.592582368551773834e+04
 9.615217687066397048e+04
 9.691717012137673737e+04
 1.032816321987709816e+05
 9.583999999999972351e+04
 9.584000000000002910e+04
 9.583999999999994179e+04
 9.583999999999988358e+04
 9.583999999999982538e+04
 9.584000000000000000e+04
 9.583999999999982538e+04
 9.584000000000007276e+04
 9.583999999999986903e+04
 9.584000000000029104e+04
 9.583999999999911233e+04
 9.584000000000174623e+04
 9.583999999999563443e+04
 9.584000000000778527e+04
 9.583999999998741259e+04
 9.584000000001626904e+04
 9.583999999998255225e+04
 9.584000000001871376e+04
 9.583999999996904808e+04
 9.584000000006762275e+04
 9.583999999981059227e+04
 9.584000000038940925e+04
 9.583999999965939787e+04
 9.584000000118403113e+04
 9.583999999800807564e+04
 9.583999999007974111e+04
 9.583999998075024632e+04
 9.584000018277030904e+04
 9.584000087890645955e+04
 9.584000417854427360e+04
 9.584002025125554064e+04
 9.584007424086553510e+04
 9.584024425564386183e+04
 9.584081520169274881e+04
 9.584276408670883393e+04
 9.584978532614230062e+04
 9.587308486282173544e+04
 9.595950336661036999e+04
 9.625801181799250480e+04
 9.945717289536907629e+04
 9.583999999999962165e+04
 9.583999999999994179e+04
 9.583999999999967986e+04
 9.583999999999988358e+04
 9.584000000000000000e+04
 9.584000000000008731e+04
 9.583999999999997090e+04
 9.584000000000007276e+04
 9.583999999999973807e+04
 9.584000000000036380e+04
 9.583999999999886495e+04
 9.584000000000184809e+04
 9.583999999999637657e+04
 9.584000000000510772e+04
 9.583999999999266583e+04
 9.584000000000953150e+04
 9.583999999998557905e+04
 9.584000000002917659e+04
 9.583999999993824167e+04
 9.584000000012690725e+04
 9.583999999975167157e+04
 9.584000000039224687e+04
 9.583999999942029535e+04
 9.584000000118935714e+04
 9.583999999940901762e+04
 9.584000000065160566e+04
 9.583999998179187241e+04
 9.583999999611484236e+04
 9.584000022571225418e+04
 9.584000114578322973e+04
 9.584000589088982088e+04
 9.584002774226004840e+04
 9.584009877952847455e+04
 9.584033404427097412e+04
 9.584112975110221305e+04
 9.584396043437774642e+04
 9.585353233211602492e+04
 9.588868773382829386e+04
 9.601281110331197851e+04
 9.769900794659591338e+04
 9.583999999999963620e+04
 9.583999999999975262e+04
 9.583999999999973807e+04
 9.583999999999997090e+04
 9.583999999999985448e+04
 9.584000000000008731e+04
 9.584000000000004366e+04
 9.584000000000021828e+04
 9.583999999999953434e+04
 9.584000000000036380e+04
 9.583999999999876309e+04
 9.584000000000168802e+04
 9.583999999999716238e+04
 9.584000000000285218e+04
 9.583999999999608553e+04
 9.584000000000618456e+04
 9.583999999998549174e+04
 9.584000000003249443e+04
 9.583999999993483652e+04
 9.584000000011447992e+04
 9.583999999983479211e+04
 9.584000000019386061e+04
 9.583999999969881901e+04
 9.584000000048235233e+04
 9.583999999920264236e+04
 9.584000000440028089e+04
 9.583999999063009454e+04
 9.583999999432791083e+04
 9.583999996987255872e+04
 9.584000048405157577e+04
 9.584000173648555938e+04
 9.584001146092195995e+04
 9.584005022285337327e+04
 9.584017993683449458e+04
 9.584061201162726502e+04
 9.584211957590069505e+04
 9.584727012758713681e+04
 9.586582845877345244e+04
 9.593167176747554913e+04
 9.698348911547231546e+04
 </DataArray>
 <DataArray Name="a" type="Float32" NumberOfComponents="1" format="ascii">
 6.772787376591014663e+02
 6.972535647688774816e+02
 7.091699411013728422e+02
 7.090928853790597941e+02
 7.123303499758080761e+02
 7.142812569848401836e+02
 7.135305465119402015e+02
 7.137406164102914090e+02
 7.144888637733373571e+02
 7.146711310667139969e+02
 7.143093146871452745e+02
 7.145885945933476933e+02
 7.146486202901826346e+02
 7.146167678757968815e+02
 7.146408212030016784e+02
 7.146282655064433129e+02
 7.145923991263445032e+02
 7.145700486636162623e+02
 7.145681190966740814e+02
 7.145265548281373640e+02
 7.144819790112949249e+02
 7.144296128993831871e+02
 7.143225876260190716e+02
 7.142646127610034910e+02
 7.142694227131026992e+02
 7.142841022600611041e+02
 7.142562952323098671e+02
 7.142344848416018976e+02
 7.141924106308014188e+02
 7.141694898140638088e+02
 7.141197701174038457e+02
 7.141115067946366253e+02
 7.140813617560942248e+02
 7.140913874831149997e+02
 7.140882063042422487e+02
 7.141043888502805430e+02
 7.141057599503549227e+02
 7.140678813849852986e+02
 7.141126612930261217e+02
 7.139224047752788920e+02
 6.677978118251490969e+02
 6.748049353618158648e+02
 6.882602181875307679e+02
 7.021566665767581981e+02
 7.081149486171250373e+02
 7.090736864418981895e+02
 7.088273035506365432e+02
 7.095065202963528463e+02
 7.103183204752151596e+02
 7.108854086828240497e+02
 7.110600515620160422e+02
 7.114012637392329452e+02
 7.116283249525282599e+02
 7.118016930620649418e+02
 7.119986269987132346e+02
 7.120012329408409641e+02
 7.119615394417882044e+02
 7.119931519216978586e+02
 7.121199500573919750e+02
 7.122671487110138742e+02
 7.123504834577299789e+02
 7.124047651547128908e+02
 7.124233446333754500e+02
 7.124701055373100189e+02
 7.125304585054393556e+02
 7.126049528862214402e+02
 7.125976895364183292e+02
 7.126021272975398233e+02
 7.125970012769723780e+02
 7.126203637242324476e+02
 7.126469719763092598e+02
 7.127174435037726425e+02
 7.127557900723032844e+02
 7.128165332826124541e+02
 7.128353253882643230e+02
 7.128735608127132082e+02
 7.128795687188570582e+02
 7.128539782483993577e+02
 7.129151001294881098e+02
 7.127161983741555105e+02
 6.660945354658418864e+02
 6.673150870631484395e+02
 6.705611502716280938e+02
 6.790905327778897345e+02
 6.909040073171395306e+02
 7.011898652286638480e+02
 7.044240546826368927e+02
 7.062982439528301484e+02
 7.065874576809178507e+02
 7.075688149741301913e+02
 7.086304267310308660e+02
 7.092949816936892375e+02
 7.095864634221369442e+02
 7.100861863468394404e+02
 7.105015778637779249e+02
 7.106068362479356892e+02
 7.107134654677533945e+02
 7.109122825036744189e+02
 7.111896076965040265e+02
 7.113720631824351130e+02
 7.115119245930794705e+02
 7.116403853736655947e+02
 7.117566167271767199e+02
 7.118761024187580233e+02
 7.119808317265247979e+02
 7.120518268176197125e+02
 7.120624129588700271e+02
 7.120926926781316979e+02
 7.121311301191385610e+02
 7.122060605755291363e+02
 7.122862656819747826e+02
 7.124063599413259453e+02
 7.124609176712353928e+02
 7.125243422153515667e+02
 7.125588048664938015e+02
 7.126170922668902676e+02
 7.126824414606228402e+02
 7.126802135648409831e+02
 7.127470866456617387e+02
 7.125422217726386407e+02
 6.658783235670429121e+02
 6.661024143489440803e+02
 6.668696662037135638e+02
 6.690157305539822801e+02
 6.736156613339729802e+02
 6.840920186551282995e+02
 6.955550468684464249e+02
 7.030353043618970332e+02
 7.044306147978879835e+02
 7.051793371999043529e+02
 7.062531355601834093e+02
 7.069460816062029380e+02
 7.076823643675562607e+02
 7.080935558984735962e+02
 7.084369113720073301e+02
 7.088733179965471436e+02
 7.093562214497046625e+02
 7.099237288403556931e+02
 7.101300138967977773e+02
 7.102638756729037368e+02
 7.104276476493678274e+02
 7.106326537393435956e+02
 7.108687361923134631e+02
 7.110148866530224723e+02
 7.110633925176480261e+02
 7.111202583454778505e+02
 7.111953551695864917e+02
 7.113290890742681540e+02
 7.114820213516874219e+02
 7.116357710295362722e+02
 7.117166914680341279e+02
 7.117910467329514859e+02
 7.118242828255566792e+02
 7.118978271451558157e+02
 7.119964521183485431e+02
 7.121140158364488570e+02
 7.122603168264586202e+02
 7.122835255969346235e+02
 7.123615368172738727e+02
 7.121757546911372856e+02
 6.658469460288649771e+02
 6.658860037028699708e+02
 6.660439084049297662e+02
 6.665599442986873555e+02
 6.678278526597738392e+02
 6.708319017941971651e+02
 6.777193107015691567e+02
 6.893986988090176737e+02
 6.982961825666429831e+02
 7.011998790238478705e+02
 7.036734518754361716e+02
 7.040696977166803663e+02
 7.050487786786530933e+02
 7.055762391807310223e+02
 7.063288876083261130e+02
 7.071571277522660921e+02
 7.079688340684289187e+02
 7.084747436966249552e+02
 7.086290327527921136e+02
 7.088028105883909120e+02
 7.090580764759885142e+02
 7.093625366484908454e+02
 7.096834967731246024e+02
 7.098776835484004550e+02
 7.100157893538108738e+02
 7.101845843012087016e+02
 7.103791886460771821e+02
 7.105991487662158761e+02
 7.107942067672585154e+02
 7.109597882986784043e+02
 7.110389593500760839e+02
 7.111193806033868441e+02
 7.112051513885846816e+02
 7.113287640419363242e+02
 7.114714995463555169e+02
 7.116085536200673687e+02
 7.117835913847360416e+02
 7.118197125883651779e+02
 7.119506852536379711e+02
 7.118135311382573036e+02
 6.658423049800670697e+02
 6.658492267547300116e+02
 6.658813091364174852e+02
 6.659978577784759182e+02
 6.663141663829460413e+02
 6.671484682122363665e+02
 6.690777575028688489e+02
 6.735905319875739679e+02
 6.834722086375392109e+02
 6.922524511264845160e+02
 6.999046261462734719e+02
 7.016219522981085674e+02
 7.031867071971392988e+02
 7.035024367986821971e+02
 7.045088362556114134e+02
 7.054879627510758837e+02
 7.063885250687069401e+02
 7.068445982097031219e+02
 7.070314530892778748e+02
 7.073272899408927969e+02
 7.077086736516765768e+02
 7.081711920796161621e+02
 7.086548321204894592e+02
 7.089381431219244405e+02
 7.091381562613521510e+02
 7.093323265689946311e+02
 7.095403963976763180e+02
 7.097741281962962603e+02
 7.099984466092182629e+02
 7.101917672405799067e+02
 7.103168800948876651e+02
 7.104619014784074125e+02
 7.106270345508460196e+02
 7.108018946494854617e+02
 7.109505979412454053e+02
 7.110707263638928453e+02
 7.112492219920887919e+02
 7.113136527063624044e+02
 7.115312552324295439e+02
 7.114470185098911088e+02
 6.658415835376135874e+02
 6.658428056358435470e+02
 6.658491698105442538e+02
 6.658747126266119949e+02
 6.659506908078618608e+02
 6.661640874055293580e+02
 6.667035293988068361e+02
 6.680466810405579281e+02
 6.708405821415867649e+02
 6.773329475974013576e+02
 6.880386732936935914e+02
 6.962156118998861984e+02
 7.004977185486754934e+02
 7.011514101155100889e+02
 7.028630641350055157e+02
 7.036329383150865624e+02
 7.046375993901442598e+02
 7.050760468373567846e+02
 7.054345438509889163e+02
 7.057990567912571578e+02
 7.063198339572214763e+02
 7.069542871548022731e+02
 7.075017775153073671e+02
 7.077883227815771079e+02
 7.080105584253844881e+02
 7.082541664212391197e+02
 7.085437850694232793e+02
 7.088500947533324279e+02
 7.091190976420016341e+02
 7.093140671798759058e+02
 7.094803306348542264e+02
 7.096865187775598542e+02
 7.099427849672720185e+02
 7.102028867182873455e+02
 7.103691676931898655e+02
 7.104829386473857085e+02
 7.106581446190770066e+02
 7.107766980604582159e+02
 7.110817603171336714e+02
 7.110333223624675156e+02
 6.658414693257743693e+02
 6.658416846982854622e+02
 6.658429263641116904e+02
 6.658483763987068187e+02
 6.658661259488840187e+02
 6.659194282001899410e+02
 6.660617159925661781e+02
 6.664375214147449924e+02
 6.672834210072627457e+02
 6.691991430730214461e+02
 6.735292809095888060e+02
 6.825298642832323139e+02
 6.920023627329657074e+02
 6.971340140500752796e+02
 6.998816882562189221e+02
 7.006925925478369663e+02
 7.021057076143929407e+02
 7.027501062637214773e+02
 7.037210819316887864e+02
 7.045724753846797057e+02
 7.054465265627659392e+02
 7.060740636732657549e+02
 7.063847747324952024e+02
 7.065827043681506439e+02
 7.068287436988382524e+02
 7.071741549038973744e+02
 7.075853549714153132e+02
 7.079638562223492499e+02
 7.082985876529990037e+02
 7.085484174949452836e+02
 7.087607487377713369e+02
 7.089899025345494010e+02
 7.092704438569893455e+02
 7.095502554225495260e+02
 7.097378342993907836e+02
 7.098781679546345913e+02
 7.100990820265884622e+02
 7.102971104559494506e+02
 7.106710378471376544e+02
 7.106593901317811515e+02
 6.658414498371080299e+02
 6.658414877044634750e+02
 6.658417251661321643e+02
 6.658428535748469130e+02
 6.658468583792799791e+02
 6.658596681793533207e+02
 6.658958941175253585e+02
 6.659960081459138337e+02
 6.662301390888212609e+02
 6.668005141171053083e+02
 6.681229143414183227e+02
 6.710118490309316712e+02
 6.772567109474605331e+02
 6.879196630382285775e+02
 6.952653371933042763e+02
 6.988264382259546892e+02
 7.008846217514370665e+02
 7.014138048780804411e+02
 7.024097513082839441e+02
 7.030540313985461580e+02
 7.039592093018026162e+02
 7.043030009303885208e+02
 7.046784910026694888e+02
 7.051028642293074427e+02
 7.056375506123448531e+02
 7.062423161396412752e+02
 7.067874092678084708e+02
 7.071623774337613213e+02
 7.074727683748805021e+02
 7.077259921662326860e+02
 7.079798578437945480e+02
 7.082530889561883214e+02
 7.085761384979906552e+02
 7.088683365227140030e+02
 7.090904930430663171e+02
 7.092779718024681870e+02
 7.095617776767919622e+02
 7.098311420782449659e+02
 7.102371878760942536e+02
 7.102518080816323618e+02
 6.658414469715994528e+02
 6.658414535567710573e+02
 6.658414989987521722e+02
 6.658417303921791017e+02
 6.658426176368261622e+02
 6.658456337346499367e+02
 6.658546481685946219e+02
 6.658806508307718559e+02
 6.659443313425616680e+02
 6.661036439513477490e+02
 6.664863016159566769e+02
 6.673909958394006026e+02
 6.692631874495164084e+02
 6.735935439161683007e+02
 6.818869934362788854e+02
 6.920270103396826471e+02
 6.967201592088620146e+02
 6.991508920289362550e+02
 7.005824698201478213e+02
 7.012271382516690892e+02
 7.021596848895807170e+02
 7.026729640005999045e+02
 7.034390050240842811e+02
 7.040656970544230262e+02
 7.047112688787960906e+02
 7.053690938820794827e+02
 7.058620002234624735e+02
 7.061579692791302705e+02
 7.064574002443017662e+02
 7.067772152561092298e+02
 7.071448830243482462e+02
 7.075137619846053667e+02
 7.079221724668649358e+02
 7.082534361487987553e+02
 7.085020826473515854e+02
 7.087140829927172945e+02
 7.090186885469586286e+02
 7.093150989911516717e+02
 7.097346154070479542e+02
 7.098158824820750397e+02
 6.658414467219334938e+02
 6.658414475635320287e+02
 6.658414560807610769e+02
 6.658415030318867593e+02
 6.658416961032855852e+02
 6.658423916812195102e+02
 6.658445887223982709e+02
 6.658512050725382778e+02
 6.658682243038050501e+02
 6.659122461774524027e+02
 6.660205217227040748e+02
 6.662846824776917174e+02
 6.668666343638457192e+02
 6.682121452087764055e+02
 6.709835026358598498e+02
 6.778820011563351500e+02
 6.867794634940986498e+02
 6.953366728620005688e+02
 6.974158035034797649e+02
 6.987214671470496796e+02
 7.001005417205122967e+02
 7.010920418026033758e+02
 7.021603508185623923e+02
 7.029172326351368838e+02
 7.036291135467885169e+02
 7.042992276595778094e+02
 7.046843180763845567e+02
 7.050722574214623819e+02
 7.055145574287059844e+02
 7.059641103211416748e+02
 7.064152985570698320e+02
 7.067842984721601169e+02
 7.071645237264309571e+02
 7.074948279351141309e+02
 7.078074364072059552e+02
 7.080826396950528760e+02
 7.084291016561446668e+02
 7.087303000681799858e+02
 7.090840182935800158e+02
 7.092935206014534515e+02
 6.658414467840354973e+02
 6.658414468024574262e+02
 6.658414480125762793e+02
 6.658414572895718493e+02
 6.658414987612422919e+02
 6.658416563509332491e+02
 6.658421813407666150e+02
 6.658438314634229300e+02
 6.658483070669547033e+02
 6.658602882869420228e+02
 6.658905663473694858e+02
 6.659668608254022502e+02
 6.661383962536206127e+02
 6.665469059047405835e+02
 6.674589117173391060e+02
 6.695299419149347386e+02
 6.741040296722787843e+02
 6.833891639964019760e+02
 6.913057304419655793e+02
 6.971044657523557362e+02
 6.990624271168234145e+02
 7.005600852645942496e+02
 7.012908105383138491e+02
 7.017441675201280304e+02
 7.023105549505730778e+02
 7.027938590169179633e+02
 7.033028869005155457e+02
 7.039347270085714854e+02
 7.045625270437419658e+02
 7.051265937142526354e+02
 7.056508859755504091e+02
 7.060143853802458125e+02
 7.063732011615036299e+02
 7.066960887247581695e+02
 7.070499689683490487e+02
 7.073856642954362997e+02
 7.077813418792933362e+02
 7.081110339775002558e+02
 7.084908309593579361e+02
 7.087997182553934863e+02
 6.658414467714743523e+02
 6.658414467899577858e+02
 6.658414468992737056e+02
 6.658414482800827727e+02
 6.658414568501656277e+02
 6.658414919359114492e+02
 6.658416147677547769e+02
 6.658420171509666261e+02
 6.658431684616178927e+02
 6.658463656858939430e+02
 6.658546913033505916e+02
 6.658762678162413522e+02
 6.659263991333102695e+02
 6.660476984625292971e+02
 6.663261038563127840e+02
 6.669927082569407730e+02
 6.684475462028103721e+02
 6.717125769526205659e+02
 6.788891939871662089e+02
 6.895157291670999484e+02
 6.940921752764581925e+02
 6.978845080588760084e+02
 6.986803172781169451e+02
 6.997188861753426181e+02
 7.005526428569754671e+02
 7.013889928169800214e+02
 7.023912428518824527e+02
 7.032156588447277272e+02
 7.038029933983997353e+02
 7.042103332698136455e+02
 7.046337047521892600e+02
 7.050644674528285805e+02
 7.055290847510891581e+02
 7.059603754373641777e+02
 7.063966990389120610e+02
 7.067745453170044811e+02
 7.071957862360613944e+02
 7.075537566156701814e+02
 7.079581389692390303e+02
 7.083706128076235018e+02
 6.658414467832919854e+02
 6.658414467677880566e+02
 6.658414468017665513e+02
 6.658414469984060133e+02
 6.658414483425717663e+02
 6.658414558547952993e+02
 6.658414843039513471e+02
 6.658415811630725329e+02
 6.658418722066298869e+02
 6.658427106392828136e+02
 6.658449652859883372e+02
 6.658509692441640482e+02
 6.658653906214200333e+02
 6.659009613587037393e+02
 6.659846793504980269e+02
 6.661866945284149324e+02
 6.666414035215678950e+02
 6.677156857780776136e+02
 6.700317848965764824e+02
 6.758086122186062994e+02
 6.851381444667368896e+02
 6.940687962422135797e+02
 6.962895531552039756e+02
 6.984090417728299371e+02
 6.990779588670897056e+02
 7.003399281880057288e+02
 7.015019238895544049e+02
 7.023113129812462603e+02
 7.028616364731987005e+02
 7.032387429460785597e+02
 7.037494245850607513e+02
 7.043329212308796059e+02
 7.049729259812369264e+02
 7.054994816012206229e+02
 7.059184438110735300e+02
 7.062390078264696740e+02
 7.066210301499166917e+02
 7.070065872416140564e+02
 7.074318553152367031e+02
 7.079596790165908260e+02
 6.658414467814649242e+02
 6.658414467838988458e+02
 6.658414467677969242e+02
 6.658414468109092468e+02
 6.658414470303941926e+02
 6.658414482394908873e+02
 6.658414544803541730e+02
 6.658414774984124733e+02
 6.658415500626596213e+02
 6.658417667811534102e+02
 6.658423696992632586e+02
 6.658440200937951658e+02
 6.658481346689525253e+02
 6.658585171129271885e+02
 6.658835026241421247e+02
 6.659448473951105143e+02
 6.660847641944494626e+02
 6.664215489821197025e+02
 6.672015934050800752e+02
 6.690305301508350340e+02
 6.732415675520319382e+02
 6.820672727924392120e+02
 6.913600552817096059e+02
 6.967423997170570829e+02
 6.977156488377705728e+02
 6.994871305837897353e+02
 7.003884559563744006e+02
 7.012550060198785786e+02
 7.016142649537692932e+02
 7.020461929357197732e+02
 7.027634945365408612e+02
 7.034993446502352299e+02
 7.042717456615800984e+02
 7.048624987272603448e+02
 7.052405928258056065e+02
 7.055568423580995159e+02
 7.059785800534825739e+02
 7.064256524258886429e+02
 7.068521356970626357e+02
 7.074301278904571291e+02
 6.658414467802181207e+02
 6.658414467823968153e+02
 6.658414467809456028e+02
 6.658414467690536185e+02
 6.658414468120124639e+02
 6.658414470180028957e+02
 6.658414480308050543e+02
 6.658414531058012926e+02
 6.658414709308996180e+02
 6.658415262578830607e+02
 6.658416853712965349e+02
 6.658421329483580848e+02
 6.658432938687202522e+02
 6.658463005884540280e+02
 6.658537104158828015e+02
 6.658722110828665564e+02
 6.659153125576160619e+02
 6.660207250896692130e+02
 6.662683601484795872e+02
 6.668748054019403071e+02
 6.682790787539506709e+02
 6.716104634285181874e+02
 6.797125101321635157e+02
 6.894495093578426577e+02
 6.945584249570550810e+02
 6.974916716206771525e+02
 6.980627652969125165e+02
 6.993624656831207176e+02
 7.002055135297480319e+02
 7.012491877002871661e+02
 7.023037256506455606e+02
 7.029022752862877041e+02
 7.035167057246713966e+02
 7.039126205345818335e+02
 7.042761097510056061e+02
 7.047225988598372624e+02
 7.052938782937786755e+02
 7.058635381481706190e+02
 7.062989474546328665e+02
 7.068771180631059678e+02
 6.658414467812522162e+02
 6.658414467807184565e+02
 6.658414467827227554e+02
 6.658414467793993481e+02
 6.658414467707630138e+02
 6.658414468064493121e+02
 6.658414469848048611e+02
 6.658414478235778233e+02
 6.658414517724992265e+02
 6.658414656827759472e+02
 6.658415074418263657e+02
 6.658416281149247880e+02
 6.658419539146917714e+02
 6.658428222747171503e+02
 6.658450190642390680e+02
 6.658506128651401923e+02
 6.658639938518201689e+02
 6.658972301994939471e+02
 6.659768032447537962e+02
 6.661728013041249596e+02
 6.666398583057418818e+02
 6.678081044243084534e+02
 6.705880059917950575e+02
 6.775328474938347654e+02
 6.889384103799500281e+02
 6.950649553057066896e+02
 6.964266469127896926e+02
 6.985680057035576738e+02
 6.993857383293789098e+02
 7.005247887866023575e+02
 7.011446867879645879e+02
 7.016684858447164288e+02
 7.023557014510588488e+02
 7.029714109587052917e+02
 7.036177268110866407e+02
 7.042485638859842538e+02
 7.048589347310290805e+02
 7.053481733512900291e+02
 7.057109772609896936e+02
 7.062803056016670098e+02
 6.658414467808655672e+02
 6.658414467813389592e+02
 6.658414467805381491e+02
 6.658414467828458783e+02
 6.658414467786307114e+02
 6.658414467706753612e+02
 6.658414467953185749e+02
 6.658414469417492683e+02
 6.658414476252049781e+02
 6.658414506733508915e+02
 6.658414613632093051e+02
 6.658414936181997064e+02
 6.658415839681915713e+02
 6.658418315691956195e+02
 6.658424749139185224e+02
 6.658441462008211147e+02
 6.658482633126654946e+02
 6.658586726375469880e+02
 6.658839969839202695e+02
 6.659471459178491841e+02
 6.660995143091306545e+02
 6.664875649824011816e+02
 6.674640745835974940e+02
 6.698359882662863356e+02
 6.764173339538740493e+02
 6.863230817694761754e+02
 6.941534795488788632e+02
 6.972002913021085533e+02
 6.983502517811624557e+02
 6.993802166713680890e+02
 7.001520235289561924e+02
 7.009806379086605830e+02
 7.019080956649320342e+02
 7.024932614597300926e+02
 7.031030760314085910e+02
 7.036750406251933327e+02
 7.042488127755046889e+02
 7.047717774001362159e+02
 7.051709218602967439e+02
 7.057954768811903250e+02
 6.658414467810415545e+02
 6.658414467811426221e+02
 6.658414467808920563e+02
 6.658414467814150157e+02
 6.658414467817057130e+02
 6.658414467799070735e+02
 6.658414467737326277e+02
 6.658414467917216371e+02
 6.658414469161189118e+02
 6.658414474600289168e+02
 6.658414497564476733e+02
 6.658414580629807915e+02
 6.658414829540710116e+02
 6.658415531578468745e+02
 6.658417405214561313e+02
 6.658422376119228829e+02
 6.658435021991217582e+02
 6.658467663960290110e+02
 6.658548556416086512e+02
 6.658752837345100488e+02
 6.659253892918941347e+02
 6.660548721251375355e+02
 6.663829249446317817e+02
 6.672299314122723217e+02
 6.694427193465556911e+02
 6.754271819362189717e+02
 6.869432570694798414e+02
 6.930426624470268280e+02
 6.962009524249885999e+02
 6.978658878321128896e+02
 6.990340821264646820e+02
 7.001641977612271148e+02
 7.010628217266744286e+02
 7.017077556652933481e+02
 7.023949654324586618e+02
 7.029728486494728941e+02
 7.035065928360962744e+02
 7.040236940435604538e+02
 7.044549100531070280e+02
 7.051960956107998300e+02
 6.658414467810021051e+02
 6.658414467810242741e+02
 6.658414467811751365e+02
 6.658414467805885124e+02
 6.658414467821676226e+02
 6.658414467801443379e+02
 6.658414467820776963e+02
 6.658414467736441793e+02
 6.658414467865645747e+02
 6.658414468913658766e+02
 6.658414473184088820e+02
 6.658414490580277061e+02
 6.658414555470980076e+02
 6.658414752665826200e+02
 6.658415294697548461e+02
 6.658416761466908156e+02
 6.658420619055023053e+02
 6.658430806002563713e+02
 6.658456562066638753e+02
 6.658522577392071753e+02
 6.658687746839699457e+02
 6.659120216547652262e+02
 6.660228609212134643e+02
 6.663119046108124621e+02
 6.670947498634070598e+02
 6.691949983753077049e+02
 6.751463422181689111e+02
 6.857202278572056002e+02
 6.944798376109716855e+02
 6.966087089207285317e+02
 6.982587366351164064e+02
 6.993501573609497655e+02
 7.001004522505213572e+02
 7.008322969754088945e+02
 7.015279796879783589e+02
 7.021510038283357744e+02
 7.027939450946769284e+02
 7.034582276493395057e+02
 7.039463975747707991e+02
 7.047167721657307311e+02
 6.658414467809942607e+02
 6.658414467810137012e+02
 6.658414467810066526e+02
 6.658414467811250006e+02
 6.658414467806546782e+02
 6.658414467821448852e+02
 6.658414467795311111e+02
 6.658414467832482160e+02
 6.658414467743930345e+02
 6.658414467818603271e+02
 6.658414468660511147e+02
 6.658414472033616676e+02
 6.658414485688732611e+02
 6.658414537911382922e+02
 6.658414696080346857e+02
 6.658415137189219877e+02
 6.658416335933681012e+02
 6.658419579797290453e+02
 6.658427972333868183e+02
 6.658449866278768923e+02
 6.658505897838091414e+02
 6.658654694792736564e+02
 6.659039473578262687e+02
 6.660057640463696771e+02
 6.662796638614390758e+02
 6.670541428620919078e+02
 6.692196376494076731e+02
 6.752349224795938198e+02
 6.868712427245700383e+02
 6.932434311451650046e+02
 6.966486035476942789e+02
 6.973440672230948394e+02
 6.987112003592468454e+02
 6.998215039446548644e+02
 7.007111771687048076e+02
 7.014621574756147311e+02
 7.021015220585672978e+02
 7.026359952778506113e+02
 7.030791796356675150e+02
 7.039079743417496502e+02
 6.658414467809981261e+02
 6.658414467809734560e+02
 6.658414467810297310e+02
 6.658414467809784583e+02
 6.658414467810504220e+02
 6.658414467808703421e+02
 6.658414467816726301e+02
 6.658414467798583019e+02
 6.658414467833622439e+02
 6.658414467744617014e+02
 6.658414467763121820e+02
 6.658414468427108659e+02
 6.658414471169165836e+02
 6.658414482064862341e+02
 6.658414523747750309e+02
 6.658414653815226529e+02
 6.658415023382653999e+02
 6.658416046377436714e+02
 6.658418752444910069e+02
 6.658425935962437734e+02
 6.658444768513036252e+02
 6.658495558604627149e+02
 6.658628449724759548e+02
 6.658983912088492616e+02
 6.659943875410572218e+02
 6.662683131911202281e+02
 6.670607632130667071e+02
 6.692823051065460049e+02
 6.758405040088304077e+02
 6.874299797887648538e+02
 6.943829416881754923e+02
 6.958150412763314989e+02
 6.981493300464850336e+02
 6.991283968709086594e+02
 6.998942109383019670e+02
 7.006769834177537177e+02
 7.013513054434808964e+02
 7.020155731577278857e+02
 7.025924115482906700e+02
 7.035523679981793066e+02
 6.658414467809757298e+02
 6.658414467809932376e+02
 6.658414467809604957e+02
 6.658414467810478072e+02
 6.658414467809255939e+02
 6.658414467810963515e+02
 6.658414467808777317e+02
 6.658414467814238833e+02
 6.658414467802974741e+02
 6.658414467828922625e+02
 6.658414467763969924e+02
 6.658414467704017170e+02
 6.658414468237513120e+02
 6.658414470507689202e+02
 6.658414479218363340e+02
 6.658414513213153896e+02
 6.658414625016964692e+02
 6.658414948349903852e+02
 6.658415823555512816e+02
 6.658418188319702722e+02
 6.658424546973197948e+02
 6.658441996922131239e+02
 6.658488304862302130e+02
 6.658613709535760563e+02
 6.658954115326762349e+02
 6.659936036690198762e+02
 6.662774918884261979e+02
 6.671110915002728916e+02
 6.695551989794951169e+02
 6.773947583921568594e+02
 6.885365541584166067e+02
 6.936140833799161101e+02
 6.973418324577689873e+02
 6.978934563720255255e+02
 6.989865046087260225e+02
 7.000520464211585931e+02
 7.006681543807054595e+02
 7.014722773559276447e+02
 7.021041436258013846e+02
 7.030190363277479264e+02
 6.658414467809755024e+02
 6.658414467809802773e+02
 6.658414467809766393e+02
 6.658414467809834605e+02
 6.658414467809914186e+02
 6.658414467809813004e+02
 6.658414467809923281e+02
 6.658414467810728183e+02
 6.658414467809481039e+02
 6.658414467810551969e+02
 6.658414467822744882e+02
 6.658414467776916581e+02
 6.658414467686254739e+02
 6.658414468089803222e+02
 6.658414469960861197e+02
 6.658414477127453210e+02
 6.658414506379730256e+02
 6.658414605333380223e+02
 6.658414887102768489e+02
 6.658415661707457502e+02
 6.658417796218888043e+02
 6.658423757496052531e+02
 6.658439826099553329e+02
 6.658483895632360827e+02
 6.658604925263193763e+02
 6.658956775116353128e+02
 6.659977226628766402e+02
 6.663005766785622654e+02
 6.672238826228224298e+02
 6.701630416783984856e+02
 6.784033009803230243e+02
 6.903643078647462517e+02
 6.958372774069279103e+02
 6.963931203960063385e+02
 6.982442237833416812e+02
 6.993607014854437693e+02
 6.999580497338180294e+02
 7.008913812104557337e+02
 7.015328156805982189e+02
 7.023958461903916941e+02
 6.658414467809734560e+02
 6.658414467809777761e+02
 6.658414467809732287e+02
 6.658414467809813004e+02
 6.658414467809739108e+02
 6.658414467809957387e+02
 6.658414467809690223e+02
 6.658414467809957387e+02
 6.658414467810839596e+02
 6.658414467807492656e+02
 6.658414467815415492e+02
 6.658414467818454341e+02
 6.658414467783837836e+02
 6.658414467697396049e+02
 6.658414468001345767e+02
 6.658414469614455129e+02
 6.658414476120524341e+02
 6.658414502970592821e+02
 6.658414594163623406e+02
 6.658414859382098712e+02
 6.658415609208385604e+02
 6.658417737778530636e+02
 6.658423570507125078e+02
 6.658439785683248147e+02
 6.658484770884958834e+02
 6.658616266047674799e+02
 6.658997315665793622e+02
 6.660137070443851144e+02
 6.663594992283757392e+02
 6.675045575610215565e+02
 6.708978985789200351e+02
 6.810693533900017655e+02
 6.905571788246649021e+02
 6.943282758829874410e+02
 6.975082309269113239e+02
 6.981577804985518014e+02
 6.990716293687286225e+02
 7.001551494627972261e+02
 7.007144455160912457e+02
 7.015915678784656393e+02
 6.658414467809745929e+02
 6.658414467809757298e+02
 6.658414467809748203e+02
 6.658414467809773214e+02
 6.658414467809737971e+02
 6.658414467809831194e+02
 6.658414467809756161e+02
 6.658414467809874395e+02
 6.658414467809637927e+02
 6.658414467811423947e+02
 6.658414467804518608e+02
 6.658414467823348559e+02
 6.658414467801798082e+02
 6.658414467802261925e+02
 6.658414467716000900e+02
 6.658414467955396958e+02
 6.658414469452924322e+02
 6.658414475557061678e+02
 6.658414500380553136e+02
 6.658414586598422602e+02
 6.658414846373325418e+02
 6.658415597195871669e+02
 6.658417685318663644e+02
 6.658423560798505605e+02
 6.658440077954842309e+02
 6.658488659332830366e+02
 6.658629717570360071e+02
 6.659053279389065665e+02
 6.660336930044733208e+02
 6.664578453799516637e+02
 6.677933203221587064e+02
 6.721383527882838962e+02
 6.829564441914981217e+02
 6.930039771135458295e+02
 6.960487911806742432e+02
 6.970317084218472701e+02
 6.984632721877660515e+02
 6.994886903694715556e+02
 6.999634084988615541e+02
 7.009505323005522541e+02
 6.658414467809743655e+02
 6.658414467809748203e+02
 6.658414467809740245e+02
 6.658414467809753887e+02
 6.658414467809751613e+02
 6.658414467809751613e+02
 6.658414467809797088e+02
 6.658414467809783446e+02
 6.658414467809683401e+02
 6.658414467810264341e+02
 6.658414467809643611e+02
 6.658414467807001529e+02
 6.658414467821132803e+02
 6.658414467797363159e+02
 6.658414467817960940e+02
 6.658414467713452041e+02
 6.658414467935799621e+02
 6.658414469379550837e+02
 6.658414475148691736e+02
 6.658414498964179984e+02
 6.658414585765177662e+02
 6.658414851768666267e+02
 6.658415606154133002e+02
 6.658417754910062740e+02
 6.658423879370801615e+02
 6.658442024450894223e+02
 6.658494915425435465e+02
 6.658654381688421608e+02
 6.659135743541534112e+02
 6.660724888838941524e+02
 6.665805960686260505e+02
 6.682839401712727749e+02
 6.737015682179813894e+02
 6.861325697708630287e+02
 6.922053391853924040e+02
 6.957632223220878132e+02
 6.975643733160777629e+02
 6.984264608689859415e+02
 6.992046336734676970e+02
 7.005200066055029993e+02
 6.658414467809750477e+02
 6.658414467809750477e+02
 6.658414467809749340e+02
 6.658414467809756161e+02
 6.658414467809748203e+02
 6.658414467809778898e+02
 6.658414467809690223e+02
 6.658414467809928965e+02
 6.658414467809437838e+02
 6.658414467810282531e+02
 6.658414467809552661e+02
 6.658414467809757298e+02
 6.658414467808515838e+02
 6.658414467817779041e+02
 6.658414467797862244e+02
 6.658414467821121434e+02
 6.658414467712971145e+02
 6.658414467927926808e+02
 6.658414469330388101e+02
 6.658414474967928527e+02
 6.658414499420194943e+02
 6.658414589319513652e+02
 6.658414859246638571e+02
 6.658415638000145691e+02
 6.658417889161669336e+02
 6.658424605627019446e+02
 6.658444287966626689e+02
 6.658503867222658528e+02
 6.658684151615328801e+02
 6.659277371304297048e+02
 6.661192295141496515e+02
 6.667701073388203667e+02
 6.688730421661504124e+02
 6.759967991137884837e+02
 6.875842135845682606e+02
 6.950058017061917326e+02
 6.963664642434082452e+02
 6.976831054079860905e+02
 6.986795638165933724e+02
 7.000161323137582485e+02
 6.658414467809742519e+02
 6.658414467809745929e+02
 6.658414467809742519e+02
 6.658414467809749340e+02
 6.658414467809737971e+02
 6.658414467809759572e+02
 6.658414467809717507e+02
 6.658414467809785720e+02
 6.658414467809767530e+02
 6.658414467809570851e+02
 6.658414467810265478e+02
 6.658414467809112693e+02
 6.658414467810307542e+02
 6.658414467809295729e+02
 6.658414467815193802e+02
 6.658414467801355840e+02
 6.658414467815919124e+02
 6.658414467712140095e+02
 6.658414467932965408e+02
 6.658414469433430440e+02
 6.658414475582439991e+02
 6.658414502783807620e+02
 6.658414600758420647e+02
 6.658414898969055002e+02
 6.658415772532262054e+02
 6.658418389861990363e+02
 6.658426093874246590e+02
 6.658449477495926203e+02
 6.658519968256290440e+02
 6.658750159503302939e+02
 6.659492583211501824e+02
 6.662018702425435777e+02
 6.670308623145715501e+02
 6.698975791009751219e+02
 6.791710548451420664e+02
 6.906888915784510345e+02
 6.934830587657215801e+02
 6.964350723213610763e+02
 6.977723591891257229e+02
 6.991675712151295556e+02
 6.658414467809745929e+02
 6.658414467809748203e+02
 6.658414467809745929e+02
 6.658414467809749340e+02
 6.658414467809740245e+02
 6.658414467809760708e+02
 6.658414467809731150e+02
 6.658414467809755024e+02
 6.658414467809747066e+02
 6.658414467809749340e+02
 6.658414467809641337e+02
 6.658414467810242741e+02
 6.658414467808628388e+02
 6.658414467811562645e+02
 6.658414467807087931e+02
 6.658414467818016647e+02
 6.658414467798384067e+02
 6.658414467817644891e+02
 6.658414467705293873e+02
 6.658414467934611594e+02
 6.658414469638330502e+02
 6.658414476552670749e+02
 6.658414506951384055e+02
 6.658414615575552489e+02
 6.658414948575072003e+02
 6.658415951590262694e+02
 6.658418913613171526e+02
 6.658427914222219215e+02
 6.658455076664786247e+02
 6.658543197882353297e+02
 6.658826811879811203e+02
 6.659790056736529777e+02
 6.662943906950887367e+02
 6.674294512054534607e+02
 6.712824886776298854e+02
 6.817645095239091688e+02
 6.909177250707489293e+02
 6.959134861375546279e+02
 6.969095862293141863e+02
 6.982171313065254026e+02
 6.658414467809742519e+02
 6.658414467809745929e+02
 6.658414467809742519e+02
 6.658414467809749340e+02
 6.658414467809745929e+02
 6.658414467809748203e+02
 6.658414467809753887e+02
 6.658414467809731150e+02
 6.658414467809773214e+02
 6.658414467809728876e+02
 6.658414467809741382e+02
 6.658414467809780035e+02
 6.658414467809894859e+02
 6.658414467809025155e+02
 6.658414467811553550e+02
 6.658414467806178436e+02
 6.658414467821675089e+02
 6.658414467790697699e+02
 6.658414467831578349e+02
 6.658414467683517159e+02
 6.658414467953768963e+02
 6.658414469899182677e+02
 6.658414477729222654e+02
 6.658414512677726407e+02
 6.658414637246462462e+02
 6.658415024906241797e+02
 6.658416176986069104e+02
 6.658419683303213787e+02
 6.658430277128913986e+02
 6.658464439156333583e+02
 6.658574028069739370e+02
 6.658944908646601561e+02
 6.660154522706852731e+02
 6.664519728455708218e+02
 6.679906157881791842e+02
 6.731176745761725897e+02
 6.853671508798686318e+02
 6.932448756786282047e+02
 6.949000001383947165e+02
 6.973465875370299045e+02
 6.658414467809745929e+02
 6.658414467809745929e+02
 6.658414467809744792e+02
 6.658414467809749340e+02
 6.658414467809748203e+02
 6.658414467809748203e+02
 6.658414467809749340e+02
 6.658414467809753887e+02
 6.658414467809728876e+02
 6.658414467809805046e+02
 6.658414467809635653e+02
 6.658414467809919870e+02
 6.658414467809524240e+02
 6.658414467810156339e+02
 6.658414467808903510e+02
 6.658414467811182931e+02
 6.658414467807366464e+02
 6.658414467819147831e+02
 6.658414467794179927e+02
 6.658414467827632279e+02
 6.658414467686295666e+02
 6.658414468021261428e+02
 6.658414470245854773e+02
 6.658414479427551669e+02
 6.658414520865032955e+02
 6.658414666594015898e+02
 6.658415110321654993e+02
 6.658416459414380597e+02
 6.658420552240968391e+02
 6.658433676561602397e+02
 6.658475619152106901e+02
 6.658616930494464441e+02
 6.659077832982422933e+02
 6.660742469816634639e+02
 6.666663164982633134e+02
 6.687251686773198571e+02
 6.754610696243893244e+02
 6.869689522374400212e+02
 6.927907329117136896e+02
 6.969257515551181541e+02
 6.658414467809745929e+02
 6.658414467809745929e+02
 6.658414467809743655e+02
 6.658414467809744792e+02
 6.658414467809744792e+02
 6.658414467809743655e+02
 6.658414467809742519e+02
 6.658414467809748203e+02
 6.658414467809736834e+02
 6.658414467809760708e+02
 6.658414467809735697e+02
 6.658414467809719781e+02
 6.658414467809831194e+02
 6.658414467809544703e+02
 6.658414467810167707e+02
 6.658414467808885320e+02
 6.658414467810773658e+02
 6.658414467809164989e+02
 6.658414467813706779e+02
 6.658414467804744845e+02
 6.658414467809176358e+02
 6.658414467683339808e+02
 6.658414468152507197e+02
 6.658414470871682624e+02
 6.658414482431844590e+02
 6.658414534205339805e+02
 6.658414710002795118e+02
 6.658415254437538806e+02
 6.658416906954951173e+02
 6.658422168335587230e+02
 6.658438900454139002e+02
 6.658494928258544405e+02
 6.658676455006036576e+02
 6.659325955380780897e+02
 6.661631493544074374e+02
 6.669914097938051327e+02
 6.697218467296778499e+02
 6.789477582844574499e+02
 6.894758847682338683e+02
 6.953551352009279753e+02
 6.658414467809745929e+02
 6.658414467809748203e+02
 6.658414467809745929e+02
 6.658414467809744792e+02
 6.658414467809745929e+02
 6.658414467809750477e+02
 6.658414467809745929e+02
 6.658414467809752750e+02
 6.658414467809735697e+02
 6.658414467809761845e+02
 6.658414467809731150e+02
 6.658414467809772077e+02
 6.658414467809687949e+02
 6.658414467809861890e+02
 6.658414467809469670e+02
 6.658414467810457609e+02
 6.658414467807898518e+02
 6.658414467813446436e+02
 6.658414467803848993e+02
 6.658414467822959750e+02
 6.658414467793259064e+02
 6.658414467811981012e+02
 6.658414467686691296e+02
 6.658414468312221288e+02
 6.658414471621299526e+02
 6.658414486591339028e+02
 6.658414550547671524e+02
 6.658414764987237504e+02
 6.658415422118674769e+02
 6.658417495380657556e+02
 6.658424045270446641e+02
 6.658445785128105854e+02
 6.658516042946157540e+02
 6.658764893196647563e+02
 6.659643950076745114e+02
 6.662833755095506376e+02
 6.673617700984362955e+02
 6.712752968480778009e+02
 6.806106778896798915e+02
 6.919571714464249226e+02
 6.658414467809740245e+02
 6.658414467809737971e+02
 6.658414467809739108e+02
 6.658414467809739108e+02
 6.658414467809735697e+02
 6.658414467809739108e+02
 6.658414467809735697e+02
 6.658414467809739108e+02
 6.658414467809735697e+02
 6.658414467809737971e+02
 6.658414467809740245e+02
 6.658414467809735697e+02
 6.658414467809730013e+02
 6.658414467809772077e+02
 6.658414467809609505e+02
 6.658414467810105180e+02
 6.658414467808920563e+02
 6.658414467810930546e+02
 6.658414467808308927e+02
 6.658414467811763870e+02
 6.658414467812874591e+02
 6.658414467808398740e+02
 6.658414467770671763e+02
 6.658414467745018328e+02
 6.658414468606990795e+02
 6.658414472655957752e+02
 6.658414491981045558e+02
 6.658414572190348508e+02
 6.658414834077452724e+02
 6.658415659827265927e+02
 6.658418253488160872e+02
 6.658426788935313425e+02
 6.658454280463076884e+02
 6.658550528370035408e+02
 6.658888153037878510e+02
 6.660120067207373040e+02
 6.664255725032152213e+02
 6.679785996000993009e+02
 6.726627587262959196e+02
 6.871739377531498576e+02
 6.658414467809742519e+02
 6.658414467809744792e+02
 6.658414467809743655e+02
 6.658414467809749340e+02
 6.658414467809744792e+02
 6.658414467809745929e+02
 6.658414467809745929e+02
 6.658414467809745929e+02
 6.658414467809744792e+02
 6.658414467809745929e+02
 6.658414467809744792e+02
 6.658414467809756161e+02
 6.658414467809717507e+02
 6.658414467809819826e+02
 6.658414467809577673e+02
 6.658414467810079032e+02
 6.658414467809276402e+02
 6.658414467810121096e+02
 6.658414467809822099e+02
 6.658414467807982646e+02
 6.658414467815672424e+02
 6.658414467803171419e+02
 6.658414467827309409e+02
 6.658414467716369245e+02
 6.658414467810350743e+02
 6.658414469069589359e+02
 6.658414474269393395e+02
 6.658414499774589785e+02
 6.658414599494012691e+02
 6.658414925218496592e+02
 6.658415942957898324e+02
 6.658419247975668895e+02
 6.658429893829375033e+02
 6.658466689879255682e+02
 6.658594606622281162e+02
 6.659060944806668658e+02
 6.660629835513855141e+02
 6.666574233833789549e+02
 6.685711338566293307e+02
 6.794267175487725581e+02
 6.658414467809748203e+02
 6.658414467809748203e+02
 6.658414467809745929e+02
 6.658414467809749340e+02
 6.658414467809749340e+02
 6.658414467809748203e+02
 6.658414467809744792e+02
 6.658414467809749340e+02
 6.658414467809745929e+02
 6.658414467809752750e+02
 6.658414467809744792e+02
 6.658414467809769803e+02
 6.658414467809708412e+02
 6.658414467809848247e+02
 6.658414467809557209e+02
 6.658414467810058568e+02
 6.658414467809333246e+02
 6.658414467810265478e+02
 6.658414467809010375e+02
 6.658414467811139730e+02
 6.658414467806197763e+02
 6.658414467820259688e+02
 6.658414467794264056e+02
 6.658414467840912039e+02
 6.658414467651929272e+02
 6.658414467844298770e+02
 6.658414469541627341e+02
 6.658414476492092717e+02
 6.658414510321495072e+02
 6.658414638533090510e+02
 6.658415051611793842e+02
 6.658416386872224848e+02
 6.658420666796232581e+02
 6.658435287666818567e+02
 6.658485728408788873e+02
 6.658669219183442465e+02
 6.659284389002375519e+02
 6.661594452568155020e+02
 6.669351467601201193e+02
 6.731710604154269504e+02
 6.658414467809742519e+02
 6.658414467809747066e+02
 6.658414467809744792e+02
 6.658414467809744792e+02
 6.658414467809743655e+02
 6.658414467809744792e+02
 6.658414467809741382e+02
 6.658414467809744792e+02
 6.658414467809743655e+02
 6.658414467809747066e+02
 6.658414467809736834e+02
 6.658414467809760708e+02
 6.658414467809703865e+02
 6.658414467809816415e+02
 6.658414467809636790e+02
 6.658414467809868711e+02
 6.658414467809654980e+02
 6.658414467809751613e+02
 6.658414467809825510e+02
 6.658414467809581083e+02
 6.658414467809635653e+02
 6.658414467809761845e+02
 6.658414467814686759e+02
 6.658414467803461321e+02
 6.658414467828985153e+02
 6.658414467600689477e+02
 6.658414467915189334e+02
 6.658414470164378827e+02
 6.658414479417918983e+02
 6.658414524422340719e+02
 6.658414686655949026e+02
 6.658415216202066631e+02
 6.658416908219535344e+02
 6.658422610079184096e+02
 6.658442088243082253e+02
 6.658512240229333656e+02
 6.658748916805997169e+02
 6.659628746153159682e+02
 6.662661728714344918e+02
 6.694555209507099107e+02
 6.658414467809740245e+02
 6.658414467809743655e+02
 6.658414467809739108e+02
 6.658414467809742519e+02
 6.658414467809744792e+02
 6.658414467809745929e+02
 6.658414467809745929e+02
 6.658414467809745929e+02
 6.658414467809744792e+02
 6.658414467809749340e+02
 6.658414467809734560e+02
 6.658414467809765256e+02
 6.658414467809709549e+02
 6.658414467809795951e+02
 6.658414467809670896e+02
 6.658414467809843700e+02
 6.658414467809593589e+02
 6.658414467810048336e+02
 6.658414467809097914e+02
 6.658414467811074928e+02
 6.658414467807127721e+02
 6.658414467813984174e+02
 6.658414467803222578e+02
 6.658414467823282621e+02
 6.658414467800017746e+02
 6.658414467824927669e+02
 6.658414467577895266e+02
 6.658414468055716497e+02
 6.658414470771245988e+02
 6.658414483813317020e+02
 6.658414544035171048e+02
 6.658414759818210769e+02
 6.658415461345753101e+02
 6.658417802207191016e+02
 6.658425735287082716e+02
 6.658453958321751998e+02
 6.658550507584025127e+02
 6.658905613723183023e+02
 6.660157889960818238e+02
 6.676951029841371792e+02
 6.658414467809743655e+02
 6.658414467809745929e+02
 6.658414467809745929e+02
 6.658414467809748203e+02
 6.658414467809745929e+02
 6.658414467809748203e+02
 6.658414467809748203e+02
 6.658414467809749340e+02
 6.658414467809743655e+02
 6.658414467809749340e+02
 6.658414467809736834e+02
 6.658414467809765256e+02
 6.658414467809722055e+02
 6.658414467809773214e+02
 6.658414467809720918e+02
 6.658414467809793678e+02
 6.658414467809647022e+02
 6.658414467809985808e+02
 6.658414467809286634e+02
 6.658414467810488304e+02
 6.658414467808962627e+02
 6.658414467809832331e+02
 6.658414467810719088e+02
 6.658414467805990853e+02
 6.658414467820246045e+02
 6.658414467813739748e+02
 6.658414467802156196e+02
 6.658414467531436003e+02
 6.658414468401383601e+02
 6.658414472811408586e+02
 6.658414496345974385e+02
 6.658414601289952088e+02
 6.658414981518978948e+02
 6.658416265820884519e+02
 6.658420561701128690e+02
 6.658435560597154108e+02
 6.658487204126947745e+02
 6.658673603257867626e+02
 6.659335261076390680e+02
 6.669852799112792354e+02
 </DataArray>
 <DataArray Name="shock-detector" type="Float32" NumberOfComponents="1" format="ascii">
 1.000000000000000000e+00
 1.000000000000000000e+00
 1.000000000000000000e+00
 0.000000000000000000e+00
 0.000000000000000000e+00
 0.000000000000000000e+00
 0.000000000000000000e+00
 0.000000000000000000e+00
 0.000000000000000000e+00
 0.000000000000000000e+00
 0.000000000000000000e+00
 0.000000000000000000e+00
 0.000000000000000000e+00
 0.000000000000000000e+00
 0.000000000000000000e+00
 0.000000000000000000e+00
 0.000000000000000000e+00
 0.000000000000000000e+00
 0.000000000000000000e+00
 0.000000000000000000e+00
 0.000000000000000000e+00
 0.000000000000000000e+00
 0.000000000000000000e+00
 0.000000000000000000e+00
 0.000000000000000000e+00
 0.000000000000000000e+00
 0.000000000000000000e+00
 0.000000000000000000e+00
 0.000000000000000000e+00
 0.000000000000000000e+00
 0.000000000000000000e+00
 0.000000000000000000e+00
 0.000000000000000000e+00
 0.000000000000000000e+00
 0.000000000000000000e+00
 0.000000000000000000e+00
 0.000000000000000000e+00
 0.000000000000000000e+00
 0.000000000000000000e+00
 0.000000000000000000e+00
 0.000000000000000000e+00
 0.000000000000000000e+00
 0.000000000000000000e+00
 0.000000000000000000e+00
 0.000000000000000000e+00
 0.000000000000000000e+00
 0.000000000000000000e+00
 0.000000000000000000e+00
 0.000000000000000000e+00
 0.000000000000000000e+00
 0.000000000000000000e+00
 0.000000000000000000e+00
 0.000000000000000000e+00
 0.000000000000000000e+00
 0.000000000000000000e+00
 0.000000000000000000e+00
 0.000000000000000000e+00
 0.000000000000000000e+00
 0.000000000000000000e+00
 0.000000000000000000e+00
 0.000000000000000000e+00
 0.000000000000000000e+00
 0.000000000000000000e+00
 0.000000000000000000e+00
 0.000000000000000000e+00
 0.000000000000000000e+00
 0.000000000000000000e+00
 0.000000000000000000e+00
 0.000000000000000000e+00
 0.000000000000000000e+00
 0.000000000000000000e+00
 0.000000000000000000e+00
 0.000000000000000000e+00
 0.000000000000000000e+00
 0.000000000000000000e+00
 0.000000000000000000e+00
 0.000000000000000000e+00
 0.000000000000000000e+00
 0.000000000000000000e+00
 0.000000000000000000e+00
 0.000000000000000000e+00
 0.000000000000000000e+00
 0.000000000000000000e+00
 0.000000000000000000e+00
 0.000000000000000000e+00
 0.000000000000000000e+00
 0.000000000000000000e+00
 0.000000000000000000e+00
 0.000000000000000000e+00
 0.000000000000000000e+00
 0.000000000000000000e+00
 0.000000000000000000e+00
 0.000000000000000000e+00
 0.000000000000000000e+00
 0.000000000000000000e+00
 0.000000000000000000e+00
 0.000000000000000000e+00
 0.000000000000000000e+00
 0.000000000000000000e+00
 0.000000000000000000e+00
 0.000000000000000000e+00
 0.000000000000000000e+00
 0.000000000000000000e+00
 0.000000000000000000e+00
 0.000000000000000000e+00
 0.000000000000000000e+00
 0.000000000000000000e+00
 0.000000000000000000e+00
 0.000000000000000000e+00
 0.000000000000000000e+00
 0.000000000000000000e+00
 0.000000000000000000e+00
 0.000000000000000000e+00
 0.000000000000000000e+00
 0.000000000000000000e+00
 0.000000000000000000e+00
 0.000000000000000000e+00
 0.000000000000000000e+00
 0.000000000000000000e+00
 0.000000000000000000e+00
 0.000000000000000000e+00
 0.000000000000000000e+00
 0.000000000000000000e+00
 0.000000000000000000e+00
 0.000000000000000000e+00
 0.000000000000000000e+00
 0.000000000000000000e+00
 0.000000000000000000e+00
 0.000000000000000000e+00
 0.000000000000000000e+00
 0.000000000000000000e+00
 0.000000000000000000e+00
 0.000000000000000000e+00
 0.000000000000000000e+00
 0.000000000000000000e+00
 0.000000000000000000e+00
 0.000000000000000000e+00
 0.000000000000000000e+00
 0.000000000000000000e+00
 0.000000000000000000e+00
 0.000000000000000000e+00
 0.000000000000000000e+00
 0.000000000000000000e+00
 0.000000000000000000e+00
 0.000000000000000000e+00
 0.000000000000000000e+00
 0.000000000000000000e+00
 0.000000000000000000e+00
 0.000000000000000000e+00
 0.000000000000000000e+00
 0.000000000000000000e+00
 0.000000000000000000e+00
 0.000000000000000000e+00
 0.000000000000000000e+00
 0.000000000000000000e+00
 0.000000000000000000e+00
 0.000000000000000000e+00
 0.000000000000000000e+00
 0.000000000000000000e+00
 0.000000000000000000e+00
 0.000000000000000000e+00
 0.000000000000000000e+00
 0.000000000000000000e+00
 0.000000000000000000e+00
 0.000000000000000000e+00
 0.000000000000000000e+00
 0.000000000000000000e+00
 0.000000000000000000e+00
 0.000000000000000000e+00
 0.000000000000000000e+00
 0.000000000000000000e+00
 0.000000000000000000e+00
 0.000000000000000000e+00
 0.000000000000000000e+00
 0.000000000000000000e+00
 0.000000000000000000e+00
 0.000000000000000000e+00
 0.000000000000000000e+00
 0.000000000000000000e+00
 0.000000000000000000e+00
 0.000000000000000000e+00
 0.000000000000000000e+00
 0.000000000000000000e+00
 0.000000000000000000e+00
 0.000000000000000000e+00
 0.000000000000000000e+00
 0.000000000000000000e+00
 0.000000000000000000e+00
 0.000000000000000000e+00
 0.000000000000000000e+00
 0.000000000000000000e+00
 0.000000000000000000e+00
 0.000000000000000000e+00
 0.000000000000000000e+00
 0.000000000000000000e+00
 0.000000000000000000e+00
 0.000000000000000000e+00
 0.000000000000000000e+00
 0.000000000000000000e+00
 0.000000000000000000e+00
 0.000000000000000000e+00
 0.000000000000000000e+00
 0.000000000000000000e+00
 0.000000000000000000e+00
 0.000000000000000000e+00
 0.000000000000000000e+00
 0.000000000000000000e+00
 0.000000000000000000e+00
 0.000000000000000000e+00
 0.000000000000000000e+00
 0.000000000000000000e+00
 0.000000000000000000e+00
 0.000000000000000000e+00
 0.000000000000000000e+00
 0.000000000000000000e+00
 0.000000000000000000e+00
 0.000000000000000000e+00
 0.000000000000000000e+00
 0.000000000000000000e+00
 0.000000000000000000e+00
 0.000000000000000000e+00
 0.000000000000000000e+00
 0.000000000000000000e+00
 0.000000000000000000e+00
 0.000000000000000000e+00
 0.000000000000000000e+00
 0.000000000000000000e+00
 0.000000000000000000e+00
 0.000000000000000000e+00
 0.000000000000000000e+00
 0.000000000000000000e+00
 0.000000000000000000e+00
 0.000000000000000000e+00
 0.000000000000000000e+00
 0.000000000000000000e+00
 0.000000000000000000e+00
 0.000000000000000000e+00
 0.000000000000000000e+00
 0.000000000000000000e+00
 0.000000000000000000e+00
 0.000000000000000000e+00
 0.000000000000000000e+00
 0.000000000000000000e+00
 0.000000000000000000e+00
 0.000000000000000000e+00
 0.000000000000000000e+00
 0.000000000000000000e+00
 0.000000000000000000e+00
 0.000000000000000000e+00
 0.000000000000000000e+00
 0.000000000000000000e+00
 0.000000000000000000e+00
 0.000000000000000000e+00
 0.000000000000000000e+00
 0.000000000000000000e+00
 0.000000000000000000e+00
 0.000000000000000000e+00
 0.000000000000000000e+00
 0.000000000000000000e+00
 0.000000000000000000e+00
 0.000000000000000000e+00
 0.000000000000000000e+00
 0.000000000000000000e+00
 0.000000000000000000e+00
 0.000000000000000000e+00
 0.000000000000000000e+00
 0.000000000000000000e+00
 0.000000000000000000e+00
 0.000000000000000000e+00
 0.000000000000000000e+00
 0.000000000000000000e+00
 0.000000000000000000e+00
 0.000000000000000000e+00
 0.000000000000000000e+00
 0.000000000000000000e+00
 0.000000000000000000e+00
 0.000000000000000000e+00
 0.000000000000000000e+00
 0.000000000000000000e+00
 0.000000000000000000e+00
 0.000000000000000000e+00
 0.000000000000000000e+00
 0.000000000000000000e+00
 0.000000000000000000e+00
 0.000000000000000000e+00
 0.000000000000000000e+00
 0.000000000000000000e+00
 0.000000000000000000e+00
 0.000000000000000000e+00
 0.000000000000000000e+00
 0.000000000000000000e+00
 0.000000000000000000e+00
 0.000000000000000000e+00
 0.000000000000000000e+00
 0.000000000000000000e+00
 0.000000000000000000e+00
 0.000000000000000000e+00
 0.000000000000000000e+00
 0.000000000000000000e+00
 0.000000000000000000e+00
 0.000000000000000000e+00
 0.000000000000000000e+00
 0.000000000000000000e+00
 0.000000000000000000e+00
 0.000000000000000000e+00
 0.000000000000000000e+00
 0.000000000000000000e+00
 0.000000000000000000e+00
 0.000000000000000000e+00
 0.000000000000000000e+00
 0.000000000000000000e+00
 0.000000000000000000e+00
 0.000000000000000000e+00
 0.000000000000000000e+00
 0.000000000000000000e+00
 0.000000000000000000e+00
 0.000000000000000000e+00
 0.000000000000000000e+00
 0.000000000000000000e+00
 0.000000000000000000e+00
 0.000000000000000000e+00
 0.000000000000000000e+00
 0.000000000000000000e+00
 0.000000000000000000e+00
 0.000000000000000000e+00
 0.000000000000000000e+00
 0.000000000000000000e+00
 0.000000000000000000e+00
 0.000000000000000000e+00
 0.000000000000000000e+00
 0.000000000000000000e+00
 0.000000000000000000e+00
 0.000000000000000000e+00
 0.000000000000000000e+00
 0.000000000000000000e+00
 0.000000000000000000e+00
 0.000000000000000000e+00
 0.000000000000000000e+00
 0.000000000000000000e+00
 0.000000000000000000e+00
 0.000000000000000000e+00
 0.000000000000000000e+00
 0.000000000000000000e+00
 0.000000000000000000e+00
 0.000000000000000000e+00
 0.000000000000000000e+00
 0.000000000000000000e+00
 0.000000000000000000e+00
 0.000000000000000000e+00
 0.000000000000000000e+00
 0.000000000000000000e+00
 0.000000000000000000e+00
 0.000000000000000000e+00
 0.000000000000000000e+00
 0.000000000000000000e+00
 0.000000000000000000e+00
 0.000000000000000000e+00
 0.000000000000000000e+00
 0.000000000000000000e+00
 0.000000000000000000e+00
 0.000000000000000000e+00
 0.000000000000000000e+00
 0.000000000000000000e+00
 0.000000000000000000e+00
 0.000000000000000000e+00
 0.000000000000000000e+00
 0.000000000000000000e+00
 0.000000000000000000e+00
 0.000000000000000000e+00
 0.000000000000000000e+00
 0.000000000000000000e+00
 0.000000000000000000e+00
 0.000000000000000000e+00
 0.000000000000000000e+00
 0.000000000000000000e+00
 0.000000000000000000e+00
 0.000000000000000000e+00
 0.000000000000000000e+00
 0.000000000000000000e+00
 0.000000000000000000e+00
 0.000000000000000000e+00
 0.000000000000000000e+00
 0.000000000000000000e+00
 0.000000000000000000e+00
 0.000000000000000000e+00
 0.000000000000000000e+00
 0.000000000000000000e+00
 0.000000000000000000e+00
 0.000000000000000000e+00
 0.000000000000000000e+00
 0.000000000000000000e+00
 0.000000000000000000e+00
 0.000000000000000000e+00
 0.000000000000000000e+00
 0.000000000000000000e+00
 0.000000000000000000e+00
 0.000000000000000000e+00
 0.000000000000000000e+00
 0.000000000000000000e+00
 0.000000000000000000e+00
 0.000000000000000000e+00
 0.000000000000000000e+00
 0.000000000000000000e+00
 0.000000000000000000e+00
 0.000000000000000000e+00
 0.000000000000000000e+00
 0.000000000000000000e+00
 0.000000000000000000e+00
 0.000000000000000000e+00
 0.000000000000000000e+00
 0.000000000000000000e+00
 0.000000000000000000e+00
 0.000000000000000000e+00
 0.000000000000000000e+00
 0.000000000000000000e+00
 0.000000000000000000e+00
 0.000000000000000000e+00
 0.000000000000000000e+00
 0.000000000000000000e+00
 0.000000000000000000e+00
 0.000000000000000000e+00
 0.000000000000000000e+00
 0.000000000000000000e+00
 0.000000000000000000e+00
 0.000000000000000000e+00
 0.000000000000000000e+00
 0.000000000000000000e+00
 0.000000000000000000e+00
 0.000000000000000000e+00
 0.000000000000000000e+00
 0.000000000000000000e+00
 0.000000000000000000e+00
 0.000000000000000000e+00
 0.000000000000000000e+00
 0.000000000000000000e+00
 0.000000000000000000e+00
 0.000000000000000000e+00
 0.000000000000000000e+00
 0.000000000000000000e+00
 0.000000000000000000e+00
 0.000000000000000000e+00
 0.000000000000000000e+00
 0.000000000000000000e+00
 0.000000000000000000e+00
 0.000000000000000000e+00
 0.000000000000000000e+00
 0.000000000000000000e+00
 0.000000000000000000e+00
 0.000000000000000000e+00
 0.000000000000000000e+00
 0.000000000000000000e+00
 0.000000000000000000e+00
 0.000000000000000000e+00
 0.000000000000000000e+00
 0.000000000000000000e+00
 0.000000000000000000e+00
 0.000000000000000000e+00
 0.000000000000000000e+00
 0.000000000000000000e+00
 0.000000000000000000e+00
 0.000000000000000000e+00
 0.000000000000000000e+00
 0.000000000000000000e+00
 0.000000000000000000e+00
 0.000000000000000000e+00
 0.000000000000000000e+00
 0.000000000000000000e+00
 0.000000000000000000e+00
 0.000000000000000000e+00
 0.000000000000000000e+00
 0.000000000000000000e+00
 0.000000000000000000e+00
 0.000000000000000000e+00
 0.000000000000000000e+00
 0.000000000000000000e+00
 0.000000000000000000e+00
 0.000000000000000000e+00
 0.000000000000000000e+00
 0.000000000000000000e+00
 0.000000000000000000e+00
 0.000000000000000000e+00
 0.000000000000000000e+00
 0.000000000000000000e+00
 0.000000000000000000e+00
 0.000000000000000000e+00
 0.000000000000000000e+00
 0.000000000000000000e+00
 0.000000000000000000e+00
 0.000000000000000000e+00
 0.000000000000000000e+00
 0.000000000000000000e+00
 0.000000000000000000e+00
 0.000000000000000000e+00
 0.000000000000000000e+00
 0.000000000000000000e+00
 0.000000000000000000e+00
 0.000000000000000000e+00
 0.000000000000000000e+00
 0.000000000000000000e+00
 0.000000000000000000e+00
 0.000000000000000000e+00
 0.000000000000000000e+00
 0.000000000000000000e+00
 0.000000000000000000e+00
 0.000000000000000000e+00
 0.000000000000000000e+00
 0.000000000000000000e+00
 0.000000000000000000e+00
 0.000000000000000000e+00
 0.000000000000000000e+00
 0.000000000000000000e+00
 0.000000000000000000e+00
 0.000000000000000000e+00
 0.000000000000000000e+00
 0.000000000000000000e+00
 0.000000000000000000e+00
 0.000000000000000000e+00
 0.000000000000000000e+00
 0.000000000000000000e+00
 0.000000000000000000e+00
 0.000000000000000000e+00
 0.000000000000000000e+00
 0.000000000000000000e+00
 0.000000000000000000e+00
 0.000000000000000000e+00
 0.000000000000000000e+00
 0.000000000000000000e+00
 0.000000000000000000e+00
 0.000000000000000000e+00
 0.000000000000000000e+00
 0.000000000000000000e+00
 0.000000000000000000e+00
 0.000000000000000000e+00
 0.000000000000000000e+00
 0.000000000000000000e+00
 0.000000000000000000e+00
 0.000000000000000000e+00
 0.000000000000000000e+00
 0.000000000000000000e+00
 0.000000000000000000e+00
 0.000000000000000000e+00
 0.000000000000000000e+00
 0.000000000000000000e+00
 0.000000000000000000e+00
 0.000000000000000000e+00
 0.000000000000000000e+00
 0.000000000000000000e+00
 0.000000000000000000e+00
 0.000000000000000000e+00
 0.000000000000000000e+00
 0.000000000000000000e+00
 0.000000000000000000e+00
 0.000000000000000000e+00
 0.000000000000000000e+00
 0.000000000000000000e+00
 0.000000000000000000e+00
 0.000000000000000000e+00
 0.000000000000000000e+00
 0.000000000000000000e+00
 0.000000000000000000e+00
 0.000000000000000000e+00
 0.000000000000000000e+00
 0.000000000000000000e+00
 0.000000000000000000e+00
 0.000000000000000000e+00
 0.000000000000000000e+00
 0.000000000000000000e+00
 0.000000000000000000e+00
 0.000000000000000000e+00
 0.000000000000000000e+00
 0.000000000000000000e+00
 0.000000000000000000e+00
 0.000000000000000000e+00
 0.000000000000000000e+00
 0.000000000000000000e+00
 0.000000000000000000e+00
 0.000000000000000000e+00
 0.000000000000000000e+00
 0.000000000000000000e+00
 0.000000000000000000e+00
 0.000000000000000000e+00
 0.000000000000000000e+00
 0.000000000000000000e+00
 0.000000000000000000e+00
 0.000000000000000000e+00
 0.000000000000000000e+00
 0.000000000000000000e+00
 0.000000000000000000e+00
 0.000000000000000000e+00
 0.000000000000000000e+00
 0.000000000000000000e+00
 0.000000000000000000e+00
 0.000000000000000000e+00
 0.000000000000000000e+00
 0.000000000000000000e+00
 0.000000000000000000e+00
 0.000000000000000000e+00
 0.000000000000000000e+00
 0.000000000000000000e+00
 0.000000000000000000e+00
 0.000000000000000000e+00
 0.000000000000000000e+00
 0.000000000000000000e+00
 0.000000000000000000e+00
 0.000000000000000000e+00
 0.000000000000000000e+00
 0.000000000000000000e+00
 0.000000000000000000e+00
 0.000000000000000000e+00
 0.000000000000000000e+00
 0.000000000000000000e+00
 0.000000000000000000e+00
 0.000000000000000000e+00
 0.000000000000000000e+00
 0.000000000000000000e+00
 0.000000000000000000e+00
 0.000000000000000000e+00
 0.000000000000000000e+00
 0.000000000000000000e+00
 0.000000000000000000e+00
 0.000000000000000000e+00
 0.000000000000000000e+00
 0.000000000000000000e+00
 0.000000000000000000e+00
 0.000000000000000000e+00
 0.000000000000000000e+00
 0.000000000000000000e+00
 0.000000000000000000e+00
 0.000000000000000000e+00
 0.000000000000000000e+00
 0.000000000000000000e+00
 0.000000000000000000e+00
 0.000000000000000000e+00
 0.000000000000000000e+00
 0.000000000000000000e+00
 0.000000000000000000e+00
 0.000000000000000000e+00
 0.000000000000000000e+00
 0.000000000000000000e+00
 0.000000000000000000e+00
 0.000000000000000000e+00
 0.000000000000000000e+00
 0.000000000000000000e+00
 0.000000000000000000e+00
 0.000000000000000000e+00
 0.000000000000000000e+00
 0.000000000000000000e+00
 0.000000000000000000e+00
 0.000000000000000000e+00
 0.000000000000000000e+00
 0.000000000000000000e+00
 0.000000000000000000e+00
 0.000000000000000000e+00
 0.000000000000000000e+00
 0.000000000000000000e+00
 0.000000000000000000e+00
 0.000000000000000000e+00
 0.000000000000000000e+00
 0.000000000000000000e+00
 0.000000000000000000e+00
 0.000000000000000000e+00
 0.000000000000000000e+00
 0.000000000000000000e+00
 0.000000000000000000e+00
 0.000000000000000000e+00
 0.000000000000000000e+00
 0.000000000000000000e+00
 0.000000000000000000e+00
 0.000000000000000000e+00
 0.000000000000000000e+00
 0.000000000000000000e+00
 0.000000000000000000e+00
 0.000000000000000000e+00
 0.000000000000000000e+00
 0.000000000000000000e+00
 0.000000000000000000e+00
 0.000000000000000000e+00
 0.000000000000000000e+00
 0.000000000000000000e+00
 0.000000000000000000e+00
 0.000000000000000000e+00
 0.000000000000000000e+00
 0.000000000000000000e+00
 0.000000000000000000e+00
 0.000000000000000000e+00
 0.000000000000000000e+00
 0.000000000000000000e+00
 0.000000000000000000e+00
 0.000000000000000000e+00
 0.000000000000000000e+00
 0.000000000000000000e+00
 0.000000000000000000e+00
 0.000000000000000000e+00
 0.000000000000000000e+00
 0.000000000000000000e+00
 0.000000000000000000e+00
 0.000000000000000000e+00
 0.000000000000000000e+00
 0.000000000000000000e+00
 0.000000000000000000e+00
 0.000000000000000000e+00
 0.000000000000000000e+00
 0.000000000000000000e+00
 0.000000000000000000e+00
 0.000000000000000000e+00
 0.000000000000000000e+00
 0.000000000000000000e+00
 0.000000000000000000e+00
 0.000000000000000000e+00
 0.000000000000000000e+00
 0.000000000000000000e+00
 0.000000000000000000e+00
 0.000000000000000000e+00
 0.000000000000000000e+00
 0.000000000000000000e+00
 0.000000000000000000e+00
 0.000000000000000000e+00
 0.000000000000000000e+00
 0.000000000000000000e+00
 0.000000000000000000e+00
 0.000000000000000000e+00
 0.000000000000000000e+00
 0.000000000000000000e+00
 0.000000000000000000e+00
 0.000000000000000000e+00
 0.000000000000000000e+00
 0.000000000000000000e+00
 0.000000000000000000e+00
 0.000000000000000000e+00
 0.000000000000000000e+00
 0.000000000000000000e+00
 0.000000000000000000e+00
 0.000000000000000000e+00
 0.000000000000000000e+00
 0.000000000000000000e+00
 0.000000000000000000e+00
 0.000000000000000000e+00
 0.000000000000000000e+00
 0.000000000000000000e+00
 0.000000000000000000e+00
 0.000000000000000000e+00
 0.000000000000000000e+00
 0.000000000000000000e+00
 0.000000000000000000e+00
 0.000000000000000000e+00
 0.000000000000000000e+00
 0.000000000000000000e+00
 0.000000000000000000e+00
 0.000000000000000000e+00
 0.000000000000000000e+00
 0.000000000000000000e+00
 0.000000000000000000e+00
 0.000000000000000000e+00
 0.000000000000000000e+00
 0.000000000000000000e+00
 0.000000000000000000e+00
 0.000000000000000000e+00
 0.000000000000000000e+00
 0.000000000000000000e+00
 0.000000000000000000e+00
 0.000000000000000000e+00
 0.000000000000000000e+00
 0.000000000000000000e+00
 0.000000000000000000e+00
 0.000000000000000000e+00
 0.000000000000000000e+00
 0.000000000000000000e+00
 0.000000000000000000e+00
 0.000000000000000000e+00
 0.000000000000000000e+00
 0.000000000000000000e+00
 0.000000000000000000e+00
 0.000000000000000000e+00
 0.000000000000000000e+00
 0.000000000000000000e+00
 0.000000000000000000e+00
 0.000000000000000000e+00
 0.000000000000000000e+00
 0.000000000000000000e+00
 0.000000000000000000e+00
 0.000000000000000000e+00
 0.000000000000000000e+00
 0.000000000000000000e+00
 0.000000000000000000e+00
 0.000000000000000000e+00
 0.000000000000000000e+00
 0.000000000000000000e+00
 0.000000000000000000e+00
 0.000000000000000000e+00
 0.000000000000000000e+00
 0.000000000000000000e+00
 0.000000000000000000e+00
 0.000000000000000000e+00
 0.000000000000000000e+00
 0.000000000000000000e+00
 0.000000000000000000e+00
 0.000000000000000000e+00
 0.000000000000000000e+00
 0.000000000000000000e+00
 0.000000000000000000e+00
 0.000000000000000000e+00
 0.000000000000000000e+00
 0.000000000000000000e+00
 0.000000000000000000e+00
 0.000000000000000000e+00
 0.000000000000000000e+00
 0.000000000000000000e+00
 0.000000000000000000e+00
 0.000000000000000000e+00
 0.000000000000000000e+00
 0.000000000000000000e+00
 0.000000000000000000e+00
 0.000000000000000000e+00
 0.000000000000000000e+00
 0.000000000000000000e+00
 0.000000000000000000e+00
 0.000000000000000000e+00
 0.000000000000000000e+00
 0.000000000000000000e+00
 0.000000000000000000e+00
 0.000000000000000000e+00
 0.000000000000000000e+00
 0.000000000000000000e+00
 0.000000000000000000e+00
 0.000000000000000000e+00
 0.000000000000000000e+00
 0.000000000000000000e+00
 0.000000000000000000e+00
 0.000000000000000000e+00
 0.000000000000000000e+00
 0.000000000000000000e+00
 0.000000000000000000e+00
 0.000000000000000000e+00
 0.000000000000000000e+00
 0.000000000000000000e+00
 0.000000000000000000e+00
 0.000000000000000000e+00
 0.000000000000000000e+00
 0.000000000000000000e+00
 0.000000000000000000e+00
 0.000000000000000000e+00
 0.000000000000000000e+00
 0.000000000000000000e+00
 0.000000000000000000e+00
 0.000000000000000000e+00
 0.000000000000000000e+00
 0.000000000000000000e+00
 0.000000000000000000e+00
 0.000000000000000000e+00
 0.000000000000000000e+00
 0.000000000000000000e+00
 0.000000000000000000e+00
 0.000000000000000000e+00
 0.000000000000000000e+00
 0.000000000000000000e+00
 0.000000000000000000e+00
 0.000000000000000000e+00
 0.000000000000000000e+00
 0.000000000000000000e+00
 0.000000000000000000e+00
 0.000000000000000000e+00
 0.000000000000000000e+00
 0.000000000000000000e+00
 0.000000000000000000e+00
 0.000000000000000000e+00
 0.000000000000000000e+00
 0.000000000000000000e+00
 0.000000000000000000e+00
 0.000000000000000000e+00
 0.000000000000000000e+00
 0.000000000000000000e+00
 0.000000000000000000e+00
 0.000000000000000000e+00
 0.000000000000000000e+00
 0.000000000000000000e+00
 0.000000000000000000e+00
 0.000000000000000000e+00
 0.000000000000000000e+00
 0.000000000000000000e+00
 0.000000000000000000e+00
 0.000000000000000000e+00
 0.000000000000000000e+00
 0.000000000000000000e+00
 0.000000000000000000e+00
 0.000000000000000000e+00
 0.000000000000000000e+00
 0.000000000000000000e+00
 0.000000000000000000e+00
 0.000000000000000000e+00
 0.000000000000000000e+00
 0.000000000000000000e+00
 0.000000000000000000e+00
 0.000000000000000000e+00
 0.000000000000000000e+00
 0.000000000000000000e+00
 0.000000000000000000e+00
 0.000000000000000000e+00
 0.000000000000000000e+00
 0.000000000000000000e+00
 0.000000000000000000e+00
 0.000000000000000000e+00
 0.000000000000000000e+00
 0.000000000000000000e+00
 0.000000000000000000e+00
 0.000000000000000000e+00
 0.000000000000000000e+00
 0.000000000000000000e+00
 0.000000000000000000e+00
 0.000000000000000000e+00
 0.000000000000000000e+00
 0.000000000000000000e+00
 0.000000000000000000e+00
 0.000000000000000000e+00
 0.000000000000000000e+00
 0.000000000000000000e+00
 0.000000000000000000e+00
 0.000000000000000000e+00
 0.000000000000000000e+00
 0.000000000000000000e+00
 0.000000000000000000e+00
 0.000000000000000000e+00
 0.000000000000000000e+00
 0.000000000000000000e+00
 0.000000000000000000e+00
 0.000000000000000000e+00
 0.000000000000000000e+00
 0.000000000000000000e+00
 0.000000000000000000e+00
 0.000000000000000000e+00
 0.000000000000000000e+00
 0.000000000000000000e+00
 0.000000000000000000e+00
 0.000000000000000000e+00
 0.000000000000000000e+00
 0.000000000000000000e+00
 0.000000000000000000e+00
 0.000000000000000000e+00
 0.000000000000000000e+00
 0.000000000000000000e+00
 0.000000000000000000e+00
 0.000000000000000000e+00
 0.000000000000000000e+00
 0.000000000000000000e+00
 0.000000000000000000e+00
 0.000000000000000000e+00
 0.000000000000000000e+00
 0.000000000000000000e+00
 0.000000000000000000e+00
 0.000000000000000000e+00
 0.000000000000000000e+00
 0.000000000000000000e+00
 0.000000000000000000e+00
 0.000000000000000000e+00
 0.000000000000000000e+00
 0.000000000000000000e+00
 0.000000000000000000e+00
 0.000000000000000000e+00
 0.000000000000000000e+00
 0.000000000000000000e+00
 0.000000000000000000e+00
 0.000000000000000000e+00
 0.000000000000000000e+00
 0.000000000000000000e+00
 0.000000000000000000e+00
 0.000000000000000000e+00
 0.000000000000000000e+00
 0.000000000000000000e+00
 0.000000000000000000e+00
 0.000000000000000000e+00
 0.000000000000000000e+00
 0.000000000000000000e+00
 0.000000000000000000e+00
 0.000000000000000000e+00
 0.000000000000000000e+00
 0.000000000000000000e+00
 0.000000000000000000e+00
 0.000000000000000000e+00
 0.000000000000000000e+00
 0.000000000000000000e+00
 0.000000000000000000e+00
 0.000000000000000000e+00
 0.000000000000000000e+00
 0.000000000000000000e+00
 0.000000000000000000e+00
 0.000000000000000000e+00
 0.000000000000000000e+00
 0.000000000000000000e+00
 0.000000000000000000e+00
 0.000000000000000000e+00
 0.000000000000000000e+00
 0.000000000000000000e+00
 0.000000000000000000e+00
 0.000000000000000000e+00
 0.000000000000000000e+00
 0.000000000000000000e+00
 0.000000000000000000e+00
 0.000000000000000000e+00
 0.000000000000000000e+00
 0.000000000000000000e+00
 0.000000000000000000e+00
 0.000000000000000000e+00
 0.000000000000000000e+00
 0.000000000000000000e+00
 0.000000000000000000e+00
 0.000000000000000000e+00
 0.000000000000000000e+00
 0.000000000000000000e+00
 0.000000000000000000e+00
 0.000000000000000000e+00
 0.000000000000000000e+00
 0.000000000000000000e+00
 0.000000000000000000e+00
 0.000000000000000000e+00
 0.000000000000000000e+00
 0.000000000000000000e+00
 0.000000000000000000e+00
 0.000000000000000000e+00
 0.000000000000000000e+00
 0.000000000000000000e+00
 0.000000000000000000e+00
 0.000000000000000000e+00
 0.000000000000000000e+00
 0.000000000000000000e+00
 0.000000000000000000e+00
 0.000000000000000000e+00
 0.000000000000000000e+00
 0.000000000000000000e+00
 0.000000000000000000e+00
 0.000000000000000000e+00
 0.000000000000000000e+00
 0.000000000000000000e+00
 0.000000000000000000e+00
 0.000000000000000000e+00
 0.000000000000000000e+00
 0.000000000000000000e+00
 0.000000000000000000e+00
 0.000000000000000000e+00
 0.000000000000000000e+00
 0.000000000000000000e+00
 0.000000000000000000e+00
 0.000000000000000000e+00
 0.000000000000000000e+00
 0.000000000000000000e+00
 0.000000000000000000e+00
 0.000000000000000000e+00
 0.000000000000000000e+00
 0.000000000000000000e+00
 0.000000000000000000e+00
 0.000000000000000000e+00
 0.000000000000000000e+00
 0.000000000000000000e+00
 0.000000000000000000e+00
 0.000000000000000000e+00
 0.000000000000000000e+00
 0.000000000000000000e+00
 0.000000000000000000e+00
 0.000000000000000000e+00
 0.000000000000000000e+00
 0.000000000000000000e+00
 0.000000000000000000e+00
 0.000000000000000000e+00
 0.000000000000000000e+00
 0.000000000000000000e+00
 0.000000000000000000e+00
 0.000000000000000000e+00
 0.000000000000000000e+00
 0.000000000000000000e+00
 0.000000000000000000e+00
 0.000000000000000000e+00
 0.000000000000000000e+00
 0.000000000000000000e+00
 0.000000000000000000e+00
 0.000000000000000000e+00
 0.000000000000000000e+00
 0.000000000000000000e+00
 0.000000000000000000e+00
 0.000000000000000000e+00
 0.000000000000000000e+00
 0.000000000000000000e+00
 0.000000000000000000e+00
 0.000000000000000000e+00
 0.000000000000000000e+00
 0.000000000000000000e+00
 0.000000000000000000e+00
 0.000000000000000000e+00
 0.000000000000000000e+00
 0.000000000000000000e+00
 0.000000000000000000e+00
 0.000000000000000000e+00
 0.000000000000000000e+00
 0.000000000000000000e+00
 0.000000000000000000e+00
 0.000000000000000000e+00
 0.000000000000000000e+00
 0.000000000000000000e+00
 0.000000000000000000e+00
 0.000000000000000000e+00
 0.000000000000000000e+00
 0.000000000000000000e+00
 0.000000000000000000e+00
 0.000000000000000000e+00
 0.000000000000000000e+00
 0.000000000000000000e+00
 0.000000000000000000e+00
 0.000000000000000000e+00
 0.000000000000000000e+00
 0.000000000000000000e+00
 0.000000000000000000e+00
 0.000000000000000000e+00
 0.000000000000000000e+00
 0.000000000000000000e+00
 0.000000000000000000e+00
 0.000000000000000000e+00
 0.000000000000000000e+00
 0.000000000000000000e+00
 0.000000000000000000e+00
 0.000000000000000000e+00
 0.000000000000000000e+00
 0.000000000000000000e+00
 0.000000000000000000e+00
 0.000000000000000000e+00
 0.000000000000000000e+00
 0.000000000000000000e+00
 0.000000000000000000e+00
 0.000000000000000000e+00
 0.000000000000000000e+00
 0.000000000000000000e+00
 0.000000000000000000e+00
 0.000000000000000000e+00
 0.000000000000000000e+00
 0.000000000000000000e+00
 0.000000000000000000e+00
 0.000000000000000000e+00
 0.000000000000000000e+00
 0.000000000000000000e+00
 0.000000000000000000e+00
 0.000000000000000000e+00
 0.000000000000000000e+00
 0.000000000000000000e+00
 0.000000000000000000e+00
 0.000000000000000000e+00
 0.000000000000000000e+00
 0.000000000000000000e+00
 0.000000000000000000e+00
 0.000000000000000000e+00
 0.000000000000000000e+00
 0.000000000000000000e+00
 0.000000000000000000e+00
 0.000000000000000000e+00
 0.000000000000000000e+00
 0.000000000000000000e+00
 0.000000000000000000e+00
 0.000000000000000000e+00
 0.000000000000000000e+00
 0.000000000000000000e+00
 0.000000000000000000e+00
 0.000000000000000000e+00
 0.000000000000000000e+00
 0.000000000000000000e+00
 0.000000000000000000e+00
 0.000000000000000000e+00
 0.000000000000000000e+00
 0.000000000000000000e+00
 0.000000000000000000e+00
 0.000000000000000000e+00
 0.000000000000000000e+00
 0.000000000000000000e+00
 0.000000000000000000e+00
 0.000000000000000000e+00
 0.000000000000000000e+00
 0.000000000000000000e+00
 0.000000000000000000e+00
 0.000000000000000000e+00
 0.000000000000000000e+00
 0.000000000000000000e+00
 0.000000000000000000e+00
 0.000000000000000000e+00
 0.000000000000000000e+00
 0.000000000000000000e+00
 0.000000000000000000e+00
 0.000000000000000000e+00
 0.000000000000000000e+00
 0.000000000000000000e+00
 0.000000000000000000e+00
 0.000000000000000000e+00
 0.000000000000000000e+00
 0.000000000000000000e+00
 0.000000000000000000e+00
 0.000000000000000000e+00
 0.000000000000000000e+00
 0.000000000000000000e+00
 0.000000000000000000e+00
 0.000000000000000000e+00
 0.000000000000000000e+00
 0.000000000000000000e+00
 0.000000000000000000e+00
 0.000000000000000000e+00
 0.000000000000000000e+00
 0.000000000000000000e+00
 0.000000000000000000e+00
 0.000000000000000000e+00
 0.000000000000000000e+00
 0.000000000000000000e+00
 0.000000000000000000e+00
 0.000000000000000000e+00
 0.000000000000000000e+00
 0.000000000000000000e+00
 0.000000000000000000e+00
 0.000000000000000000e+00
 0.000000000000000000e+00
 0.000000000000000000e+00
 0.000000000000000000e+00
 0.000000000000000000e+00
 0.000000000000000000e+00
 0.000000000000000000e+00
 0.000000000000000000e+00
 0.000000000000000000e+00
 0.000000000000000000e+00
 0.000000000000000000e+00
 0.000000000000000000e+00
 0.000000000000000000e+00
 0.000000000000000000e+00
 0.000000000000000000e+00
 0.000000000000000000e+00
 0.000000000000000000e+00
 0.000000000000000000e+00
 0.000000000000000000e+00
 0.000000000000000000e+00
 0.000000000000000000e+00
 0.000000000000000000e+00
 0.000000000000000000e+00
 0.000000000000000000e+00
 0.000000000000000000e+00
 0.000000000000000000e+00
 0.000000000000000000e+00
 0.000000000000000000e+00
 0.000000000000000000e+00
 0.000000000000000000e+00
 0.000000000000000000e+00
 0.000000000000000000e+00
 0.000000000000000000e+00
 0.000000000000000000e+00
 0.000000000000000000e+00
 0.000000000000000000e+00
 0.000000000000000000e+00
 0.000000000000000000e+00
 0.000000000000000000e+00
 0.000000000000000000e+00
 0.000000000000000000e+00
 0.000000000000000000e+00
 0.000000000000000000e+00
 0.000000000000000000e+00
 0.000000000000000000e+00
 0.000000000000000000e+00
 0.000000000000000000e+00
 0.000000000000000000e+00
 0.000000000000000000e+00
 0.000000000000000000e+00
 0.000000000000000000e+00
 0.000000000000000000e+00
 0.000000000000000000e+00
 0.000000000000000000e+00
 0.000000000000000000e+00
 0.000000000000000000e+00
 0.000000000000000000e+00
 0.000000000000000000e+00
 0.000000000000000000e+00
 0.000000000000000000e+00
 0.000000000000000000e+00
 0.000000000000000000e+00
 0.000000000000000000e+00
 0.000000000000000000e+00
 0.000000000000000000e+00
 0.000000000000000000e+00
 0.000000000000000000e+00
 0.000000000000000000e+00
 0.000000000000000000e+00
 0.000000000000000000e+00
 0.000000000000000000e+00
 0.000000000000000000e+00
 0.000000000000000000e+00
 0.000000000000000000e+00
 0.000000000000000000e+00
 0.000000000000000000e+00
 0.000000000000000000e+00
 0.000000000000000000e+00
 0.000000000000000000e+00
 0.000000000000000000e+00
 0.000000000000000000e+00
 0.000000000000000000e+00
 0.000000000000000000e+00
 0.000000000000000000e+00
 0.000000000000000000e+00
 0.000000000000000000e+00
 0.000000000000000000e+00
 0.000000000000000000e+00
 0.000000000000000000e+00
 0.000000000000000000e+00
 0.000000000000000000e+00
 0.000000000000000000e+00
 0.000000000000000000e+00
 0.000000000000000000e+00
 0.000000000000000000e+00
 0.000000000000000000e+00
 0.000000000000000000e+00
 0.000000000000000000e+00
 0.000000000000000000e+00
 0.000000000000000000e+00
 0.000000000000000000e+00
 0.000000000000000000e+00
 0.000000000000000000e+00
 0.000000000000000000e+00
 0.000000000000000000e+00
 0.000000000000000000e+00
 0.000000000000000000e+00
 0.000000000000000000e+00
 0.000000000000000000e+00
 0.000000000000000000e+00
 0.000000000000000000e+00
 0.000000000000000000e+00
 0.000000000000000000e+00
 0.000000000000000000e+00
 0.000000000000000000e+00
 0.000000000000000000e+00
 0.000000000000000000e+00
 0.000000000000000000e+00
 0.000000000000000000e+00
 0.000000000000000000e+00
 0.000000000000000000e+00
 0.000000000000000000e+00
 0.000000000000000000e+00
 0.000000000000000000e+00
 0.000000000000000000e+00
 0.000000000000000000e+00
 0.000000000000000000e+00
 0.000000000000000000e+00
 0.000000000000000000e+00
 0.000000000000000000e+00
 0.000000000000000000e+00
 0.000000000000000000e+00
 0.000000000000000000e+00
 0.000000000000000000e+00
 0.000000000000000000e+00
 0.000000000000000000e+00
 0.000000000000000000e+00
 0.000000000000000000e+00
 0.000000000000000000e+00
 0.000000000000000000e+00
 0.000000000000000000e+00
 0.000000000000000000e+00
 0.000000000000000000e+00
 0.000000000000000000e+00
 0.000000000000000000e+00
 0.000000000000000000e+00
 0.000000000000000000e+00
 0.000000000000000000e+00
 0.000000000000000000e+00
 0.000000000000000000e+00
 0.000000000000000000e+00
 0.000000000000000000e+00
 0.000000000000000000e+00
 0.000000000000000000e+00
 0.000000000000000000e+00
 0.000000000000000000e+00
 0.000000000000000000e+00
 0.000000000000000000e+00
 0.000000000000000000e+00
 0.000000000000000000e+00
 0.000000000000000000e+00
 0.000000000000000000e+00
 0.000000000000000000e+00
 0.000000000000000000e+00
 0.000000000000000000e+00
 0.000000000000000000e+00
 0.000000000000000000e+00
 0.000000000000000000e+00
 0.000000000000000000e+00
 0.000000000000000000e+00
 0.000000000000000000e+00
 0.000000000000000000e+00
 0.000000000000000000e+00
 0.000000000000000000e+00
 0.000000000000000000e+00
 0.000000000000000000e+00
 0.000000000000000000e+00
 0.000000000000000000e+00
 0.000000000000000000e+00
 0.000000000000000000e+00
 0.000000000000000000e+00
 0.000000000000000000e+00
 0.000000000000000000e+00
 0.000000000000000000e+00
 0.000000000000000000e+00
 0.000000000000000000e+00
 0.000000000000000000e+00
 0.000000000000000000e+00
 0.000000000000000000e+00
 0.000000000000000000e+00
 0.000000000000000000e+00
 0.000000000000000000e+00
 0.000000000000000000e+00
 0.000000000000000000e+00
 0.000000000000000000e+00
 0.000000000000000000e+00
 0.000000000000000000e+00
 0.000000000000000000e+00
 0.000000000000000000e+00
 0.000000000000000000e+00
 0.000000000000000000e+00
 0.000000000000000000e+00
 0.000000000000000000e+00
 0.000000000000000000e+00
 0.000000000000000000e+00
 0.000000000000000000e+00
 0.000000000000000000e+00
 0.000000000000000000e+00
 0.000000000000000000e+00
 0.000000000000000000e+00
 0.000000000000000000e+00
 0.000000000000000000e+00
 0.000000000000000000e+00
 0.000000000000000000e+00
 0.000000000000000000e+00
 0.000000000000000000e+00
 0.000000000000000000e+00
 0.000000000000000000e+00
 0.000000000000000000e+00
 0.000000000000000000e+00
 0.000000000000000000e+00
 0.000000000000000000e+00
 0.000000000000000000e+00
 0.000000000000000000e+00
 0.000000000000000000e+00
 0.000000000000000000e+00
 0.000000000000000000e+00
 0.000000000000000000e+00
 0.000000000000000000e+00
 0.000000000000000000e+00
 0.000000000000000000e+00
 0.000000000000000000e+00
 0.000000000000000000e+00
 0.000000000000000000e+00
 0.000000000000000000e+00
 0.000000000000000000e+00
 0.000000000000000000e+00
 0.000000000000000000e+00
 0.000000000000000000e+00
 0.000000000000000000e+00
 0.000000000000000000e+00
 0.000000000000000000e+00
 0.000000000000000000e+00
 0.000000000000000000e+00
 0.000000000000000000e+00
 0.000000000000000000e+00
 0.000000000000000000e+00
 0.000000000000000000e+00
 0.000000000000000000e+00
 0.000000000000000000e+00
 0.000000000000000000e+00
 0.000000000000000000e+00
 0.000000000000000000e+00
 0.000000000000000000e+00
 0.000000000000000000e+00
 0.000000000000000000e+00
 0.000000000000000000e+00
 0.000000000000000000e+00
 0.000000000000000000e+00
 0.000000000000000000e+00
 0.000000000000000000e+00
 0.000000000000000000e+00
 0.000000000000000000e+00
 0.000000000000000000e+00
 0.000000000000000000e+00
 0.000000000000000000e+00
 0.000000000000000000e+00
 0.000000000000000000e+00
 0.000000000000000000e+00
 0.000000000000000000e+00
 0.000000000000000000e+00
 0.000000000000000000e+00
 0.000000000000000000e+00
 0.000000000000000000e+00
 0.000000000000000000e+00
 0.000000000000000000e+00
 0.000000000000000000e+00
 0.000000000000000000e+00
 0.000000000000000000e+00
 0.000000000000000000e+00
 0.000000000000000000e+00
 0.000000000000000000e+00
 0.000000000000000000e+00
 0.000000000000000000e+00
 0.000000000000000000e+00
 0.000000000000000000e+00
 0.000000000000000000e+00
 0.000000000000000000e+00
 0.000000000000000000e+00
 0.000000000000000000e+00
 0.000000000000000000e+00
 0.000000000000000000e+00
 0.000000000000000000e+00
 0.000000000000000000e+00
 0.000000000000000000e+00
 0.000000000000000000e+00
 0.000000000000000000e+00
 0.000000000000000000e+00
 0.000000000000000000e+00
 0.000000000000000000e+00
 0.000000000000000000e+00
 0.000000000000000000e+00
 0.000000000000000000e+00
 0.000000000000000000e+00
 0.000000000000000000e+00
 0.000000000000000000e+00
 0.000000000000000000e+00
 0.000000000000000000e+00
 0.000000000000000000e+00
 0.000000000000000000e+00
 0.000000000000000000e+00
 0.000000000000000000e+00
 0.000000000000000000e+00
 0.000000000000000000e+00
 0.000000000000000000e+00
 0.000000000000000000e+00
 0.000000000000000000e+00
 0.000000000000000000e+00
 0.000000000000000000e+00
 0.000000000000000000e+00
 0.000000000000000000e+00
 0.000000000000000000e+00
 0.000000000000000000e+00
 0.000000000000000000e+00
 0.000000000000000000e+00
 0.000000000000000000e+00
 0.000000000000000000e+00
 0.000000000000000000e+00
 0.000000000000000000e+00
 0.000000000000000000e+00
 0.000000000000000000e+00
 0.000000000000000000e+00
 0.000000000000000000e+00
 0.000000000000000000e+00
 0.000000000000000000e+00
 0.000000000000000000e+00
 0.000000000000000000e+00
 0.000000000000000000e+00
 0.000000000000000000e+00
 0.000000000000000000e+00
 0.000000000000000000e+00
 0.000000000000000000e+00
 0.000000000000000000e+00
 0.000000000000000000e+00
 0.000000000000000000e+00
 0.000000000000000000e+00
 0.000000000000000000e+00
 0.000000000000000000e+00
 0.000000000000000000e+00
 0.000000000000000000e+00
 0.000000000000000000e+00
 0.000000000000000000e+00
 0.000000000000000000e+00
 0.000000000000000000e+00
 0.000000000000000000e+00
 0.000000000000000000e+00
 0.000000000000000000e+00
 0.000000000000000000e+00
 0.000000000000000000e+00
 0.000000000000000000e+00
 0.000000000000000000e+00
 0.000000000000000000e+00
 0.000000000000000000e+00
 0.000000000000000000e+00
 0.000000000000000000e+00
 0.000000000000000000e+00
 0.000000000000000000e+00
 0.000000000000000000e+00
 0.000000000000000000e+00
 0.000000000000000000e+00
 0.000000000000000000e+00
 0.000000000000000000e+00
 0.000000000000000000e+00
 0.000000000000000000e+00
 0.000000000000000000e+00
 0.000000000000000000e+00
 0.000000000000000000e+00
 0.000000000000000000e+00
 0.000000000000000000e+00
 0.000000000000000000e+00
 0.000000000000000000e+00
 0.000000000000000000e+00
 0.000000000000000000e+00
 0.000000000000000000e+00
 0.000000000000000000e+00
 0.000000000000000000e+00
 0.000000000000000000e+00
 0.000000000000000000e+00
 0.000000000000000000e+00
 0.000000000000000000e+00
 0.000000000000000000e+00
 0.000000000000000000e+00
 </DataArray>
 <DataArray Name="massf-air" type="Float32" NumberOfComponents="1" format="ascii">
 1.000000000000000000e+00
 1.000000000000000000e+00
 1.000000000000000000e+00
 1.000000000000000000e+00
 1.000000000000000000e+00
 1.000000000000000000e+00
 1.000000000000000000e+00
 1.000000000000000000e+00
 1.000000000000000000e+00
 1.000000000000000000e+00
 1.000000000000000000e+00
 1.000000000000000000e+00
 1.000000000000000000e+00
 1.000000000000000000e+00
 1.000000000000000000e+00
 1.000000000000000000e+00
 1.000000000000000000e+00
 1.000000000000000000e+00
 1.000000000000000000e+00
 1.000000000000000000e+00
 1.000000000000000000e+00
 1.000000000000000000e+00
 1.000000000000000000e+00
 1.000000000000000000e+00
 1.000000000000000000e+00
 1.000000000000000000e+00
 1.000000000000000000e+00
 1.000000000000000000e+00
 1.000000000000000000e+00
 1.000000000000000000e+00
 1.000000000000000000e+00
 1.000000000000000000e+00
 1.000000000000000000e+00
 1.000000000000000000e+00
 1.000000000000000000e+00
 1.000000000000000000e+00
 1.000000000000000000e+00
 1.000000000000000000e+00
 1.000000000000000000e+00
 1.000000000000000000e+00
 1.000000000000000000e+00
 1.000000000000000000e+00
 1.000000000000000000e+00
 1.000000000000000000e+00
 1.000000000000000000e+00
 1.000000000000000000e+00
 1.000000000000000000e+00
 1.000000000000000000e+00
 1.000000000000000000e+00
 1.000000000000000000e+00
 1.000000000000000000e+00
 1.000000000000000000e+00
 1.000000000000000000e+00
 1.000000000000000000e+00
 1.000000000000000000e+00
 1.000000000000000000e+00
 1.000000000000000000e+00
 1.000000000000000000e+00
 1.000000000000000000e+00
 1.000000000000000000e+00
 1.000000000000000000e+00
 1.000000000000000000e+00
 1.000000000000000000e+00
 1.000000000000000000e+00
 1.000000000000000000e+00
 1.000000000000000000e+00
 1.000000000000000000e+00
 1.000000000000000000e+00
 1.000000000000000000e+00
 1.000000000000000000e+00
 1.000000000000000000e+00
 1.000000000000000000e+00
 1.000000000000000000e+00
 1.000000000000000000e+00
 1.000000000000000000e+00
 1.000000000000000000e+00
 1.000000000000000000e+00
 1.000000000000000000e+00
 1.000000000000000000e+00
 1.000000000000000000e+00
 1.000000000000000000e+00
 1.000000000000000000e+00
 1.000000000000000000e+00
 1.000000000000000000e+00
 1.000000000000000000e+00
 1.000000000000000000e+00
 1.000000000000000000e+00
 1.000000000000000000e+00
 1.000000000000000000e+00
 1.000000000000000000e+00
 1.000000000000000000e+00
 1.000000000000000000e+00
 1.000000000000000000e+00
 1.000000000000000000e+00
 1.000000000000000000e+00
 1.000000000000000000e+00
 1.000000000000000000e+00
 1.000000000000000000e+00
 1.000000000000000000e+00
 1.000000000000000000e+00
 1.000000000000000000e+00
 1.000000000000000000e+00
 1.000000000000000000e+00
 1.000000000000000000e+00
 1.000000000000000000e+00
 1.000000000000000000e+00
 1.000000000000000000e+00
 1.000000000000000000e+00
 1.000000000000000000e+00
 1.000000000000000000e+00
 1.000000000000000000e+00
 1.000000000000000000e+00
 1.000000000000000000e+00
 1.000000000000000000e+00
 1.000000000000000000e+00
 1.000000000000000000e+00
 1.000000000000000000e+00
 1.000000000000000000e+00
 1.000000000000000000e+00
 1.000000000000000000e+00
 1.000000000000000000e+00
 1.000000000000000000e+00
 1.000000000000000000e+00
 1.000000000000000000e+00
 1.000000000000000000e+00
 1.000000000000000000e+00
 1.000000000000000000e+00
 1.000000000000000000e+00
 1.000000000000000000e+00
 1.000000000000000000e+00
 1.000000000000000000e+00
 1.000000000000000000e+00
 1.000000000000000000e+00
 1.000000000000000000e+00
 1.000000000000000000e+00
 1.000000000000000000e+00
 1.000000000000000000e+00
 1.000000000000000000e+00
 1.000000000000000000e+00
 1.000000000000000000e+00
 1.000000000000000000e+00
 1.000000000000000000e+00
 1.000000000000000000e+00
 1.000000000000000000e+00
 1.000000000000000000e+00
 1.000000000000000000e+00
 1.000000000000000000e+00
 1.000000000000000000e+00
 1.000000000000000000e+00
 1.000000000000000000e+00
 1.000000000000000000e+00
 1.000000000000000000e+00
 1.000000000000000000e+00
 1.000000000000000000e+00
 1.000000000000000000e+00
 1.000000000000000000e+00
 1.000000000000000000e+00
 1.000000000000000000e+00
 1.000000000000000000e+00
 1.000000000000000000e+00
 1.000000000000000000e+00
 1.000000000000000000e+00
 1.000000000000000000e+00
 1.000000000000000000e+00
 1.000000000000000000e+00
 1.000000000000000000e+00
 1.000000000000000000e+00
 1.000000000000000000e+00
 1.000000000000000000e+00
 1.000000000000000000e+00
 1.000000000000000000e+00
 1.000000000000000000e+00
 1.000000000000000000e+00
 1.000000000000000000e+00
 1.000000000000000000e+00
 1.000000000000000000e+00
 1.000000000000000000e+00
 1.000000000000000000e+00
 1.000000000000000000e+00
 1.000000000000000000e+00
 1.000000000000000000e+00
 1.000000000000000000e+00
 1.000000000000000000e+00
 1.000000000000000000e+00
 1.000000000000000000e+00
 1.000000000000000000e+00
 1.000000000000000000e+00
 1.000000000000000000e+00
 1.000000000000000000e+00
 1.000000000000000000e+00
 1.000000000000000000e+00
 1.000000000000000000e+00
 1.000000000000000000e+00
 1.000000000000000000e+00
 1.000000000000000000e+00
 1.000000000000000000e+00
 1.000000000000000000e+00
 1.000000000000000000e+00
 1.000000000000000000e+00
 1.000000000000000000e+00
 1.000000000000000000e+00
 1.000000000000000000e+00
 1.000000000000000000e+00
 1.000000000000000000e+00
 1.000000000000000000e+00
 1.000000000000000000e+00
 1.000000000000000000e+00
 1.000000000000000000e+00
 1.000000000000000000e+00
 1.000000000000000000e+00
 1.000000000000000000e+00
 1.000000000000000000e+00
 1.000000000000000000e+00
 1.000000000000000000e+00
 1.000000000000000000e+00
 1.000000000000000000e+00
 1.000000000000000000e+00
 1.000000000000000000e+00
 1.000000000000000000e+00
 1.000000000000000000e+00
 1.000000000000000000e+00
 1.000000000000000000e+00
 1.000000000000000000e+00
 1.000000000000000000e+00
 1.000000000000000000e+00
 1.000000000000000000e+00
 1.000000000000000000e+00
 1.000000000000000000e+00
 1.000000000000000000e+00
 1.000000000000000000e+00
 1.000000000000000000e+00
 1.000000000000000000e+00
 1.000000000000000000e+00
 1.000000000000000000e+00
 1.000000000000000000e+00
 1.000000000000000000e+00
 1.000000000000000000e+00
 1.000000000000000000e+00
 1.000000000000000000e+00
 1.000000000000000000e+00
 1.000000000000000000e+00
 1.000000000000000000e+00
 1.000000000000000000e+00
 1.000000000000000000e+00
 1.000000000000000000e+00
 1.000000000000000000e+00
 1.000000000000000000e+00
 1.000000000000000000e+00
 1.000000000000000000e+00
 1.000000000000000000e+00
 1.000000000000000000e+00
 1.000000000000000000e+00
 1.000000000000000000e+00
 1.000000000000000000e+00
 1.000000000000000000e+00
 1.000000000000000000e+00
 1.000000000000000000e+00
 1.000000000000000000e+00
 1.000000000000000000e+00
 1.000000000000000000e+00
 1.000000000000000000e+00
 1.000000000000000000e+00
 1.000000000000000000e+00
 1.000000000000000000e+00
 1.000000000000000000e+00
 1.000000000000000000e+00
 1.000000000000000000e+00
 1.000000000000000000e+00
 1.000000000000000000e+00
 1.000000000000000000e+00
 1.000000000000000000e+00
 1.000000000000000000e+00
 1.000000000000000000e+00
 1.000000000000000000e+00
 1.000000000000000000e+00
 1.000000000000000000e+00
 1.000000000000000000e+00
 1.000000000000000000e+00
 1.000000000000000000e+00
 1.000000000000000000e+00
 1.000000000000000000e+00
 1.000000000000000000e+00
 1.000000000000000000e+00
 1.000000000000000000e+00
 1.000000000000000000e+00
 1.000000000000000000e+00
 1.000000000000000000e+00
 1.000000000000000000e+00
 1.000000000000000000e+00
 1.000000000000000000e+00
 1.000000000000000000e+00
 1.000000000000000000e+00
 1.000000000000000000e+00
 1.000000000000000000e+00
 1.000000000000000000e+00
 1.000000000000000000e+00
 1.000000000000000000e+00
 1.000000000000000000e+00
 1.000000000000000000e+00
 1.000000000000000000e+00
 1.000000000000000000e+00
 1.000000000000000000e+00
 1.000000000000000000e+00
 1.000000000000000000e+00
 1.000000000000000000e+00
 1.000000000000000000e+00
 1.000000000000000000e+00
 1.000000000000000000e+00
 1.000000000000000000e+00
 1.000000000000000000e+00
 1.000000000000000000e+00
 1.000000000000000000e+00
 1.000000000000000000e+00
 1.000000000000000000e+00
 1.000000000000000000e+00
 1.000000000000000000e+00
 1.000000000000000000e+00
 1.000000000000000000e+00
 1.000000000000000000e+00
 1.000000000000000000e+00
 1.000000000000000000e+00
 1.000000000000000000e+00
 1.000000000000000000e+00
 1.000000000000000000e+00
 1.000000000000000000e+00
 1.000000000000000000e+00
 1.000000000000000000e+00
 1.000000000000000000e+00
 1.000000000000000000e+00
 1.000000000000000000e+00
 1.000000000000000000e+00
 1.000000000000000000e+00
 1.000000000000000000e+00
 1.000000000000000000e+00
 1.000000000000000000e+00
 1.000000000000000000e+00
 1.000000000000000000e+00
 1.000000000000000000e+00
 1.000000000000000000e+00
 1.000000000000000000e+00
 1.000000000000000000e+00
 1.000000000000000000e+00
 1.000000000000000000e+00
 1.000000000000000000e+00
 1.000000000000000000e+00
 1.000000000000000000e+00
 1.000000000000000000e+00
 1.000000000000000000e+00
 1.000000000000000000e+00
 1.000000000000000000e+00
 1.000000000000000000e+00
 1.000000000000000000e+00
 1.000000000000000000e+00
 1.000000000000000000e+00
 1.000000000000000000e+00
 1.000000000000000000e+00
 1.000000000000000000e+00
 1.000000000000000000e+00
 1.000000000000000000e+00
 1.000000000000000000e+00
 1.000000000000000000e+00
 1.000000000000000000e+00
 1.000000000000000000e+00
 1.000000000000000000e+00
 1.000000000000000000e+00
 1.000000000000000000e+00
 1.000000000000000000e+00
 1.000000000000000000e+00
 1.000000000000000000e+00
 1.000000000000000000e+00
 1.000000000000000000e+00
 1.000000000000000000e+00
 1.000000000000000000e+00
 1.000000000000000000e+00
 1.000000000000000000e+00
 1.000000000000000000e+00
 1.000000000000000000e+00
 1.000000000000000000e+00
 1.000000000000000000e+00
 1.000000000000000000e+00
 1.000000000000000000e+00
 1.000000000000000000e+00
 1.000000000000000000e+00
 1.000000000000000000e+00
 1.000000000000000000e+00
 1.000000000000000000e+00
 1.000000000000000000e+00
 1.000000000000000000e+00
 1.000000000000000000e+00
 1.000000000000000000e+00
 1.000000000000000000e+00
 1.000000000000000000e+00
 1.000000000000000000e+00
 1.000000000000000000e+00
 1.000000000000000000e+00
 1.000000000000000000e+00
 1.000000000000000000e+00
 1.000000000000000000e+00
 1.000000000000000000e+00
 1.000000000000000000e+00
 1.000000000000000000e+00
 1.000000000000000000e+00
 1.000000000000000000e+00
 1.000000000000000000e+00
 1.000000000000000000e+00
 1.000000000000000000e+00
 1.000000000000000000e+00
 1.000000000000000000e+00
 1.000000000000000000e+00
 1.000000000000000000e+00
 1.000000000000000000e+00
 1.000000000000000000e+00
 1.000000000000000000e+00
 1.000000000000000000e+00
 1.000000000000000000e+00
 1.000000000000000000e+00
 1.000000000000000000e+00
 1.000000000000000000e+00
 1.000000000000000000e+00
 1.000000000000000000e+00
 1.000000000000000000e+00
 1.000000000000000000e+00
 1.000000000000000000e+00
 1.000000000000000000e+00
 1.000000000000000000e+00
 1.000000000000000000e+00
 1.000000000000000000e+00
 1.000000000000000000e+00
 1.000000000000000000e+00
 1.000000000000000000e+00
 1.000000000000000000e+00
 1.000000000000000000e+00
 1.000000000000000000e+00
 1.000000000000000000e+00
 1.000000000000000000e+00
 1.000000000000000000e+00
 1.000000000000000000e+00
 1.000000000000000000e+00
 1.000000000000000000e+00
 1.000000000000000000e+00
 1.000000000000000000e+00
 1.000000000000000000e+00
 1.000000000000000000e+00
 1.000000000000000000e+00
 1.000000000000000000e+00
 1.000000000000000000e+00
 1.000000000000000000e+00
 1.000000000000000000e+00
 1.000000000000000000e+00
 1.000000000000000000e+00
 1.000000000000000000e+00
 1.000000000000000000e+00
 1.000000000000000000e+00
 1.000000000000000000e+00
 1.000000000000000000e+00
 1.000000000000000000e+00
 1.000000000000000000e+00
 1.000000000000000000e+00
 1.000000000000000000e+00
 1.000000000000000000e+00
 1.000000000000000000e+00
 1.000000000000000000e+00
 1.000000000000000000e+00
 1.000000000000000000e+00
 1.000000000000000000e+00
 1.000000000000000000e+00
 1.000000000000000000e+00
 1.000000000000000000e+00
 1.000000000000000000e+00
 1.000000000000000000e+00
 1.000000000000000000e+00
 1.000000000000000000e+00
 1.000000000000000000e+00
 1.000000000000000000e+00
 1.000000000000000000e+00
 1.000000000000000000e+00
 1.000000000000000000e+00
 1.000000000000000000e+00
 1.000000000000000000e+00
 1.000000000000000000e+00
 1.000000000000000000e+00
 1.000000000000000000e+00
 1.000000000000000000e+00
 1.000000000000000000e+00
 1.000000000000000000e+00
 1.000000000000000000e+00
 1.000000000000000000e+00
 1.000000000000000000e+00
 1.000000000000000000e+00
 1.000000000000000000e+00
 1.000000000000000000e+00
 1.000000000000000000e+00
 1.000000000000000000e+00
 1.000000000000000000e+00
 1.000000000000000000e+00
 1.000000000000000000e+00
 1.000000000000000000e+00
 1.000000000000000000e+00
 1.000000000000000000e+00
 1.000000000000000000e+00
 1.000000000000000000e+00
 1.000000000000000000e+00
 1.000000000000000000e+00
 1.000000000000000000e+00
 1.000000000000000000e+00
 1.000000000000000000e+00
 1.000000000000000000e+00
 1.000000000000000000e+00
 1.000000000000000000e+00
 1.000000000000000000e+00
 1.000000000000000000e+00
 1.000000000000000000e+00
 1.000000000000000000e+00
 1.000000000000000000e+00
 1.000000000000000000e+00
 1.000000000000000000e+00
 1.000000000000000000e+00
 1.000000000000000000e+00
 1.000000000000000000e+00
 1.000000000000000000e+00
 1.000000000000000000e+00
 1.000000000000000000e+00
 1.000000000000000000e+00
 1.000000000000000000e+00
 1.000000000000000000e+00
 1.000000000000000000e+00
 1.000000000000000000e+00
 1.000000000000000000e+00
 1.000000000000000000e+00
 1.000000000000000000e+00
 1.000000000000000000e+00
 1.000000000000000000e+00
 1.000000000000000000e+00
 1.000000000000000000e+00
 1.000000000000000000e+00
 1.000000000000000000e+00
 1.000000000000000000e+00
 1.000000000000000000e+00
 1.000000000000000000e+00
 1.000000000000000000e+00
 1.000000000000000000e+00
 1.000000000000000000e+00
 1.000000000000000000e+00
 1.000000000000000000e+00
 1.000000000000000000e+00
 1.000000000000000000e+00
 1.000000000000000000e+00
 1.000000000000000000e+00
 1.000000000000000000e+00
 1.000000000000000000e+00
 1.000000000000000000e+00
 1.000000000000000000e+00
 1.000000000000000000e+00
 1.000000000000000000e+00
 1.000000000000000000e+00
 1.000000000000000000e+00
 1.000000000000000000e+00
 1.000000000000000000e+00
 1.000000000000000000e+00
 1.000000000000000000e+00
 1.000000000000000000e+00
 1.000000000000000000e+00
 1.000000000000000000e+00
 1.000000000000000000e+00
 1.000000000000000000e+00
 1.000000000000000000e+00
 1.000000000000000000e+00
 1.000000000000000000e+00
 1.000000000000000000e+00
 1.000000000000000000e+00
 1.000000000000000000e+00
 1.000000000000000000e+00
 1.000000000000000000e+00
 1.000000000000000000e+00
 1.000000000000000000e+00
 1.000000000000000000e+00
 1.000000000000000000e+00
 1.000000000000000000e+00
 1.000000000000000000e+00
 1.000000000000000000e+00
 1.000000000000000000e+00
 1.000000000000000000e+00
 1.000000000000000000e+00
 1.000000000000000000e+00
 1.000000000000000000e+00
 1.000000000000000000e+00
 1.000000000000000000e+00
 1.000000000000000000e+00
 1.000000000000000000e+00
 1.000000000000000000e+00
 1.000000000000000000e+00
 1.000000000000000000e+00
 1.000000000000000000e+00
 1.000000000000000000e+00
 1.000000000000000000e+00
 1.000000000000000000e+00
 1.000000000000000000e+00
 1.000000000000000000e+00
 1.000000000000000000e+00
 1.000000000000000000e+00
 1.000000000000000000e+00
 1.000000000000000000e+00
 1.000000000000000000e+00
 1.000000000000000000e+00
 1.000000000000000000e+00
 1.000000000000000000e+00
 1.000000000000000000e+00
 1.000000000000000000e+00
 1.000000000000000000e+00
 1.000000000000000000e+00
 1.000000000000000000e+00
 1.000000000000000000e+00
 1.000000000000000000e+00
 1.000000000000000000e+00
 1.000000000000000000e+00
 1.000000000000000000e+00
 1.000000000000000000e+00
 1.000000000000000000e+00
 1.000000000000000000e+00
 1.000000000000000000e+00
 1.000000000000000000e+00
 1.000000000000000000e+00
 1.000000000000000000e+00
 1.000000000000000000e+00
 1.000000000000000000e+00
 1.000000000000000000e+00
 1.000000000000000000e+00
 1.000000000000000000e+00
 1.000000000000000000e+00
 1.000000000000000000e+00
 1.000000000000000000e+00
 1.000000000000000000e+00
 1.000000000000000000e+00
 1.000000000000000000e+00
 1.000000000000000000e+00
 1.000000000000000000e+00
 1.000000000000000000e+00
 1.000000000000000000e+00
 1.000000000000000000e+00
 1.000000000000000000e+00
 1.000000000000000000e+00
 1.000000000000000000e+00
 1.000000000000000000e+00
 1.000000000000000000e+00
 1.000000000000000000e+00
 1.000000000000000000e+00
 1.000000000000000000e+00
 1.000000000000000000e+00
 1.000000000000000000e+00
 1.000000000000000000e+00
 1.000000000000000000e+00
 1.000000000000000000e+00
 1.000000000000000000e+00
 1.000000000000000000e+00
 1.000000000000000000e+00
 1.000000000000000000e+00
 1.000000000000000000e+00
 1.000000000000000000e+00
 1.000000000000000000e+00
 1.000000000000000000e+00
 1.000000000000000000e+00
 1.000000000000000000e+00
 1.000000000000000000e+00
 1.000000000000000000e+00
 1.000000000000000000e+00
 1.000000000000000000e+00
 1.000000000000000000e+00
 1.000000000000000000e+00
 1.000000000000000000e+00
 1.000000000000000000e+00
 1.000000000000000000e+00
 1.000000000000000000e+00
 1.000000000000000000e+00
 1.000000000000000000e+00
 1.000000000000000000e+00
 1.000000000000000000e+00
 1.000000000000000000e+00
 1.000000000000000000e+00
 1.000000000000000000e+00
 1.000000000000000000e+00
 1.000000000000000000e+00
 1.000000000000000000e+00
 1.000000000000000000e+00
 1.000000000000000000e+00
 1.000000000000000000e+00
 1.000000000000000000e+00
 1.000000000000000000e+00
 1.000000000000000000e+00
 1.000000000000000000e+00
 1.000000000000000000e+00
 1.000000000000000000e+00
 1.000000000000000000e+00
 1.000000000000000000e+00
 1.000000000000000000e+00
 1.000000000000000000e+00
 1.000000000000000000e+00
 1.000000000000000000e+00
 1.000000000000000000e+00
 1.000000000000000000e+00
 1.000000000000000000e+00
 1.000000000000000000e+00
 1.000000000000000000e+00
 1.000000000000000000e+00
 1.000000000000000000e+00
 1.000000000000000000e+00
 1.000000000000000000e+00
 1.000000000000000000e+00
 1.000000000000000000e+00
 1.000000000000000000e+00
 1.000000000000000000e+00
 1.000000000000000000e+00
 1.000000000000000000e+00
 1.000000000000000000e+00
 1.000000000000000000e+00
 1.000000000000000000e+00
 1.000000000000000000e+00
 1.000000000000000000e+00
 1.000000000000000000e+00
 1.000000000000000000e+00
 1.000000000000000000e+00
 1.000000000000000000e+00
 1.000000000000000000e+00
 1.000000000000000000e+00
 1.000000000000000000e+00
 1.000000000000000000e+00
 1.000000000000000000e+00
 1.000000000000000000e+00
 1.000000000000000000e+00
 1.000000000000000000e+00
 1.000000000000000000e+00
 1.000000000000000000e+00
 1.000000000000000000e+00
 1.000000000000000000e+00
 1.000000000000000000e+00
 1.000000000000000000e+00
 1.000000000000000000e+00
 1.000000000000000000e+00
 1.000000000000000000e+00
 1.000000000000000000e+00
 1.000000000000000000e+00
 1.000000000000000000e+00
 1.000000000000000000e+00
 1.000000000000000000e+00
 1.000000000000000000e+00
 1.000000000000000000e+00
 1.000000000000000000e+00
 1.000000000000000000e+00
 1.000000000000000000e+00
 1.000000000000000000e+00
 1.000000000000000000e+00
 1.000000000000000000e+00
 1.000000000000000000e+00
 1.000000000000000000e+00
 1.000000000000000000e+00
 1.000000000000000000e+00
 1.000000000000000000e+00
 1.000000000000000000e+00
 1.000000000000000000e+00
 1.000000000000000000e+00
 1.000000000000000000e+00
 1.000000000000000000e+00
 1.000000000000000000e+00
 1.000000000000000000e+00
 1.000000000000000000e+00
 1.000000000000000000e+00
 1.000000000000000000e+00
 1.000000000000000000e+00
 1.000000000000000000e+00
 1.000000000000000000e+00
 1.000000000000000000e+00
 1.000000000000000000e+00
 1.000000000000000000e+00
 1.000000000000000000e+00
 1.000000000000000000e+00
 1.000000000000000000e+00
 1.000000000000000000e+00
 1.000000000000000000e+00
 1.000000000000000000e+00
 1.000000000000000000e+00
 1.000000000000000000e+00
 1.000000000000000000e+00
 1.000000000000000000e+00
 1.000000000000000000e+00
 1.000000000000000000e+00
 1.000000000000000000e+00
 1.000000000000000000e+00
 1.000000000000000000e+00
 1.000000000000000000e+00
 1.000000000000000000e+00
 1.000000000000000000e+00
 1.000000000000000000e+00
 1.000000000000000000e+00
 1.000000000000000000e+00
 1.000000000000000000e+00
 1.000000000000000000e+00
 1.000000000000000000e+00
 1.000000000000000000e+00
 1.000000000000000000e+00
 1.000000000000000000e+00
 1.000000000000000000e+00
 1.000000000000000000e+00
 1.000000000000000000e+00
 1.000000000000000000e+00
 1.000000000000000000e+00
 1.000000000000000000e+00
 1.000000000000000000e+00
 1.000000000000000000e+00
 1.000000000000000000e+00
 1.000000000000000000e+00
 1.000000000000000000e+00
 1.000000000000000000e+00
 1.000000000000000000e+00
 1.000000000000000000e+00
 1.000000000000000000e+00
 1.000000000000000000e+00
 1.000000000000000000e+00
 1.000000000000000000e+00
 1.000000000000000000e+00
 1.000000000000000000e+00
 1.000000000000000000e+00
 1.000000000000000000e+00
 1.000000000000000000e+00
 1.000000000000000000e+00
 1.000000000000000000e+00
 1.000000000000000000e+00
 1.000000000000000000e+00
 1.000000000000000000e+00
 1.000000000000000000e+00
 1.000000000000000000e+00
 1.000000000000000000e+00
 1.000000000000000000e+00
 1.000000000000000000e+00
 1.000000000000000000e+00
 1.000000000000000000e+00
 1.000000000000000000e+00
 1.000000000000000000e+00
 1.000000000000000000e+00
 1.000000000000000000e+00
 1.000000000000000000e+00
 1.000000000000000000e+00
 1.000000000000000000e+00
 1.000000000000000000e+00
 1.000000000000000000e+00
 1.000000000000000000e+00
 1.000000000000000000e+00
 1.000000000000000000e+00
 1.000000000000000000e+00
 1.000000000000000000e+00
 1.000000000000000000e+00
 1.000000000000000000e+00
 1.000000000000000000e+00
 1.000000000000000000e+00
 1.000000000000000000e+00
 1.000000000000000000e+00
 1.000000000000000000e+00
 1.000000000000000000e+00
 1.000000000000000000e+00
 1.000000000000000000e+00
 1.000000000000000000e+00
 1.000000000000000000e+00
 1.000000000000000000e+00
 1.000000000000000000e+00
 1.000000000000000000e+00
 1.000000000000000000e+00
 1.000000000000000000e+00
 1.000000000000000000e+00
 1.000000000000000000e+00
 1.000000000000000000e+00
 1.000000000000000000e+00
 1.000000000000000000e+00
 1.000000000000000000e+00
 1.000000000000000000e+00
 1.000000000000000000e+00
 1.000000000000000000e+00
 1.000000000000000000e+00
 1.000000000000000000e+00
 1.000000000000000000e+00
 1.000000000000000000e+00
 1.000000000000000000e+00
 1.000000000000000000e+00
 1.000000000000000000e+00
 1.000000000000000000e+00
 1.000000000000000000e+00
 1.000000000000000000e+00
 1.000000000000000000e+00
 1.000000000000000000e+00
 1.000000000000000000e+00
 1.000000000000000000e+00
 1.000000000000000000e+00
 1.000000000000000000e+00
 1.000000000000000000e+00
 1.000000000000000000e+00
 1.000000000000000000e+00
 1.000000000000000000e+00
 1.000000000000000000e+00
 1.000000000000000000e+00
 1.000000000000000000e+00
 1.000000000000000000e+00
 1.000000000000000000e+00
 1.000000000000000000e+00
 1.000000000000000000e+00
 1.000000000000000000e+00
 1.000000000000000000e+00
 1.000000000000000000e+00
 1.000000000000000000e+00
 1.000000000000000000e+00
 1.000000000000000000e+00
 1.000000000000000000e+00
 1.000000000000000000e+00
 1.000000000000000000e+00
 1.000000000000000000e+00
 1.000000000000000000e+00
 1.000000000000000000e+00
 1.000000000000000000e+00
 1.000000000000000000e+00
 1.000000000000000000e+00
 1.000000000000000000e+00
 1.000000000000000000e+00
 1.000000000000000000e+00
 1.000000000000000000e+00
 1.000000000000000000e+00
 1.000000000000000000e+00
 1.000000000000000000e+00
 1.000000000000000000e+00
 1.000000000000000000e+00
 1.000000000000000000e+00
 1.000000000000000000e+00
 1.000000000000000000e+00
 1.000000000000000000e+00
 1.000000000000000000e+00
 1.000000000000000000e+00
 1.000000000000000000e+00
 1.000000000000000000e+00
 1.000000000000000000e+00
 1.000000000000000000e+00
 1.000000000000000000e+00
 1.000000000000000000e+00
 1.000000000000000000e+00
 1.000000000000000000e+00
 1.000000000000000000e+00
 1.000000000000000000e+00
 1.000000000000000000e+00
 1.000000000000000000e+00
 1.000000000000000000e+00
 1.000000000000000000e+00
 1.000000000000000000e+00
 1.000000000000000000e+00
 1.000000000000000000e+00
 1.000000000000000000e+00
 1.000000000000000000e+00
 1.000000000000000000e+00
 1.000000000000000000e+00
 1.000000000000000000e+00
 1.000000000000000000e+00
 1.000000000000000000e+00
 1.000000000000000000e+00
 1.000000000000000000e+00
 1.000000000000000000e+00
 1.000000000000000000e+00
 1.000000000000000000e+00
 1.000000000000000000e+00
 1.000000000000000000e+00
 1.000000000000000000e+00
 1.000000000000000000e+00
 1.000000000000000000e+00
 1.000000000000000000e+00
 1.000000000000000000e+00
 1.000000000000000000e+00
 1.000000000000000000e+00
 1.000000000000000000e+00
 1.000000000000000000e+00
 1.000000000000000000e+00
 1.000000000000000000e+00
 1.000000000000000000e+00
 1.000000000000000000e+00
 1.000000000000000000e+00
 1.000000000000000000e+00
 1.000000000000000000e+00
 1.000000000000000000e+00
 1.000000000000000000e+00
 1.000000000000000000e+00
 1.000000000000000000e+00
 1.000000000000000000e+00
 1.000000000000000000e+00
 1.000000000000000000e+00
 1.000000000000000000e+00
 1.000000000000000000e+00
 1.000000000000000000e+00
 1.000000000000000000e+00
 1.000000000000000000e+00
 1.000000000000000000e+00
 1.000000000000000000e+00
 1.000000000000000000e+00
 1.000000000000000000e+00
 1.000000000000000000e+00
 1.000000000000000000e+00
 1.000000000000000000e+00
 1.000000000000000000e+00
 1.000000000000000000e+00
 1.000000000000000000e+00
 1.000000000000000000e+00
 1.000000000000000000e+00
 1.000000000000000000e+00
 1.000000000000000000e+00
 1.000000000000000000e+00
 1.000000000000000000e+00
 1.000000000000000000e+00
 1.000000000000000000e+00
 1.000000000000000000e+00
 1.000000000000000000e+00
 1.000000000000000000e+00
 1.000000000000000000e+00
 1.000000000000000000e+00
 1.000000000000000000e+00
 1.000000000000000000e+00
 1.000000000000000000e+00
 1.000000000000000000e+00
 1.000000000000000000e+00
 1.000000000000000000e+00
 1.000000000000000000e+00
 1.000000000000000000e+00
 1.000000000000000000e+00
 1.000000000000000000e+00
 1.000000000000000000e+00
 1.000000000000000000e+00
 1.000000000000000000e+00
 1.000000000000000000e+00
 1.000000000000000000e+00
 1.000000000000000000e+00
 1.000000000000000000e+00
 1.000000000000000000e+00
 1.000000000000000000e+00
 1.000000000000000000e+00
 1.000000000000000000e+00
 1.000000000000000000e+00
 1.000000000000000000e+00
 1.000000000000000000e+00
 1.000000000000000000e+00
 1.000000000000000000e+00
 1.000000000000000000e+00
 1.000000000000000000e+00
 1.000000000000000000e+00
 1.000000000000000000e+00
 1.000000000000000000e+00
 1.000000000000000000e+00
 1.000000000000000000e+00
 1.000000000000000000e+00
 1.000000000000000000e+00
 1.000000000000000000e+00
 1.000000000000000000e+00
 1.000000000000000000e+00
 1.000000000000000000e+00
 1.000000000000000000e+00
 1.000000000000000000e+00
 1.000000000000000000e+00
 1.000000000000000000e+00
 1.000000000000000000e+00
 1.000000000000000000e+00
 1.000000000000000000e+00
 1.000000000000000000e+00
 1.000000000000000000e+00
 1.000000000000000000e+00
 1.000000000000000000e+00
 1.000000000000000000e+00
 1.000000000000000000e+00
 1.000000000000000000e+00
 1.000000000000000000e+00
 1.000000000000000000e+00
 1.000000000000000000e+00
 1.000000000000000000e+00
 1.000000000000000000e+00
 1.000000000000000000e+00
 1.000000000000000000e+00
 1.000000000000000000e+00
 1.000000000000000000e+00
 1.000000000000000000e+00
 1.000000000000000000e+00
 1.000000000000000000e+00
 1.000000000000000000e+00
 1.000000000000000000e+00
 1.000000000000000000e+00
 1.000000000000000000e+00
 1.000000000000000000e+00
 1.000000000000000000e+00
 1.000000000000000000e+00
 1.000000000000000000e+00
 1.000000000000000000e+00
 1.000000000000000000e+00
 1.000000000000000000e+00
 1.000000000000000000e+00
 1.000000000000000000e+00
 1.000000000000000000e+00
 1.000000000000000000e+00
 1.000000000000000000e+00
 1.000000000000000000e+00
 1.000000000000000000e+00
 1.000000000000000000e+00
 1.000000000000000000e+00
 1.000000000000000000e+00
 1.000000000000000000e+00
 1.000000000000000000e+00
 1.000000000000000000e+00
 1.000000000000000000e+00
 1.000000000000000000e+00
 1.000000000000000000e+00
 1.000000000000000000e+00
 1.000000000000000000e+00
 1.000000000000000000e+00
 1.000000000000000000e+00
 1.000000000000000000e+00
 1.000000000000000000e+00
 1.000000000000000000e+00
 1.000000000000000000e+00
 1.000000000000000000e+00
 1.000000000000000000e+00
 1.000000000000000000e+00
 1.000000000000000000e+00
 1.000000000000000000e+00
 1.000000000000000000e+00
 1.000000000000000000e+00
 1.000000000000000000e+00
 1.000000000000000000e+00
 1.000000000000000000e+00
 1.000000000000000000e+00
 1.000000000000000000e+00
 1.000000000000000000e+00
 1.000000000000000000e+00
 1.000000000000000000e+00
 1.000000000000000000e+00
 1.000000000000000000e+00
 1.000000000000000000e+00
 1.000000000000000000e+00
 1.000000000000000000e+00
 1.000000000000000000e+00
 1.000000000000000000e+00
 1.000000000000000000e+00
 1.000000000000000000e+00
 1.000000000000000000e+00
 1.000000000000000000e+00
 1.000000000000000000e+00
 1.000000000000000000e+00
 1.000000000000000000e+00
 1.000000000000000000e+00
 1.000000000000000000e+00
 1.000000000000000000e+00
 1.000000000000000000e+00
 1.000000000000000000e+00
 1.000000000000000000e+00
 1.000000000000000000e+00
 1.000000000000000000e+00
 1.000000000000000000e+00
 1.000000000000000000e+00
 1.000000000000000000e+00
 1.000000000000000000e+00
 1.000000000000000000e+00
 1.000000000000000000e+00
 1.000000000000000000e+00
 1.000000000000000000e+00
 1.000000000000000000e+00
 1.000000000000000000e+00
 1.000000000000000000e+00
 1.000000000000000000e+00
 1.000000000000000000e+00
 1.000000000000000000e+00
 1.000000000000000000e+00
 1.000000000000000000e+00
 1.000000000000000000e+00
 1.000000000000000000e+00
 1.000000000000000000e+00
 1.000000000000000000e+00
 1.000000000000000000e+00
 1.000000000000000000e+00
 1.000000000000000000e+00
 1.000000000000000000e+00
 1.000000000000000000e+00
 1.000000000000000000e+00
 1.000000000000000000e+00
 1.000000000000000000e+00
 1.000000000000000000e+00
 1.000000000000000000e+00
 1.000000000000000000e+00
 1.000000000000000000e+00
 1.000000000000000000e+00
 1.000000000000000000e+00
 1.000000000000000000e+00
 1.000000000000000000e+00
 1.000000000000000000e+00
 1.000000000000000000e+00
 1.000000000000000000e+00
 1.000000000000000000e+00
 1.000000000000000000e+00
 1.000000000000000000e+00
 1.000000000000000000e+00
 1.000000000000000000e+00
 1.000000000000000000e+00
 1.000000000000000000e+00
 1.000000000000000000e+00
 1.000000000000000000e+00
 1.000000000000000000e+00
 1.000000000000000000e+00
 1.000000000000000000e+00
 1.000000000000000000e+00
 1.000000000000000000e+00
 1.000000000000000000e+00
 1.000000000000000000e+00
 1.000000000000000000e+00
 1.000000000000000000e+00
 1.000000000000000000e+00
 1.000000000000000000e+00
 1.000000000000000000e+00
 1.000000000000000000e+00
 1.000000000000000000e+00
 1.000000000000000000e+00
 1.000000000000000000e+00
 1.000000000000000000e+00
 1.000000000000000000e+00
 1.000000000000000000e+00
 1.000000000000000000e+00
 1.000000000000000000e+00
 1.000000000000000000e+00
 1.000000000000000000e+00
 1.000000000000000000e+00
 1.000000000000000000e+00
 1.000000000000000000e+00
 1.000000000000000000e+00
 1.000000000000000000e+00
 1.000000000000000000e+00
 1.000000000000000000e+00
 1.000000000000000000e+00
 1.000000000000000000e+00
 1.000000000000000000e+00
 1.000000000000000000e+00
 1.000000000000000000e+00
 1.000000000000000000e+00
 1.000000000000000000e+00
 1.000000000000000000e+00
 1.000000000000000000e+00
 1.000000000000000000e+00
 1.000000000000000000e+00
 1.000000000000000000e+00
 1.000000000000000000e+00
 1.000000000000000000e+00
 1.000000000000000000e+00
 1.000000000000000000e+00
 1.000000000000000000e+00
 1.000000000000000000e+00
 1.000000000000000000e+00
 1.000000000000000000e+00
 1.000000000000000000e+00
 1.000000000000000000e+00
 1.000000000000000000e+00
 1.000000000000000000e+00
 1.000000000000000000e+00
 1.000000000000000000e+00
 1.000000000000000000e+00
 1.000000000000000000e+00
 1.000000000000000000e+00
 1.000000000000000000e+00
 1.000000000000000000e+00
 1.000000000000000000e+00
 1.000000000000000000e+00
 1.000000000000000000e+00
 1.000000000000000000e+00
 1.000000000000000000e+00
 1.000000000000000000e+00
 1.000000000000000000e+00
 1.000000000000000000e+00
 1.000000000000000000e+00
 1.000000000000000000e+00
 1.000000000000000000e+00
 1.000000000000000000e+00
 1.000000000000000000e+00
 1.000000000000000000e+00
 1.000000000000000000e+00
 1.000000000000000000e+00
 1.000000000000000000e+00
 1.000000000000000000e+00
 1.000000000000000000e+00
 1.000000000000000000e+00
 1.000000000000000000e+00
 1.000000000000000000e+00
 1.000000000000000000e+00
 1.000000000000000000e+00
 1.000000000000000000e+00
 1.000000000000000000e+00
 1.000000000000000000e+00
 1.000000000000000000e+00
 1.000000000000000000e+00
 1.000000000000000000e+00
 1.000000000000000000e+00
 1.000000000000000000e+00
 1.000000000000000000e+00
 1.000000000000000000e+00
 1.000000000000000000e+00
 1.000000000000000000e+00
 1.000000000000000000e+00
 1.000000000000000000e+00
 1.000000000000000000e+00
 1.000000000000000000e+00
 1.000000000000000000e+00
 1.000000000000000000e+00
 1.000000000000000000e+00
 1.000000000000000000e+00
 1.000000000000000000e+00
 1.000000000000000000e+00
 1.000000000000000000e+00
 1.000000000000000000e+00
 1.000000000000000000e+00
 1.000000000000000000e+00
 1.000000000000000000e+00
 1.000000000000000000e+00
 1.000000000000000000e+00
 1.000000000000000000e+00
 1.000000000000000000e+00
 1.000000000000000000e+00
 1.000000000000000000e+00
 1.000000000000000000e+00
 1.000000000000000000e+00
 1.000000000000000000e+00
 1.000000000000000000e+00
 1.000000000000000000e+00
 1.000000000000000000e+00
 1.000000000000000000e+00
 1.000000000000000000e+00
 1.000000000000000000e+00
 1.000000000000000000e+00
 1.000000000000000000e+00
 1.000000000000000000e+00
 1.000000000000000000e+00
 1.000000000000000000e+00
 1.000000000000000000e+00
 1.000000000000000000e+00
 1.000000000000000000e+00
 1.000000000000000000e+00
 1.000000000000000000e+00
 1.000000000000000000e+00
 1.000000000000000000e+00
 1.000000000000000000e+00
 1.000000000000000000e+00
 1.000000000000000000e+00
 1.000000000000000000e+00
 1.000000000000000000e+00
 1.000000000000000000e+00
 1.000000000000000000e+00
 1.000000000000000000e+00
 1.000000000000000000e+00
 1.000000000000000000e+00
 1.000000000000000000e+00
 1.000000000000000000e+00
 1.000000000000000000e+00
 1.000000000000000000e+00
 1.000000000000000000e+00
 1.000000000000000000e+00
 1.000000000000000000e+00
 1.000000000000000000e+00
 1.000000000000000000e+00
 1.000000000000000000e+00
 1.000000000000000000e+00
 1.000000000000000000e+00
 1.000000000000000000e+00
 1.000000000000000000e+00
 1.000000000000000000e+00
 1.000000000000000000e+00
 1.000000000000000000e+00
 1.000000000000000000e+00
 1.000000000000000000e+00
 1.000000000000000000e+00
 1.000000000000000000e+00
 1.000000000000000000e+00
 1.000000000000000000e+00
 1.000000000000000000e+00
 1.000000000000000000e+00
 1.000000000000000000e+00
 1.000000000000000000e+00
 1.000000000000000000e+00
 1.000000000000000000e+00
 1.000000000000000000e+00
 1.000000000000000000e+00
 1.000000000000000000e+00
 1.000000000000000000e+00
 1.000000000000000000e+00
 1.000000000000000000e+00
 1.000000000000000000e+00
 1.000000000000000000e+00
 1.000000000000000000e+00
 1.000000000000000000e+00
 1.000000000000000000e+00
 1.000000000000000000e+00
 1.000000000000000000e+00
 1.000000000000000000e+00
 1.000000000000000000e+00
 1.000000000000000000e+00
 1.000000000000000000e+00
 1.000000000000000000e+00
 1.000000000000000000e+00
 1.000000000000000000e+00
 1.000000000000000000e+00
 1.000000000000000000e+00
 1.000000000000000000e+00
 1.000000000000000000e+00
 1.000000000000000000e+00
 1.000000000000000000e+00
 1.000000000000000000e+00
 1.000000000000000000e+00
 1.000000000000000000e+00
 1.000000000000000000e+00
 1.000000000000000000e+00
 1.000000000000000000e+00
 1.000000000000000000e+00
 1.000000000000000000e+00
 1.000000000000000000e+00
 1.000000000000000000e+00
 1.000000000000000000e+00
 1.000000000000000000e+00
 1.000000000000000000e+00
 1.000000000000000000e+00
 1.000000000000000000e+00
 1.000000000000000000e+00
 1.000000000000000000e+00
 1.000000000000000000e+00
 1.000000000000000000e+00
 1.000000000000000000e+00
 1.000000000000000000e+00
 1.000000000000000000e+00
 1.000000000000000000e+00
 1.000000000000000000e+00
 1.000000000000000000e+00
 1.000000000000000000e+00
 1.000000000000000000e+00
 1.000000000000000000e+00
 1.000000000000000000e+00
 1.000000000000000000e+00
 1.000000000000000000e+00
 1.000000000000000000e+00
 1.000000000000000000e+00
 1.000000000000000000e+00
 1.000000000000000000e+00
 1.000000000000000000e+00
 1.000000000000000000e+00
 1.000000000000000000e+00
 1.000000000000000000e+00
 1.000000000000000000e+00
 1.000000000000000000e+00
 1.000000000000000000e+00
 1.000000000000000000e+00
 1.000000000000000000e+00
 1.000000000000000000e+00
 1.000000000000000000e+00
 1.000000000000000000e+00
 1.000000000000000000e+00
 1.000000000000000000e+00
 1.000000000000000000e+00
 1.000000000000000000e+00
 1.000000000000000000e+00
 1.000000000000000000e+00
 1.000000000000000000e+00
 1.000000000000000000e+00
 1.000000000000000000e+00
 1.000000000000000000e+00
 1.000000000000000000e+00
 1.000000000000000000e+00
 1.000000000000000000e+00
 1.000000000000000000e+00
 1.000000000000000000e+00
 1.000000000000000000e+00
 1.000000000000000000e+00
 1.000000000000000000e+00
 1.000000000000000000e+00
 1.000000000000000000e+00
 1.000000000000000000e+00
 1.000000000000000000e+00
 1.000000000000000000e+00
 1.000000000000000000e+00
 1.000000000000000000e+00
 1.000000000000000000e+00
 1.000000000000000000e+00
 1.000000000000000000e+00
 1.000000000000000000e+00
 1.000000000000000000e+00
 1.000000000000000000e+00
 1.000000000000000000e+00
 1.000000000000000000e+00
 1.000000000000000000e+00
 1.000000000000000000e+00
 1.000000000000000000e+00
 1.000000000000000000e+00
 1.000000000000000000e+00
 1.000000000000000000e+00
 1.000000000000000000e+00
 1.000000000000000000e+00
 1.000000000000000000e+00
 1.000000000000000000e+00
 1.000000000000000000e+00
 1.000000000000000000e+00
 1.000000000000000000e+00
 1.000000000000000000e+00
 1.000000000000000000e+00
 1.000000000000000000e+00
 1.000000000000000000e+00
 1.000000000000000000e+00
 1.000000000000000000e+00
 1.000000000000000000e+00
 1.000000000000000000e+00
 1.000000000000000000e+00
 1.000000000000000000e+00
 1.000000000000000000e+00
 1.000000000000000000e+00
 1.000000000000000000e+00
 1.000000000000000000e+00
 1.000000000000000000e+00
 1.000000000000000000e+00
 1.000000000000000000e+00
 1.000000000000000000e+00
 1.000000000000000000e+00
 1.000000000000000000e+00
 1.000000000000000000e+00
 1.000000000000000000e+00
 1.000000000000000000e+00
 1.000000000000000000e+00
 1.000000000000000000e+00
 1.000000000000000000e+00
 1.000000000000000000e+00
 1.000000000000000000e+00
 1.000000000000000000e+00
 1.000000000000000000e+00
 1.000000000000000000e+00
 1.000000000000000000e+00
 1.000000000000000000e+00
 1.000000000000000000e+00
 1.000000000000000000e+00
 1.000000000000000000e+00
 1.000000000000000000e+00
 1.000000000000000000e+00
 1.000000000000000000e+00
 1.000000000000000000e+00
 1.000000000000000000e+00
 1.000000000000000000e+00
 1.000000000000000000e+00
 1.000000000000000000e+00
 1.000000000000000000e+00
 1.000000000000000000e+00
 1.000000000000000000e+00
 1.000000000000000000e+00
 1.000000000000000000e+00
 1.000000000000000000e+00
 1.000000000000000000e+00
 1.000000000000000000e+00
 1.000000000000000000e+00
 1.000000000000000000e+00
 1.000000000000000000e+00
 1.000000000000000000e+00
 1.000000000000000000e+00
 1.000000000000000000e+00
 1.000000000000000000e+00
 1.000000000000000000e+00
 1.000000000000000000e+00
 1.000000000000000000e+00
 1.000000000000000000e+00
 1.000000000000000000e+00
 1.000000000000000000e+00
 1.000000000000000000e+00
 1.000000000000000000e+00
 1.000000000000000000e+00
 1.000000000000000000e+00
 1.000000000000000000e+00
 1.000000000000000000e+00
 1.000000000000000000e+00
 1.000000000000000000e+00
 1.000000000000000000e+00
 1.000000000000000000e+00
 1.000000000000000000e+00
 1.000000000000000000e+00
 1.000000000000000000e+00
 1.000000000000000000e+00
 1.000000000000000000e+00
 1.000000000000000000e+00
 1.000000000000000000e+00
 1.000000000000000000e+00
 1.000000000000000000e+00
 1.000000000000000000e+00
 1.000000000000000000e+00
 1.000000000000000000e+00
 1.000000000000000000e+00
 1.000000000000000000e+00
 1.000000000000000000e+00
 1.000000000000000000e+00
 1.000000000000000000e+00
 1.000000000000000000e+00
 1.000000000000000000e+00
 1.000000000000000000e+00
 1.000000000000000000e+00
 1.000000000000000000e+00
 1.000000000000000000e+00
 1.000000000000000000e+00
 1.000000000000000000e+00
 1.000000000000000000e+00
 1.000000000000000000e+00
 1.000000000000000000e+00
 1.000000000000000000e+00
 1.000000000000000000e+00
 </DataArray>
 <DataArray Name="e" type="Float32" NumberOfComponents="1" format="ascii">
 8.191187294376892969e+05
 8.681473813980486011e+05
 8.980750095745081780e+05
 8.978798573128578719e+05
 9.060973705297452398e+05
 9.110673465711488388e+05
 9.091532871529071126e+05
 9.096886919888264965e+05
 9.115970293859189842e+05
 9.120621885360291926e+05
 9.111389233014627825e+05
 9.118515348623138852e+05
 9.120047330047528958e+05
 9.119234373736619018e+05
 9.119848273744654143e+05
 9.119527818941922160e+05
 9.118612444449014729e+05
 9.118042043698625639e+05
 9.117992800524260383e+05
 9.116932099188698921e+05
 9.115794613069579937e+05
 9.114458424777901964e+05
 9.111727842727353564e+05
 9.110248875761185773e+05
 9.110371575409090146e+05
 9.110746048954670550e+05
 9.110036701410440728e+05
 9.109480345302650239e+05
 9.108407132189916447e+05
 9.107822503237145720e+05
 9.106554394152387977e+05
 9.106343645294755697e+05
 9.105574842989963945e+05
 9.105830529956435785e+05
 9.105749399693035521e+05
 9.106162110272012651e+05
 9.106197078469179105e+05
 9.105231057600739878e+05
 9.106373089625147404e+05
 9.101521429287807550e+05
 7.963462812115307897e+05
 8.131458942654724233e+05
 8.458966570349063259e+05
 8.803999721753301565e+05
 8.954049650982745225e+05
 8.978312371505418560e+05
 8.972074040336898761e+05
 8.989276827554269694e+05
 9.009859221477329265e+05
 9.024251147824034560e+05
 9.028685659417444840e+05
 9.037352822317457758e+05
 9.043122729906092864e+05
 9.047529468678967096e+05
 9.052536515143801225e+05
 9.052602780522817047e+05
 9.051593457934302278e+05
 9.052397292560606729e+05
 9.055621844102544710e+05
 9.059365913087814115e+05
 9.061485915758244228e+05
 9.062866953841815703e+05
 9.063339678189379629e+05
 9.064529487220461015e+05
 9.066065255320923170e+05
 9.067961051392393420e+05
 9.067776198797174729e+05
 9.067889139803199796e+05
 9.067758682659524493e+05
 9.068353264186738525e+05
 9.069030476196473464e+05
 9.070824183474166784e+05
 9.071800290742737707e+05
 9.073346609304319136e+05
 9.073825020024868427e+05
 9.074798459032091778e+05
 9.074951419585421681e+05
 9.074299898295884486e+05
 9.075856071297107264e+05
 9.070792489730512025e+05
 7.922891610311709810e+05
 7.951954025394596392e+05
 8.029504575957304332e+05
 8.235070566224253271e+05
 8.524077630837180186e+05
 8.779771912489141105e+05
 8.860950871705831960e+05
 8.908164453765208600e+05
 8.915461345571123529e+05
 8.940243355783838779e+05
 8.967090744446481112e+05
 8.983917340283053927e+05
 8.991302661998851690e+05
 9.003971286439257674e+05
 9.014508788337822771e+05
 9.017179923612510320e+05
 9.019886249949706253e+05
 9.024933453831861261e+05
 9.031976037419773638e+05
 9.036610933507757727e+05
 9.040164622109784978e+05
 9.043429251692488324e+05
 9.046383597409233917e+05
 9.049421164195036981e+05
 9.052084013321322855e+05
 9.053889358469813596e+05
 9.054158570514435414e+05
 9.054928624385574367e+05
 9.055906187227884075e+05
 9.057812012866326841e+05
 9.059852219270943897e+05
 9.062907530086608604e+05
 9.064295700159624685e+05
 9.065909611596777104e+05
 9.066786614156536525e+05
 9.068270003409243654e+05
 9.069933256540609291e+05
 9.069876550121919718e+05
 9.071578741462116595e+05
 9.066364603726573987e+05
 7.917748960650991648e+05
 7.923079042883794755e+05
 7.941341994690218708e+05
 7.992536566583546810e+05
 8.102822485614391044e+05
 8.356819464065150823e+05
 8.639228986145835370e+05
 8.826047128200451843e+05
 8.861115911866616225e+05
 8.879962457387436880e+05
 8.907026633724836865e+05
 8.924513612470788648e+05
 8.943113014943834860e+05
 8.953508641159727704e+05
 8.962193882041238248e+05
 8.973238945847034920e+05
 8.985468730525043793e+05
 8.999851799474908039e+05
 9.005082797090469394e+05
 9.008478090819537174e+05
 9.012632902582399547e+05
 9.017835152868247824e+05
 9.023827858851017663e+05
 9.027538732896614820e+05
 9.028770503191194730e+05
 9.030214675523913465e+05
 9.032122021692756098e+05
 9.035519160057645058e+05
 9.039404762619339162e+05
 9.043311975157188717e+05
 9.045368730610802304e+05
 9.047258825164120644e+05
 9.048103743216395378e+05
 9.049973505249897717e+05
 9.052481211234210059e+05
 9.055470920548466966e+05
 9.059192123673700262e+05
 9.059782514942840207e+05
 9.061767127440504264e+05
 9.057041170890909852e+05
 7.917002777427968103e+05
 7.917931605846047169e+05
 7.921687284344902728e+05
 7.933967131133377552e+05
 7.964179299788653152e+05
 8.035990008300347254e+05
 8.201847573175181169e+05
 8.486974391420832835e+05
 8.707456403341901023e+05
 8.780022684697480872e+05
 8.842077265612353804e+05
 8.852038200765317306e+05
 8.876674648504650686e+05
 8.889961237436146475e+05
 8.908937454821704887e+05
 8.929842916622051271e+05
 8.950354821646617493e+05
 8.963151115285686683e+05
 8.967055465359959053e+05
 8.971454005321472650e+05
 8.977917068139798939e+05
 8.985628721435384359e+05
 8.993761885573742911e+05
 8.998684385715053650e+05
 9.002186091637772042e+05
 9.006466853197866585e+05
 9.011403422526053619e+05
 9.016984825486976188e+05
 9.021935792391005671e+05
 9.026139653173242696e+05
 9.028150030600700993e+05
 9.030192383388294838e+05
 9.032370845743925311e+05
 9.035510902739800513e+05
 9.039137404763209634e+05
 9.042620242593649309e+05
 9.047069302938445471e+05
 9.047987557667549700e+05
 9.051317468448656145e+05
 9.047830412705619819e+05
 7.916892412520868238e+05
 7.917057013747710735e+05
 7.917819961736237165e+05
 7.920591902955698315e+05
 7.928117291475005914e+05
 7.947983547105954494e+05
 7.994018671161923558e+05
 8.102217942558981013e+05
 8.341683213926355820e+05
 8.557383144475462614e+05
 8.747615816088480642e+05
 8.790595784760882379e+05
 8.829849021049202420e+05
 8.837779974672924727e+05
 8.863083935039927019e+05
 8.887736885476133320e+05
 8.910441934798986185e+05
 8.921951536039940547e+05
 8.926669208170282654e+05
 8.934140983841570560e+05
 8.943777977889558533e+05
 8.955472094490440795e+05
 8.967708412280697376e+05
 8.974880192377897911e+05
 8.979945083316962700e+05
 8.984863384210409131e+05
 8.990135252145922277e+05
 8.996059161728792824e+05
 9.001746324776839465e+05
 9.006649040291036945e+05
 9.009822681209554430e+05
 9.013502025934185367e+05
 9.017692539902310818e+05
 9.022130954237468541e+05
 9.025906298446686706e+05
 9.028956748065610882e+05
 9.033490281863424461e+05
 9.035127009401206160e+05
 9.040655842368514277e+05
 9.038515359760952415e+05
 7.916875256569229532e+05
 7.916904318160924595e+05
 7.917055659596266923e+05
 7.917663087778092595e+05
 7.919470046204794198e+05
 7.924546274086460471e+05
 7.937385644871888217e+05
 7.969399429451874457e+05
 8.036197975858268328e+05
 8.192498605374714825e+05
 8.453521713352606166e+05
 8.655646040234519169e+05
 8.762447387355346000e+05
 8.778808926910148002e+05
 8.821722980808017310e+05
 8.841059140748616774e+05
 8.866324044184024679e+05
 8.877361282567760209e+05
 8.886390993897372391e+05
 8.895576938704077620e+05
 8.908709068595659919e+05
 8.924720787974190898e+05
 8.938549378344991710e+05
 8.945791247606393881e+05
 8.951409836461157538e+05
 8.957570790232934523e+05
 8.964898131437590346e+05
 8.972651014853722882e+05
 8.979462404296547174e+05
 8.984400819629598409e+05
 8.988613206388253020e+05
 8.993838480975211132e+05
 9.000334962983683217e+05
 9.006931076839079615e+05
 9.011149185877058189e+05
 9.014035823375445325e+05
 9.018482116311232094e+05
 9.021491330459425226e+05
 9.029236961709168972e+05
 9.028006884103727061e+05
 7.916872540605468675e+05
 7.916877662175911246e+05
 7.916907189091497567e+05
 7.917036792014176026e+05
 7.917458887253126595e+05
 7.918726515258355066e+05
 7.922110884124320000e+05
 7.931053034811227117e+05
 7.951199356270642020e+05
 7.996919519458326977e+05
 8.100744504331927747e+05
 8.318696707830135711e+05
 8.551201250500127207e+05
 8.678497027599476278e+05
 8.747042456363842357e+05
 8.767323379489446525e+05
 8.802721869012633106e+05
 8.818887711672713049e+05
 8.843274306341190822e+05
 8.864685233387413900e+05
 8.886692889990558615e+05
 8.902510417715695221e+05
 8.910347320962105878e+05
 8.915341394860881846e+05
 8.921551302122822963e+05
 8.930272952929311432e+05
 8.940661331607569009e+05
 8.950228959236058872e+05
 8.958694451272020815e+05
 8.965015355974845588e+05
 8.970389266987969168e+05
 8.976190748141964432e+05
 8.983295759448047029e+05
 8.990385088753665332e+05
 8.995139168499812949e+05
 8.998696666761222295e+05
 9.004298326696492732e+05
 9.009321162894130684e+05
 9.018809357762997970e+05
 9.018513728258484043e+05
 7.916872077163965441e+05
 7.916872977651664987e+05
 7.916878624503768515e+05
 7.916905458155268570e+05
 7.917000693099230994e+05
 7.917305316212830367e+05
 7.918166817903190386e+05
 7.920547908326645847e+05
 7.926117825541251805e+05
 7.939695100479212124e+05
 7.971218369072682690e+05
 8.040301813212676207e+05
 8.190654509345931001e+05
 8.450597549904107582e+05
 8.632033733973556664e+05
 8.720685549349538051e+05
 8.772129517993840855e+05
 8.785380815599034540e+05
 8.810347477374379523e+05
 8.826517340459786355e+05
 8.849260149300342891e+05
 8.857905662849121727e+05
 8.867353137174989097e+05
 8.878036591863806825e+05
 8.891506300610527396e+05
 8.906753734040805139e+05
 8.920507891062512062e+05
 8.929975501031599706e+05
 8.937816392714595422e+05
 8.944215714065687498e+05
 8.950633555580708198e+05
 8.957543535999688320e+05
 8.965716858012921875e+05
 8.973112830794280162e+05
 8.978737987929623341e+05
 8.983486451503981370e+05
 8.990677077497305581e+05
 8.997504469001886901e+05
 9.007801125752542866e+05
 9.008171980057642795e+05
 7.916872009022025159e+05
 7.916872165617746068e+05
 7.916873246230452787e+05
 7.916878748779487796e+05
 7.916899847526083468e+05
 7.916971570776742883e+05
 7.917185937280767830e+05
 7.917804306264508050e+05
 7.919318793701635441e+05
 7.923108294379713479e+05
 7.932214111459215637e+05
 7.953763237991193309e+05
 7.998450251340831164e+05
 8.102290400098981336e+05
 8.303033425313710468e+05
 8.551810411422844045e+05
 8.668196075857537799e+05
 8.728785175443880726e+05
 8.764567803916042903e+05
 8.780705346796885133e+05
 8.804075412218489219e+05
 8.816951684596221894e+05
 8.836186317665602546e+05
 8.851937603013047483e+05
 8.868178080085050315e+05
 8.884742117929034866e+05
 8.897163631419058656e+05
 8.904626385293307249e+05
 8.912179613570314832e+05
 8.920250571521082893e+05
 8.929533671205700375e+05
 8.938852203528730897e+05
 8.949175040539386682e+05
 8.957552318153225351e+05
 8.963842877064906061e+05
 8.969208061289431062e+05
 8.976919655515163904e+05
 8.984426958157630870e+05
 8.995057576910541393e+05
 8.997117625425126171e+05
 7.916872003084954340e+05
 7.916872023098210339e+05
 7.916872225638357922e+05
 7.916873342138606822e+05
 7.916877933387502562e+05
 7.916894474281545263e+05
 7.916946720194639638e+05
 7.917104058866992127e+05
 7.917508788169686450e+05
 7.918555707305357791e+05
 7.921130988496125210e+05
 7.927415680435688701e+05
 7.941269786210055463e+05
 7.973347696509193629e+05
 8.039622514455125201e+05
 8.205785848066387698e+05
 8.422607704950751504e+05
 8.633805154049944831e+05
 8.685514338864362799e+05
 8.718065868787958752e+05
 8.752513723524194211e+05
 8.777322340695417952e+05
 8.804092111815119861e+05
 8.823082784561412409e+05
 8.840963025547133293e+05
 8.857810751462103799e+05
 8.867499788263912778e+05
 8.877265860453515779e+05
 8.888406977568265283e+05
 8.899737947527164361e+05
 8.911117393490610411e+05
 8.920429367263992317e+05
 8.930029707450533751e+05
 8.938373777766728308e+05
 8.946274411309659481e+05
 8.953232582812751643e+05
 8.961996287023789482e+05
 8.969618539905936923e+05
 8.978574017845895141e+05
 8.983880327985794283e+05
 7.916872004561744398e+05
 7.916872004999817582e+05
 7.916872033776508179e+05
 7.916872254383941181e+05
 7.916873240582455182e+05
 7.916876988074183464e+05
 7.916889472368401475e+05
 7.916928712462341646e+05
 7.917035143284457736e+05
 7.917320062813743716e+05
 7.918040113400367554e+05
 7.919854637815011665e+05
 7.923935052916887216e+05
 7.933656745913985651e+05
 7.955382121980261290e+05
 8.004827555725283455e+05
 8.114575764650083147e+05
 8.339656240494665690e+05
 8.533993088248205604e+05
 8.677761360212097643e+05
 8.726576375115429983e+05
 8.764007733320279513e+05
 8.782300016883665230e+05
 8.793658511580668855e+05
 8.807859207053249702e+05
 8.819985861998065375e+05
 8.832766977189276367e+05
 8.848644640868431889e+05
 8.864434902040422894e+05
 8.878634163626155350e+05
 8.891842372822845355e+05
 8.901005577925826656e+05
 8.910055344984824769e+05
 8.918202889622703660e+05
 8.927136761038275436e+05
 8.935615679476710502e+05
 8.945614784150947817e+05
 8.953950650726509048e+05
 8.963558170597883873e+05
 8.971375724980807863e+05
 7.916872004263036652e+05
 7.916872004702575505e+05
 7.916872007302113343e+05
 7.916872040137823205e+05
 7.916872243934839498e+05
 7.916873078275723383e+05
 7.916875999223770341e+05
 7.916885567922645714e+05
 7.916912946196545381e+05
 7.916988976734164171e+05
 7.917186963047862519e+05
 7.917700072158693802e+05
 7.918892304690303281e+05
 7.921777439772007056e+05
 7.928401369291675510e+05
 7.944272729784436524e+05
 7.978966464724256657e+05
 8.057103322077326011e+05
 8.230188173438290833e+05
 8.489856085157813504e+05
 8.602927638928671367e+05
 8.697192617653203197e+05
 8.717039031283038203e+05
 8.742973565543966834e+05
 8.763821525248091202e+05
 8.784759272228885675e+05
 8.809883179196644342e+05
 8.830576122221866390e+05
 8.845333098509785486e+05
 8.855574883642534260e+05
 8.866226033442774788e+05
 8.877069701152513735e+05
 8.888773025530530140e+05
 8.899643780136860441e+05
 8.910648150233416818e+05
 8.920183176929615438e+05
 8.930819286965020001e+05
 8.939862830374054611e+05
 8.950084402371221222e+05
 8.960516519454431254e+05
 7.916872004544062074e+05
 7.916872004175378243e+05
 7.916872004983387887e+05
 7.916872009659484029e+05
 7.916872041623814730e+05
 7.916872220264880452e+05
 7.916872896787305363e+05
 7.916875200102510862e+05
 7.916882121136253700e+05
 7.916902059133352013e+05
 7.916955674941055477e+05
 7.917098450774869416e+05
 7.917441400489576627e+05
 7.918287327472248580e+05
 7.920278448742602486e+05
 7.925084142262422247e+05
 7.935906444450106937e+05
 7.961504232751580421e+05
 8.016832013780216221e+05
 8.155665720514977584e+05
 8.382397803630774142e+05
 8.602348105662774760e+05
 8.657484675590600818e+05
 8.710271243393619079e+05
 8.726964153103148565e+05
 8.758500268113948405e+05
 8.787588378941898700e+05
 8.807878220382893924e+05
 8.821687143317554146e+05
 8.831155885363942944e+05
 8.843986653639358701e+05
 8.858658284457579721e+05
 8.874764756545474520e+05
 8.888027116778411437e+05
 8.898586594868710963e+05
 8.906670288852077210e+05
 8.916308575895169051e+05
 8.926041328625609167e+05
 8.936782677049250342e+05
 8.950123341308471281e+05
 7.916872004500613548e+05
 7.916872004558492918e+05
 7.916872004175588954e+05
 7.916872005200802814e+05
 7.916872010420163861e+05
 7.916872039172548102e+05
 7.916872187580598984e+05
 7.916872734951230232e+05
 7.916874460532951634e+05
 7.916879614111569244e+05
 7.916893951548757032e+05
 7.916933198119043373e+05
 7.917031043609350454e+05
 7.917277943068328314e+05
 7.917872126196357422e+05
 7.919331067358878208e+05
 7.922659162356703309e+05
 7.930672874066567747e+05
 7.949249397183533292e+05
 7.992890183462633286e+05
 8.093825147855666000e+05
 8.307424368116352707e+05
 8.535334393555866554e+05
 8.668749492205062415e+05
 8.692984404162699357e+05
 8.737182961648995988e+05
 8.759714093517039437e+05
 8.781403276213215431e+05
 8.790403156903893687e+05
 8.801229589563177433e+05
 8.819223736664479366e+05
 8.837702284344828222e+05
 8.857119495307310717e+05
 8.871984680572091602e+05
 8.881505245880244765e+05
 8.889472460684501566e+05
 8.900102776684492128e+05
 8.911378614381114021e+05
 8.922141816776762716e+05
 8.936739032984082587e+05
 7.916872004470964894e+05
 7.916872004522774369e+05
 7.916872004488266539e+05
 7.916872004205472767e+05
 7.916872005227039335e+05
 7.916872010125500383e+05
 7.916872034209987614e+05
 7.916872154893660918e+05
 7.916872578775431029e+05
 7.916873894454056863e+05
 7.916877678180155344e+05
 7.916888321593196597e+05
 7.916915928391912021e+05
 7.916987428702318575e+05
 7.917163637046399526e+05
 7.917603598078315845e+05
 7.918628633905490860e+05
 7.921135825874443399e+05
 7.927027280981146032e+05
 7.941464394283494912e+05
 7.974945126789802453e+05
 8.054653831904804101e+05
 8.250162436252974439e+05
 8.488225463460178580e+05
 8.614489387121876935e+05
 8.687404142503690673e+05
 8.701636148106649052e+05
 8.734068900113827549e+05
 8.755138592454611789e+05
 8.781257558041296434e+05
 8.807687911835307023e+05
 8.822707296475716867e+05
 8.838138486315964255e+05
 8.848088881211826811e+05
 8.857229263678758871e+05
 8.868463238281484228e+05
 8.882847406404990470e+05
 8.897202401554533280e+05
 8.908182199562898604e+05
 8.922772500735754147e+05
 7.916872004495556466e+05
 7.916872004482862540e+05
 7.916872004530527629e+05
 7.916872004451495595e+05
 7.916872004246122669e+05
 7.916872005094746128e+05
 7.916872009336048504e+05
 7.916872029282113072e+05
 7.916872123187668622e+05
 7.916872453974775271e+05
 7.916873447007208597e+05
 7.916876316620246507e+05
 7.916884064159546979e+05
 7.916904713835011935e+05
 7.916956953797445167e+05
 7.917089975944336038e+05
 7.917408184076729231e+05
 7.918198592631390784e+05
 7.920091115358956158e+05
 7.924753592810450355e+05
 7.935869655033922754e+05
 7.963708291692645289e+05
 8.030147746072353330e+05
 8.197334989876856562e+05
 8.475645237443792867e+05
 8.627058787395074032e+05
 8.660894188039134024e+05
 8.714236760582961142e+05
 8.734650196045187768e+05
 8.763124637580604758e+05
 8.778640568053447641e+05
 8.791761857636019122e+05
 8.808991631443016231e+05
 8.824442939737016568e+05
 8.840676883621446323e+05
 8.856536423847700935e+05
 8.871894961967165582e+05
 8.884215100892883493e+05
 8.893356846904662671e+05
 8.907711965728289215e+05
 7.916872004486364312e+05
 7.916872004497619346e+05
 7.916872004478576127e+05
 7.916872004533454310e+05
 7.916872004433218390e+05
 7.916872004244038835e+05
 7.916872004830054939e+05
 7.916872008312186226e+05
 7.916872024564797757e+05
 7.916872097049864242e+05
 7.916872351255253889e+05
 7.916873118280626368e+05
 7.916875266808399465e+05
 7.916881154775375035e+05
 7.916896453562362585e+05
 7.916936196962508839e+05
 7.917034102794514038e+05
 7.917281641547072213e+05
 7.917883882844315376e+05
 7.919385734930878971e+05
 7.923010052908210782e+05
 7.932244183503044769e+05
 7.955505193923898041e+05
 8.012147342440581415e+05
 8.170364458451194223e+05
 8.411417367313413415e+05
 8.604447378032426350e+05
 8.680147253424017690e+05
 8.708804895764518296e+05
 8.734512276273032185e+05
 8.753801000923074316e+05
 8.774533120050583966e+05
 8.797767406428060494e+05
 8.812442542791583110e+05
 8.827748848657655763e+05
 8.842117192836920731e+05
 8.856542683851926122e+05
 8.869701039638343500e+05
 8.879750518523228820e+05
 8.895486699749052059e+05
 7.916872004490545951e+05
 7.916872004492949927e+05
 7.916872004486992955e+05
 7.916872004499428440e+05
 7.916872004506341182e+05
 7.916872004463567864e+05
 7.916872004316740204e+05
 7.916872004744519945e+05
 7.916872007702693809e+05
 7.916872020636902889e+05
 7.916872075245857704e+05
 7.916872272775646998e+05
 7.916872864687079564e+05
 7.916874534136676230e+05
 7.916878989654323086e+05
 7.916890810500937514e+05
 7.916920882514141267e+05
 7.916998505715143401e+05
 7.917190871098348871e+05
 7.917676669437754899e+05
 7.918868287563584745e+05
 7.921948083600595128e+05
 7.929753618888619822e+05
 7.949924667364743073e+05
 8.002742044394847471e+05
 8.146462108898255974e+05
 8.426625686307598371e+05
 8.576930928065420594e+05
 8.655281538526093354e+05
 8.696728524994698819e+05
 8.725868713828374166e+05
 8.754105425475407392e+05
 8.776590714417267591e+05
 8.792745970728981774e+05
 8.809976561872587772e+05
 8.824479034613477997e+05
 8.837884395783087239e+05
 8.850881460263228510e+05
 8.861727148177342024e+05
 8.880384522584220394e+05
 7.916872004489608807e+05
 7.916872004490137333e+05
 7.916872004493724089e+05
 7.916872004479774041e+05
 7.916872004517326131e+05
 7.916872004469211679e+05
 7.916872004515186418e+05
 7.916872004314637743e+05
 7.916872004621883389e+05
 7.916872007114065345e+05
 7.916872017269169446e+05
 7.916872058637395967e+05
 7.916872212947823573e+05
 7.916872681878199801e+05
 7.916873970832545310e+05
 7.916877458818478044e+05
 7.916886632188763469e+05
 7.916910856843562797e+05
 7.916972105165764224e+05
 7.917129091721420409e+05
 7.917521876770205563e+05
 7.918550367577439174e+05
 7.921186629815680208e+05
 7.928063468323008856e+05
 7.946703665987886488e+05
 7.996820461616573157e+05
 8.139688989474517293e+05
 8.396646980223892024e+05
 8.612540086574314628e+05
 8.665423095432219561e+05
 8.706522558701231610e+05
 8.733761475014020689e+05
 8.752511486453295220e+05
 8.770819794354067417e+05
 8.788241183662440162e+05
 8.803857717448920012e+05
 8.819988022531068418e+05
 8.836669250849108212e+05
 8.848938047473166371e+05
 8.868316588780117454e+05
 7.916872004489422543e+05
 7.916872004489884712e+05
 7.916872004489717074e+05
 7.916872004492531996e+05
 7.916872004481346812e+05
 7.916872004516783636e+05
 7.916872004454628332e+05
 7.916872004543021321e+05
 7.916872004332444631e+05
 7.916872004510016413e+05
 7.916872006512079388e+05
 7.916872014533339534e+05
 7.916872047005278291e+05
 7.916872171191012021e+05
 7.916872547317632707e+05
 7.916873596276883036e+05
 7.916876446897948626e+05
 7.916884160826414591e+05
 7.916904118349661585e+05
 7.916956182454958325e+05
 7.917089427061544266e+05
 7.917443275800957344e+05
 7.918358341191690415e+05
 7.920779959696227452e+05
 7.927296258487720042e+05
 7.945736241240719100e+05
 7.997409346707225777e+05
 8.141825009571842384e+05
 8.424859001464201137e+05
 8.581900979034305783e+05
 8.666415657588439062e+05
 8.683727644486575155e+05
 8.717809669776065275e+05
 8.745538167559974827e+05
 8.767788460877715843e+05
 8.786592113756145118e+05
 8.802616915659944061e+05
 8.816023961787424050e+05
 8.827148800663629081e+05
 8.847972077534024138e+05
 7.916872004489514511e+05
 7.916872004488927778e+05
 7.916872004490265390e+05
 7.916872004489046521e+05
 7.916872004490757827e+05
 7.916872004486473743e+05
 7.916872004505554214e+05
 7.916872004462408368e+05
 7.916872004545733798e+05
 7.916872004334076773e+05
 7.916872004378084093e+05
 7.916872005957047222e+05
 7.916872012477673125e+05
 7.916872038387693465e+05
 7.916872137509819586e+05
 7.916872446810954716e+05
 7.916873325644255383e+05
 7.916875758331525140e+05
 7.916882193376789801e+05
 7.916899275838797912e+05
 7.916944059881898575e+05
 7.917064839992419584e+05
 7.917380862764993217e+05
 7.918226203830959275e+05
 7.920509361360499170e+05
 7.927026163616799749e+05
 7.945893961042840965e+05
 7.998907213013067376e+05
 8.156435479623391293e+05
 8.438571019863957772e+05
 8.610136959062933456e+05
 8.645688779756838921e+05
 8.703794411506357137e+05
 8.728223487701549893e+05
 8.747355473302649334e+05
 8.766932769489341881e+05
 8.783815243701338768e+05
 8.800461874213807750e+05
 8.814930299379334319e+05
 8.839034544925813098e+05
 7.916872004488983657e+05
 7.916872004489398096e+05
 7.916872004488618113e+05
 7.916872004490694962e+05
 7.916872004487789236e+05
 7.916872004491850967e+05
 7.916872004486650694e+05
 7.916872004499640316e+05
 7.916872004472851986e+05
 7.916872004534556763e+05
 7.916872004380099243e+05
 7.916872004237531219e+05
 7.916872005506188143e+05
 7.916872010904678609e+05
 7.916872031618703622e+05
 7.916872112458492629e+05
 7.916872378328538034e+05
 7.916873147215974750e+05
 7.916875228459723294e+05
 7.916880851883327123e+05
 7.916895972809864907e+05
 7.916937468995781383e+05
 7.917047590355009306e+05
 7.917345809431711677e+05
 7.918155341076290933e+05
 7.920490716572275851e+05
 7.927244574948784430e+05
 7.947093007190811913e+05
 8.005431508579844376e+05
 8.193993905306580709e+05
 8.465760471649039537e+05
 8.591080297552880365e+05
 8.683671987420700025e+05
 8.697415650837363210e+05
 8.724680957591512706e+05
 8.751301208900928032e+05
 8.766711831486859592e+05
 8.786845641051993007e+05
 8.802682651723569725e+05
 8.825638668557060882e+05
 7.916872004488976672e+05
 7.916872004489090759e+05
 7.916872004489003448e+05
 7.916872004489165265e+05
 7.916872004489353858e+05
 7.916872004489112878e+05
 7.916872004489377141e+05
 7.916872004491288681e+05
 7.916872004488324746e+05
 7.916872004490871914e+05
 7.916872004519867478e+05
 7.916872004410885274e+05
 7.916872004195291083e+05
 7.916872005154931685e+05
 7.916872009604317136e+05
 7.916872026646509767e+05
 7.916872096208577277e+05
 7.916872331520870794e+05
 7.916873001569958869e+05
 7.916874843584136106e+05
 7.916879919465072453e+05
 7.916894095426403219e+05
 7.916932306747974362e+05
 7.917037105070627294e+05
 7.917324919774869923e+05
 7.918161666583569022e+05
 7.920588689145318931e+05
 7.927793901467582909e+05
 7.949780527540605981e+05
 8.019973257707909215e+05
 8.218411406803549035e+05
 8.510765670956610702e+05
 8.646241368376535829e+05
 8.660060323837260948e+05
 8.706160643692882732e+05
 8.734024835396644194e+05
 8.748951274770894088e+05
 8.772298718841079390e+05
 8.788362347799076233e+05
 8.809998656169935130e+05
 7.916872004488927778e+05
 7.916872004489032552e+05
 7.916872004488920793e+05
 7.916872004489114042e+05
 7.916872004488939419e+05
 7.916872004489457468e+05
 7.916872004488820676e+05
 7.916872004489456303e+05
 7.916872004491555272e+05
 7.916872004483597120e+05
 7.916872004502436612e+05
 7.916872004509663675e+05
 7.916872004427344073e+05
 7.916872004221787211e+05
 7.916872004944582004e+05
 7.916872008780562319e+05
 7.916872024252028205e+05
 7.916872088101629633e+05
 7.916872304959129542e+05
 7.916872935650061117e+05
 7.916874718741050456e+05
 7.916879780493529979e+05
 7.916893650765153579e+05
 7.916932210637424141e+05
 7.917039186447665561e+05
 7.917351889013338368e+05
 7.918258080365043133e+05
 7.920968892339358572e+05
 7.929196110926638357e+05
 7.956470256513127824e+05
 8.037571255671624094e+05
 8.283133287983484333e+05
 8.515521736183576286e+05
 8.608781333761464339e+05
 8.687816646621241234e+05
 8.704005115547572495e+05
 8.726806124790164176e+05
 8.753879166415571235e+05
 8.767870252766485792e+05
 8.789834430681494996e+05
 7.916872004488954553e+05
 7.916872004488981329e+05
 7.916872004488960374e+05
 7.916872004489018582e+05
 7.916872004488935927e+05
 7.916872004489155952e+05
 7.916872004488979001e+05
 7.916872004489260726e+05
 7.916872004488697276e+05
 7.916872004492945271e+05
 7.916872004476522561e+05
 7.916872004521300551e+05
 7.916872004470055690e+05
 7.916872004471155815e+05
 7.916872004266027361e+05
 7.916872004835313419e+05
 7.916872008396441815e+05
 7.916872022912111133e+05
 7.916872081942502409e+05
 7.916872286969043780e+05
 7.916872904715129407e+05
 7.916874690175224096e+05
 7.916879655743633630e+05
 7.916893627677974291e+05
 7.916932905663445126e+05
 7.917048433297127485e+05
 7.917383877805559896e+05
 7.918391174596834462e+05
 7.921444289592446294e+05
 7.931536779794420581e+05
 7.963355690480237827e+05
 8.067320808731206926e+05
 8.329098297548122937e+05
 8.575973433842712548e+05
 8.651498566144248471e+05
 8.675950045454986393e+05
 8.711623974915026920e+05
 8.737221927764258580e+05
 8.749085236381146824e+05
 8.773779441650493536e+05
 7.916872004488948733e+05
 7.916872004488958046e+05
 7.916872004488941748e+05
 7.916872004488974344e+05
 7.916872004488968523e+05
 7.916872004488967359e+05
 7.916872004489076789e+05
 7.916872004489043029e+05
 7.916872004488806706e+05
 7.916872004490187392e+05
 7.916872004488711245e+05
 7.916872004482429475e+05
 7.916872004516031593e+05
 7.916872004459509626e+05
 7.916872004508490209e+05
 7.916872004259966780e+05
 7.916872004788711201e+05
 7.916872008221957367e+05
 7.916872021941004787e+05
 7.916872078574360348e+05
 7.916872284987583989e+05
 7.916872917545277160e+05
 7.916874711478019599e+05
 7.916879821232423419e+05
 7.916894385245593730e+05
 7.916937534459594171e+05
 7.917063310490426375e+05
 7.917442531210433226e+05
 7.918587294805797283e+05
 7.922367150856882799e+05
 7.934458768842942081e+05
 7.975061155193594750e+05
 8.104889339631563053e+05
 8.406748273220860865e+05
 8.556218421370789874e+05
 8.644401098857410252e+05
 8.689215266425933223e+05
 8.710705736463877838e+05
 8.730127138400860131e+05
 8.763004993831678294e+05
 7.916872004488965031e+05
 7.916872004488966195e+05
 7.916872004488963867e+05
 7.916872004488979001e+05
 7.916872004488958046e+05
 7.916872004489033716e+05
 7.916872004488821840e+05
 7.916872004489391111e+05
 7.916872004488222301e+05
 7.916872004490229301e+05
 7.916872004488497041e+05
 7.916872004488981329e+05
 7.916872004486031365e+05
 7.916872004508057144e+05
 7.916872004460695898e+05
 7.916872004516007146e+05
 7.916872004258823581e+05
 7.916872004769989289e+05
 7.916872008105048444e+05
 7.916872021511151688e+05
 7.916872079658764414e+05
 7.916872293439812493e+05
 7.916872935327934101e+05
 7.916874787208016496e+05
 7.916880140483598225e+05
 7.916896112289165612e+05
 7.916942917134893360e+05
 7.917084598181983456e+05
 7.917513326959493570e+05
 7.918924126422405243e+05
 7.923479070152221248e+05
 7.938971000725394115e+05
 7.989127616725016851e+05
 8.160208435930139385e+05
 8.442358049476949964e+05
 8.625590435808327748e+05
 8.659397366479751654e+05
 8.692173492352339672e+05
 8.717020230266877916e+05
 8.750403312491306569e+05
 7.916872004488947568e+05
 7.916872004488953389e+05
 7.916872004488946404e+05
 7.916872004488963867e+05
 7.916872004488937091e+05
 7.916872004488985986e+05
 7.916872004488887032e+05
 7.916872004489050014e+05
 7.916872004489005776e+05
 7.916872004488536622e+05
 7.916872004490189720e+05
 7.916872004487449303e+05
 7.916872004490292165e+05
 7.916872004487883532e+05
 7.916872004501910415e+05
 7.916872004469002131e+05
 7.916872004503635690e+05
 7.916872004256846849e+05
 7.916872004781970754e+05
 7.916872008350086398e+05
 7.916872022972460836e+05
 7.916872087657453958e+05
 7.916872320641594706e+05
 7.916873029788052663e+05
 7.916875107126142830e+05
 7.916881331152205821e+05
 7.916899651354546659e+05
 7.916955257922459859e+05
 7.917122887083527166e+05
 7.917670301193798659e+05
 7.919435976044465788e+05
 7.925445212761837756e+05
 7.945181630002158927e+05
 8.013620830095488345e+05
 8.237023602490411140e+05
 8.518770445533382008e+05
 8.587834871340380050e+05
 8.661103749272490386e+05
 8.694397593720685691e+05
 8.729201654265415855e+05
 7.916872004488955718e+05
 7.916872004488960374e+05
 7.916872004488953389e+05
 7.916872004488962702e+05
 7.916872004488941748e+05
 7.916872004488990642e+05
 7.916872004488918465e+05
 7.916872004488977836e+05
 7.916872004488956882e+05
 7.916872004488962702e+05
 7.916872004488706589e+05
 7.916872004490136169e+05
 7.916872004486297956e+05
 7.916872004493274726e+05
 7.916872004482634366e+05
 7.916872004508622922e+05
 7.916872004461935721e+05
 7.916872004507738166e+05
 7.916872004240566166e+05
 7.916872004785886966e+05
 7.916872008837336907e+05
 7.916872025279675145e+05
 7.916872097567972960e+05
 7.916872355876809452e+05
 7.916873147751425859e+05
 7.916875532927084714e+05
 7.916882576636001468e+05
 7.916903980159581406e+05
 7.916968572850548662e+05
 7.917178128225958208e+05
 7.917852591180261225e+05
 7.920143499965490773e+05
 7.927646697709636064e+05
 7.954679863150229212e+05
 8.046788921522004530e+05
 8.300050829399580834e+05
 8.524416121731053572e+05
 8.648135360502223484e+05
 8.672910203184178099e+05
 8.705485043748458847e+05
 7.916872004488947568e+05
 7.916872004488955718e+05
 7.916872004488946404e+05
 7.916872004488961538e+05
 7.916872004488953389e+05
 7.916872004488958046e+05
 7.916872004488974344e+05
 7.916872004488919629e+05
 7.916872004489020910e+05
 7.916872004488914972e+05
 7.916872004488944076e+05
 7.916872004489036044e+05
 7.916872004489309620e+05
 7.916872004487240920e+05
 7.916872004493253771e+05
 7.916872004480471369e+05
 7.916872004517323803e+05
 7.916872004443659680e+05
 7.916872004540872294e+05
 7.916872004188782303e+05
 7.916872004831442609e+05
 7.916872009457645472e+05
 7.916872028077520663e+05
 7.916872111185245449e+05
 7.916872407410347369e+05
 7.916873329267356312e+05
 7.916876068919603713e+05
 7.916884406964225927e+05
 7.916909599176256452e+05
 7.916990837055263110e+05
 7.917251444158012746e+05
 7.918133445784018841e+05
 7.921010404702241067e+05
 7.931397001959882909e+05
 7.968061835376266390e+05
 8.090846496907754336e+05
 8.388002348306940403e+05
 8.581936743833512301e+05
 8.622964467720375396e+05
 8.683790413384651765e+05
 7.916872004488953389e+05
 7.916872004488955718e+05
 7.916872004488951061e+05
 7.916872004488963867e+05
 7.916872004488958046e+05
 7.916872004488960374e+05
 7.916872004488961538e+05
 7.916872004488974344e+05
 7.916872004488913808e+05
 7.916872004489093088e+05
 7.916872004488693783e+05
 7.916872004489370156e+05
 7.916872004488428356e+05
 7.916872004489931278e+05
 7.916872004486953374e+05
 7.916872004492370179e+05
 7.916872004483295605e+05
 7.916872004511312116e+05
 7.916872004451937973e+05
 7.916872004531488055e+05
 7.916872004195391200e+05
 7.916872004991940921e+05
 7.916872010282033589e+05
 7.916872032116155606e+05
 7.916872130654701032e+05
 7.916872477198983543e+05
 7.916873532385667786e+05
 7.916876740535775898e+05
 7.916886473304450046e+05
 7.916917683066010941e+05
 7.917017423364827409e+05
 7.917353469119202346e+05
 7.918449568878193386e+05
 7.922408973074821988e+05
 7.936499599167191191e+05
 7.985595557544820476e+05
 8.147279581752216909e+05
 8.427256095325110946e+05
 8.570696421577669680e+05
 8.673312556797612924e+05
 7.916872004488953389e+05
 7.916872004488954553e+05
 7.916872004488948733e+05
 7.916872004488952225e+05
 7.916872004488951061e+05
 7.916872004488948733e+05
 7.916872004488946404e+05
 7.916872004488960374e+05
 7.916872004488933599e+05
 7.916872004488990642e+05
 7.916872004488930106e+05
 7.916872004488892853e+05
 7.916872004489155952e+05
 7.916872004488476086e+05
 7.916872004489959218e+05
 7.916872004486907972e+05
 7.916872004491400439e+05
 7.916872004487572704e+05
 7.916872004498373717e+05
 7.916872004477061564e+05
 7.916872004487600643e+05
 7.916872004188359715e+05
 7.916872005304044578e+05
 7.916872011770256795e+05
 7.916872039260381134e+05
 7.916872162378020585e+05
 7.916872580425286433e+05
 7.916873875094021205e+05
 7.916877804789916845e+05
 7.916890316389782820e+05
 7.916930105550164590e+05
 7.917063341007992858e+05
 7.917495023652098607e+05
 7.919039675001455471e+05
 7.924523956388975494e+05
 7.944241798905852484e+05
 8.009416999768039677e+05
 8.231608187133751344e+05
 8.488874922802482033e+05
 8.634263643755372614e+05
 7.916872004488955718e+05
 7.916872004488959210e+05
 7.916872004488953389e+05
 7.916872004488951061e+05
 7.916872004488953389e+05
 7.916872004488965031e+05
 7.916872004488953389e+05
 7.916872004488969687e+05
 7.916872004488930106e+05
 7.916872004488992970e+05
 7.916872004488918465e+05
 7.916872004489016254e+05
 7.916872004488816019e+05
 7.916872004489231622e+05
 7.916872004488296807e+05
 7.916872004490646068e+05
 7.916872004484562203e+05
 7.916872004497754388e+05
 7.916872004474932328e+05
 7.916872004520376213e+05
 7.916872004449749365e+05
 7.916872004494268913e+05
 7.916872004196328344e+05
 7.916872005683844909e+05
 7.916872013552850112e+05
 7.916872049151679967e+05
 7.916872201240172144e+05
 7.916872711178581230e+05
 7.916874273840681417e+05
 7.916879204069863772e+05
 7.916894779756368371e+05
 7.916946477408972569e+05
 7.917113552530598827e+05
 7.917705339797887718e+05
 7.919795989606035873e+05
 7.927384580007158220e+05
 7.953066646230681799e+05
 8.046616502829911187e+05
 8.271980265311599942e+05
 8.550084412788163172e+05
 7.916872004488941748e+05
 7.916872004488937091e+05
 7.916872004488939419e+05
 7.916872004488939419e+05
 7.916872004488930106e+05
 7.916872004488939419e+05
 7.916872004488930106e+05
 7.916872004488939419e+05
 7.916872004488930106e+05
 7.916872004488934763e+05
 7.916872004488940584e+05
 7.916872004488930106e+05
 7.916872004488916136e+05
 7.916872004489017418e+05
 7.916872004488629755e+05
 7.916872004489810206e+05
 7.916872004486991791e+05
 7.916872004491769476e+05
 7.916872004485537764e+05
 7.916872004493753193e+05
 7.916872004496394657e+05
 7.916872004485751968e+05
 7.916872004396035336e+05
 7.916872004335031379e+05
 7.916872006384807173e+05
 7.916872016013271641e+05
 7.916872061968429480e+05
 7.916872252706567524e+05
 7.916872875475479523e+05
 7.916874839113029884e+05
 7.916881006854345324e+05
 7.916901304216327844e+05
 7.916966679467335343e+05
 7.917195560510158539e+05
 7.917998470476465300e+05
 7.920928448146134615e+05
 7.930768637254252099e+05
 7.967775170066246064e+05
 8.079914053165554069e+05
 8.432286084413749631e+05
 7.916872004488946404e+05
 7.916872004488952225e+05
 7.916872004488948733e+05
 7.916872004488961538e+05
 7.916872004488951061e+05
 7.916872004488953389e+05
 7.916872004488953389e+05
 7.916872004488954553e+05
 7.916872004488951061e+05
 7.916872004488955718e+05
 7.916872004488952225e+05
 7.916872004488979001e+05
 7.916872004488885868e+05
 7.916872004489129176e+05
 7.916872004488554085e+05
 7.916872004489746178e+05
 7.916872004487839295e+05
 7.916872004489847459e+05
 7.916872004489133833e+05
 7.916872004484761273e+05
 7.916872004503046628e+05
 7.916872004473321140e+05
 7.916872004530720878e+05
 7.916872004266905133e+05
 7.916872004490393447e+05
 7.916872007484869100e+05
 7.916872019850028446e+05
 7.916872080501519376e+05
 7.916872317634825595e+05
 7.916873092209363822e+05
 7.916875512399270665e+05
 7.916883371752299136e+05
 7.916908687685834011e+05
 7.916996189327073516e+05
 7.917300381310593802e+05
 7.918409404758836608e+05
 7.922141036738806870e+05
 7.936287859860104509e+05
 7.981917161184626166e+05
 8.243226152126779780e+05
 7.916872004488958046e+05
 7.916872004488959210e+05
 7.916872004488955718e+05
 7.916872004488962702e+05
 7.916872004488961538e+05
 7.916872004488958046e+05
 7.916872004488951061e+05
 7.916872004488961538e+05
 7.916872004488955718e+05
 7.916872004488972016e+05
 7.916872004488951061e+05
 7.916872004489010433e+05
 7.916872004488863749e+05
 7.916872004489196697e+05
 7.916872004488505190e+05
 7.916872004489698447e+05
 7.916872004487974336e+05
 7.916872004490190884e+05
 7.916872004487205995e+05
 7.916872004492268898e+05
 7.916872004480517935e+05
 7.916872004513955908e+05
 7.916872004452138208e+05
 7.916872004563069204e+05
 7.916872004113665316e+05
 7.916872004571121652e+05
 7.916872008607377065e+05
 7.916872025135621661e+05
 7.916872105582111981e+05
 7.916872410469956230e+05
 7.916873392773302039e+05
 7.916876568030102644e+05
 7.916886745717711747e+05
 7.916921514294056688e+05
 7.917041463468486909e+05
 7.917477816160898656e+05
 7.918940816716204863e+05
 7.924435830444075400e+05
 7.942901606856123544e+05
 8.092129938943402376e+05
 7.916872004488946404e+05
 7.916872004488956882e+05
 7.916872004488952225e+05
 7.916872004488951061e+05
 7.916872004488948733e+05
 7.916872004488951061e+05
 7.916872004488944076e+05
 7.916872004488951061e+05
 7.916872004488949897e+05
 7.916872004488956882e+05
 7.916872004488932434e+05
 7.916872004488989478e+05
 7.916872004488854436e+05
 7.916872004489121027e+05
 7.916872004488694947e+05
 7.916872004489246756e+05
 7.916872004488738021e+05
 7.916872004488967359e+05
 7.916872004489141982e+05
 7.916872004488562234e+05
 7.916872004488693783e+05
 7.916872004488992970e+05
 7.916872004500703188e+05
 7.916872004474011483e+05
 7.916872004534706939e+05
 7.916872003991819220e+05
 7.916872004739700351e+05
 7.916872010088283569e+05
 7.916872032093249727e+05
 7.916872139113997109e+05
 7.916872524906364270e+05
 7.916873784169860883e+05
 7.916877807797107380e+05
 7.916891366859588306e+05
 7.916937686158375582e+05
 7.917104509514975362e+05
 7.917667345904472750e+05
 7.919759827962412965e+05
 7.926975234156218357e+05
 8.003048116631899029e+05
 7.916872004488941748e+05
 7.916872004488949897e+05
 7.916872004488939419e+05
 7.916872004488946404e+05
 7.916872004488951061e+05
 7.916872004488953389e+05
 7.916872004488954553e+05
 7.916872004488955718e+05
 7.916872004488951061e+05
 7.916872004488962702e+05
 7.916872004488927778e+05
 7.916872004488998791e+05
 7.916872004488867242e+05
 7.916872004489072133e+05
 7.916872004488777602e+05
 7.916872004489186220e+05
 7.916872004488592502e+05
 7.916872004489675164e+05
 7.916872004487414379e+05
 7.916872004492115229e+05
 7.916872004482727498e+05
 7.916872004499034956e+05
 7.916872004473441048e+05
 7.916872004521144554e+05
 7.916872004465821665e+05
 7.916872004525056109e+05
 7.916872003937613918e+05
 7.916872005073872861e+05
 7.916872011531415628e+05
 7.916872042545528384e+05
 7.916872185753411613e+05
 7.916872698886607541e+05
 7.916874367122887634e+05
 7.916879933705293806e+05
 7.916898798630952369e+05
 7.916965913409038913e+05
 7.917195511079905555e+05
 7.918039995084664552e+05
 7.921018414144169074e+05
 7.961013402660670690e+05
 7.916872004488948733e+05
 7.916872004488953389e+05
 7.916872004488953389e+05
 7.916872004488958046e+05
 7.916872004488953389e+05
 7.916872004488960374e+05
 7.916872004488959210e+05
 7.916872004488963867e+05
 7.916872004488948733e+05
 7.916872004488963867e+05
 7.916872004488933599e+05
 7.916872004488998791e+05
 7.916872004488898674e+05
 7.916872004489018582e+05
 7.916872004488895182e+05
 7.916872004489067476e+05
 7.916872004488718230e+05
 7.916872004489526153e+05
 7.916872004487861414e+05
 7.916872004490720574e+05
 7.916872004487093072e+05
 7.916872004489159444e+05
 7.916872004491270054e+05
 7.916872004480024334e+05
 7.916872004513924476e+05
 7.916872004498452879e+05
 7.916872004470906686e+05
 7.916872003827132285e+05
 7.916872005895873299e+05
 7.916872016382934526e+05
 7.916872072348252404e+05
 7.916872321905577555e+05
 7.916873226092213299e+05
 7.916876280169307720e+05
 7.916886495800780831e+05
 7.916922163325846195e+05
 7.917044972771841567e+05
 7.917488241914842511e+05
 7.919061807038458064e+05
 7.944095778898706194e+05
 </DataArray>
 <DataArray Name="T" type="Float32" NumberOfComponents="1" format="ascii">
 1.141218347419895053e+03
 1.209526390143856133e+03
 1.251222370399590773e+03
 1.250950478995412141e+03
 1.262399340456210439e+03
 1.269323645371788189e+03
 1.266656926070120107e+03
 1.267402866554801676e+03
 1.270061613781988854e+03
 1.270709686079078665e+03
 1.269423368006550390e+03
 1.270416197688744433e+03
 1.270629637480387373e+03
 1.270516374210446202e+03
 1.270601904418396998e+03
 1.270557257789373125e+03
 1.270429725341570020e+03
 1.270350255567734621e+03
 1.270343394875621243e+03
 1.270195615099408997e+03
 1.270037137459669793e+03
 1.269850976096332715e+03
 1.269470544026691186e+03
 1.269264490352619077e+03
 1.269281585199114261e+03
 1.269333757865356802e+03
 1.269234929648752995e+03
 1.269157416612474890e+03
 1.269007893661658500e+03
 1.268926441576221350e+03
 1.268749765191950473e+03
 1.268720403091636626e+03
 1.268613291477137182e+03
 1.268648914476202890e+03
 1.268637611188682286e+03
 1.268695111141738607e+03
 1.268699983005456033e+03
 1.268565394367761201e+03
 1.268724505355308793e+03
 1.268048558927344402e+03
 1.109491157212436065e+03
 1.132896832064815726e+03
 1.178526079719953714e+03
 1.226597030694415253e+03
 1.247502392287508201e+03
 1.250882740071498574e+03
 1.250013598916383671e+03
 1.252410337715495416e+03
 1.255277932452945151e+03
 1.257283054520273481e+03
 1.257900882658047976e+03
 1.259108415212988120e+03
 1.259912294329216820e+03
 1.260526253082588482e+03
 1.261223848325707422e+03
 1.261233080597368826e+03
 1.261092459047026750e+03
 1.261204451459220763e+03
 1.261653704693167128e+03
 1.262175338501117039e+03
 1.262470703001661832e+03
 1.262663112959195132e+03
 1.262728974192655414e+03
 1.262894741601871829e+03
 1.263108708963457275e+03
 1.263372836394802107e+03
 1.263347082231742434e+03
 1.263362817477881890e+03
 1.263344641836114306e+03
 1.263427480541116211e+03
 1.263521831548220234e+03
 1.263771735692959965e+03
 1.263907729595175852e+03
 1.264123166875512879e+03
 1.264189820349822867e+03
 1.264325442502657779e+03
 1.264346753380265454e+03
 1.264255981673718679e+03
 1.264472791901214578e+03
 1.263767320034953627e+03
 1.103838667748921125e+03
 1.107887721948388844e+03
 1.118692274203643819e+03
 1.147332283431515862e+03
 1.187597528605027492e+03
 1.223221546841295321e+03
 1.234531618794617316e+03
 1.241109542623872585e+03
 1.242126165307346810e+03
 1.245578861934136512e+03
 1.249319312667469376e+03
 1.251663639466894438e+03
 1.252692582444361506e+03
 1.254457609433536618e+03
 1.255925722671634503e+03
 1.256297872455830884e+03
 1.256674925153946333e+03
 1.257378115236956319e+03
 1.258359307012327008e+03
 1.259005053259348415e+03
 1.259500162757874250e+03
 1.259954999772755855e+03
 1.260366607201008264e+03
 1.260789809213474882e+03
 1.261160804549085697e+03
 1.261412330113431835e+03
 1.261449837462931555e+03
 1.261557123449036453e+03
 1.261693320145718644e+03
 1.261958844923435208e+03
 1.262243091992608015e+03
 1.262668766151261480e+03
 1.262862169756835556e+03
 1.263087024259241389e+03
 1.263209210625632750e+03
 1.263415880424615125e+03
 1.263647609345185629e+03
 1.263639708853706225e+03
 1.263876862750747023e+03
 1.263150414992207743e+03
 1.103122179902135713e+03
 1.103864781361329278e+03
 1.106409225155679451e+03
 1.113541791245711238e+03
 1.128907123490826052e+03
 1.164294668858786508e+03
 1.203640726579357533e+03
 1.229668734935360135e+03
 1.234554612635776039e+03
 1.237180364283355857e+03
 1.240951018461322292e+03
 1.243387351592115465e+03
 1.245978670602469265e+03
 1.247427017337092138e+03
 1.248637068565263462e+03
 1.250175896699769737e+03
 1.251879783347450257e+03
 1.253883671378317104e+03
 1.254612468100898013e+03
 1.255085509597721284e+03
 1.255664369199321300e+03
 1.256389160766247869e+03
 1.257224080756775493e+03
 1.257741089756033261e+03
 1.257912703321864683e+03
 1.258113909313585509e+03
 1.258379645935705867e+03
 1.258852944432176173e+03
 1.259394297080434171e+03
 1.259938660488962796e+03
 1.260225213216359180e+03
 1.260488546296789082e+03
 1.260606262562901520e+03
 1.260866762861729512e+03
 1.261216143235585378e+03
 1.261632677615799594e+03
 1.262151125690342724e+03
 1.262233380597267114e+03
 1.262509882173101914e+03
 1.261851449136512883e+03
 1.103018219639227937e+03
 1.103147626524239968e+03
 1.103670877800992912e+03
 1.105381739237177271e+03
 1.109590980211121860e+03
 1.119595842162090094e+03
 1.142703566267420229e+03
 1.182428205032153528e+03
 1.213146354701751079e+03
 1.223256485102977877e+03
 1.231902096994934027e+03
 1.233289881396082365e+03
 1.236722297865753490e+03
 1.238573421337641093e+03
 1.241217239219804924e+03
 1.244129844646886340e+03
 1.246987618680528385e+03
 1.248770432887438574e+03
 1.249314397489806879e+03
 1.249927213962625729e+03
 1.250827665338443467e+03
 1.251902073713393520e+03
 1.253035208117931461e+03
 1.253721024138802704e+03
 1.254208891269983724e+03
 1.254805298537665749e+03
 1.255493074715669081e+03
 1.256270690857802947e+03
 1.256960472944976800e+03
 1.257546166188492407e+03
 1.257826257403966110e+03
 1.258110803513015071e+03
 1.258414312774867085e+03
 1.258851794000341897e+03
 1.259357048061485330e+03
 1.259842286439066356e+03
 1.260462141548196314e+03
 1.260590075278289078e+03
 1.261054007446129845e+03
 1.260568181417568667e+03
 1.103002843302151632e+03
 1.103025775989847489e+03
 1.103132071965185560e+03
 1.103518266305997486e+03
 1.104566723769006785e+03
 1.107334544184508331e+03
 1.113748282060394558e+03
 1.128822896918798733e+03
 1.162185845589492146e+03
 1.192237742760592482e+03
 1.218741472601138639e+03
 1.224729557973591227e+03
 1.230198424920217121e+03
 1.231303386809458971e+03
 1.234828802942115544e+03
 1.238263518612107191e+03
 1.241426847435524678e+03
 1.243030396180732851e+03
 1.243687675009646227e+03
 1.244728662985801066e+03
 1.246071315036876740e+03
 1.247700570960612822e+03
 1.249405367819144885e+03
 1.250404559601294068e+03
 1.251110213892865204e+03
 1.251795444863177181e+03
 1.252529935749170363e+03
 1.253355270839367677e+03
 1.254147621762616154e+03
 1.254830681335777399e+03
 1.255272841564102464e+03
 1.255785457813167341e+03
 1.256369291542476276e+03
 1.256987663420776698e+03
 1.257513654577436228e+03
 1.257938651461024392e+03
 1.258570275639885949e+03
 1.258798308943083157e+03
 1.259568600891656160e+03
 1.259270383070930848e+03
 1.103000453088611721e+03
 1.103004502028094748e+03
 1.103025587325809283e+03
 1.103110215861444658e+03
 1.103361966192070440e+03
 1.104069199977118842e+03
 1.105858015808459413e+03
 1.110318262781216163e+03
 1.119624816764212937e+03
 1.141401042811430671e+03
 1.177767487530552899e+03
 1.205927994915835598e+03
 1.220807847186717026e+03
 1.223087381088327902e+03
 1.229066283036283039e+03
 1.231760249087823013e+03
 1.235280223703233560e+03
 1.236817961578793074e+03
 1.238076005360594309e+03
 1.239355816012585365e+03
 1.241185419833665492e+03
 1.243416215843062446e+03
 1.245342852420026702e+03
 1.246351809213921797e+03
 1.247134606195266315e+03
 1.247992966922383857e+03
 1.249013831898368380e+03
 1.250093984565121673e+03
 1.251042965747484686e+03
 1.251730999115873828e+03
 1.252317880221462246e+03
 1.253045879596233817e+03
 1.253950987023925336e+03
 1.254869975429747228e+03
 1.255457653778753411e+03
 1.255859827915068308e+03
 1.256479297461297165e+03
 1.256898549307679787e+03
 1.257977691583015712e+03
 1.257806313847208685e+03
 1.103000074693201668e+03
 1.103000788244234855e+03
 1.103004902013899709e+03
 1.103022958643289940e+03
 1.103081766092532234e+03
 1.103258375451503071e+03
 1.103729894866878567e+03
 1.104975739463338641e+03
 1.107782579406833293e+03
 1.114152436083488283e+03
 1.128617613523599402e+03
 1.158983303447879280e+03
 1.191376464587732244e+03
 1.209111656221621161e+03
 1.218661590575015680e+03
 1.221487183586353694e+03
 1.226418996797674481e+03
 1.228671265679116232e+03
 1.232068871943822614e+03
 1.235051900154787063e+03
 1.238118066340056203e+03
 1.240321807043573244e+03
 1.241413665580112593e+03
 1.242109453450274714e+03
 1.242974634509920179e+03
 1.244189758467223328e+03
 1.245637095455319241e+03
 1.246970083189394018e+03
 1.248149518414615841e+03
 1.249030163937653469e+03
 1.249778871740951899e+03
 1.250587149771622080e+03
 1.251577039145375466e+03
 1.252564743660449494e+03
 1.253227094896774588e+03
 1.253722735167339806e+03
 1.254503173565876523e+03
 1.255202968677235276e+03
 1.256524889624602565e+03
 1.256483701723207560e+03
 1.103000010125279232e+03
 1.103000135583658903e+03
 1.103000922318352423e+03
 1.103004660855187012e+03
 1.103017929244916104e+03
 1.103060370160230832e+03
 1.103180396903612291e+03
 1.103512136855399149e+03
 1.104288152772320245e+03
 1.106179775404096972e+03
 1.110571682364179424e+03
 1.120196574473488226e+03
 1.141144118369732496e+03
 1.177360085177468818e+03
 1.202638264604284132e+03
 1.214989475070269009e+03
 1.222156787789546570e+03
 1.224002994378492531e+03
 1.227481417159938474e+03
 1.229734246177900332e+03
 1.232902835759354957e+03
 1.234107352068182081e+03
 1.235423599719466893e+03
 1.236912047494684884e+03
 1.238788683714041326e+03
 1.240912997339935373e+03
 1.242829263661576306e+03
 1.244148316665083485e+03
 1.245240730881385161e+03
 1.246132301623750664e+03
 1.247026452645398194e+03
 1.247989169788963636e+03
 1.249127899097140698e+03
 1.250158326009842085e+03
 1.250942038101785101e+03
 1.251603606877881020e+03
 1.252605424321202008e+03
 1.253556634954048150e+03
 1.254991192995347092e+03
 1.255042861419226256e+03
 1.103000000631559942e+03
 1.103000022448899017e+03
 1.103000173002781139e+03
 1.103000939632781410e+03
 1.103003879167168407e+03
 1.103013871844255164e+03
 1.103043737964839693e+03
 1.103129890802561249e+03
 1.103340893284628009e+03
 1.103868856758781703e+03
 1.105137503799304341e+03
 1.108139786336055522e+03
 1.114365701785579404e+03
 1.128832991899060517e+03
 1.156801052603629159e+03
 1.191461334533510808e+03
 1.207676499790531125e+03
 1.216117936863890918e+03
 1.221103269351572408e+03
 1.223351595431301348e+03
 1.226607576094549813e+03
 1.228401533155442849e+03
 1.231081354208947005e+03
 1.233275865845409044e+03
 1.235538532994791012e+03
 1.237846279505225539e+03
 1.239576878329070041e+03
 1.240616609364083388e+03
 1.241668945537361878e+03
 1.242793413207756203e+03
 1.244086759739862146e+03
 1.245385042842895018e+03
 1.246823248388759339e+03
 1.247990393342324978e+03
 1.248866811007742399e+03
 1.249614302971272537e+03
 1.250688703116451052e+03
 1.251734640806228754e+03
 1.253215727336086957e+03
 1.253502738861636317e+03
 1.102999999804391337e+03
 1.103000002592692226e+03
 1.103000030811132774e+03
 1.103000186364964520e+03
 1.103000826030166763e+03
 1.103003130552220227e+03
 1.103010409594007115e+03
 1.103032330442987131e+03
 1.103088718423065529e+03
 1.103234578025947940e+03
 1.103593373160163310e+03
 1.104468973423172201e+03
 1.106399164875107090e+03
 1.110868346016331543e+03
 1.120101932735039782e+03
 1.143252257366952563e+03
 1.173460464346660046e+03
 1.202885063635915230e+03
 1.210089326988659195e+03
 1.214624494095739692e+03
 1.219423862299813663e+03
 1.222880265879957960e+03
 1.226609902727476765e+03
 1.229255734569558399e+03
 1.231746858058237649e+03
 1.234094128757280941e+03
 1.235444031545444659e+03
 1.236804667111994604e+03
 1.238356877653051924e+03
 1.239935539005361079e+03
 1.241520954165611784e+03
 1.242818323513785799e+03
 1.244155868849841681e+03
 1.245318387272969403e+03
 1.246419124886626832e+03
 1.247388556142248945e+03
 1.248609539093507010e+03
 1.249671491961286392e+03
 1.250919193346653401e+03
 1.251658482813628552e+03
 1.103000000010141548e+03
 1.103000000071175236e+03
 1.103000004080421377e+03
 1.103000034816045172e+03
 1.103000172215887005e+03
 1.103000694326560733e+03
 1.103002433672165125e+03
 1.103007900708084435e+03
 1.103022728937810371e+03
 1.103062424696517155e+03
 1.103162744089908301e+03
 1.103415548534418576e+03
 1.103984042992181230e+03
 1.105338495529713555e+03
 1.108365333627830523e+03
 1.115254205064660027e+03
 1.130544622084843695e+03
 1.161903442173864505e+03
 1.188978976924282961e+03
 1.209009161053350226e+03
 1.215810200833688668e+03
 1.221025238802792956e+03
 1.223573769176780843e+03
 1.225156265349977957e+03
 1.227134744615194677e+03
 1.228824262949777676e+03
 1.230604962454318411e+03
 1.232817081461443877e+03
 1.235017023315099095e+03
 1.236995302807325515e+03
 1.238835506202768556e+03
 1.240112148697791554e+03
 1.241372986698003615e+03
 1.242508124632592626e+03
 1.243752815738598656e+03
 1.244934121566492649e+03
 1.246327223848483754e+03
 1.247488599304298987e+03
 1.248827144933446107e+03
 1.249916307734041538e+03
 1.102999999968524889e+03
 1.103000000029762532e+03
 1.103000000391937192e+03
 1.103000004966697134e+03
 1.103000033360248153e+03
 1.103000149602874444e+03
 1.103000556557249183e+03
 1.103001889694232204e+03
 1.103005704109331418e+03
 1.103016296889275964e+03
 1.103043880877483161e+03
 1.103115368625286237e+03
 1.103281473683144895e+03
 1.103683438498707801e+03
 1.104606302258037431e+03
 1.106817543088202456e+03
 1.111651167986637574e+03
 1.122537406088196803e+03
 1.146652055275766543e+03
 1.182829690390270571e+03
 1.198583124794482274e+03
 1.211716376345625804e+03
 1.214481432319916621e+03
 1.218094701711361040e+03
 1.220999295791019222e+03
 1.223916399276678931e+03
 1.227416729883227163e+03
 1.230299726620306956e+03
 1.232355708431853827e+03
 1.233782621611076365e+03
 1.235266568581925867e+03
 1.236777337668133214e+03
 1.238407876444259955e+03
 1.239922419350092468e+03
 1.241455577927068134e+03
 1.242784023611164685e+03
 1.244265875201338076e+03
 1.245525846105820165e+03
 1.246949943136374941e+03
 1.248403373877235254e+03
 1.103000000007678182e+03
 1.102999999956311967e+03
 1.103000000068886266e+03
 1.103000000720372554e+03
 1.103000005173729505e+03
 1.103000030062485394e+03
 1.103000124317417658e+03
 1.103000445221515974e+03
 1.103001409478638379e+03
 1.103004187294269059e+03
 1.103011657193474548e+03
 1.103031549108438867e+03
 1.103079329789383110e+03
 1.103197186622404843e+03
 1.103474595018038144e+03
 1.104144137224777978e+03
 1.105651929608720366e+03
 1.109218282643165821e+03
 1.116926698598354051e+03
 1.136269385765913739e+03
 1.167858312242800366e+03
 1.198502382653909308e+03
 1.206184158561857430e+03
 1.213538525823790678e+03
 1.215864227110760112e+03
 1.220257923868417492e+03
 1.224310558068520322e+03
 1.227137393603657074e+03
 1.229061290060274359e+03
 1.230380500787850224e+03
 1.232168118094250985e+03
 1.234212209344346093e+03
 1.236456206557244514e+03
 1.238303954421380240e+03
 1.239775129441892886e+03
 1.240901371530763072e+03
 1.242244203725410443e+03
 1.243600197134876680e+03
 1.245096710821665965e+03
 1.246955368214330292e+03
 1.103000000001624812e+03
 1.103000000009688620e+03
 1.102999999956341526e+03
 1.103000000099176987e+03
 1.103000000826352561e+03
 1.103000004832212426e+03
 1.103000025508823001e+03
 1.103000101769978528e+03
 1.103000342182686609e+03
 1.103001060193185140e+03
 1.103003057723675738e+03
 1.103008525661896783e+03
 1.103022157759996617e+03
 1.103056556459773219e+03
 1.103139339658724111e+03
 1.103342603283719882e+03
 1.103806282471727627e+03
 1.104922774441152796e+03
 1.107510905837794780e+03
 1.113591058104820604e+03
 1.127653590082398296e+03
 1.157412810619745642e+03
 1.189165851204113551e+03
 1.207753603251465393e+03
 1.211130076671032839e+03
 1.217287939129809729e+03
 1.220427037303477391e+03
 1.223448832843473156e+03
 1.224702720540052042e+03
 1.226211088392458805e+03
 1.228718081588948735e+03
 1.231292562783020003e+03
 1.233997821081938355e+03
 1.236068878860535278e+03
 1.237395309744972792e+03
 1.238505323639868720e+03
 1.239986367989371956e+03
 1.241557348165926896e+03
 1.243056906607148221e+03
 1.245090630212575206e+03
 1.102999999997494115e+03
 1.103000000004712319e+03
 1.102999999999904503e+03
 1.102999999960504965e+03
 1.103000000102832246e+03
 1.103000000785299108e+03
 1.103000004140815008e+03
 1.103000020954790443e+03
 1.103000080011144064e+03
 1.103000263315045231e+03
 1.103000790473989355e+03
 1.103002273343054185e+03
 1.103006119596848066e+03
 1.103016081213296275e+03
 1.103040631035929664e+03
 1.103101927595723510e+03
 1.103244738356934931e+03
 1.103594047116781894e+03
 1.104414860561663545e+03
 1.106426278197752936e+03
 1.111090904319473566e+03
 1.122196136498545684e+03
 1.149434923543954255e+03
 1.182602507769221347e+03
 1.200193938793985581e+03
 1.210352619538165527e+03
 1.212335461015350347e+03
 1.216854079662163485e+03
 1.219789566131909169e+03
 1.223428530994013499e+03
 1.227110879302570766e+03
 1.229203420554845479e+03
 1.231353335620308371e+03
 1.232739651524356532e+03
 1.234013114308055719e+03
 1.235578262005249826e+03
 1.237582303175958486e+03
 1.239582279889105848e+03
 1.241112015016358100e+03
 1.243144775200498316e+03
 1.103000000000920181e+03
 1.102999999999151669e+03
 1.103000000005792344e+03
 1.102999999994781547e+03
 1.102999999966168389e+03
 1.103000000084400881e+03
 1.103000000675310503e+03
 1.103000003454250191e+03
 1.103000016537426063e+03
 1.103000062623579424e+03
 1.103000200975541475e+03
 1.103000600777783802e+03
 1.103001680185893974e+03
 1.103004557154477652e+03
 1.103011835367202366e+03
 1.103030368372149042e+03
 1.103074701988990455e+03
 1.103184823844604352e+03
 1.103448495224831504e+03
 1.104098084181945069e+03
 1.105646804007848232e+03
 1.109525358090465716e+03
 1.118781882401995063e+03
 1.142074860968758003e+03
 1.180849796687343996e+03
 1.201945141604069477e+03
 1.206659181049097469e+03
 1.214091012393911342e+03
 1.216935067382051784e+03
 1.220902203518111264e+03
 1.223063924877486670e+03
 1.224892018397423499e+03
 1.227292517041123119e+03
 1.229445235063925338e+03
 1.231706991991961104e+03
 1.233916585990656586e+03
 1.236056379022066494e+03
 1.237772854067685785e+03
 1.239046506824137396e+03
 1.241046500767892212e+03
 1.102999999999639385e+03
 1.103000000001207582e+03
 1.102999999998554358e+03
 1.103000000006200253e+03
 1.102999999992234962e+03
 1.102999999965878033e+03
 1.103000000047523372e+03
 1.103000000532663307e+03
 1.103000002797021125e+03
 1.103000012895836335e+03
 1.103000048312418130e+03
 1.103000155176465796e+03
 1.103000454515160527e+03
 1.103001274842629755e+03
 1.103003406310971968e+03
 1.103008943468871621e+03
 1.103022583973939845e+03
 1.103057071741825666e+03
 1.103140977626685526e+03
 1.103350219717569416e+03
 1.103855169491511788e+03
 1.105141693517708745e+03
 1.108382480343572979e+03
 1.116274017528774039e+03
 1.138317253652934596e+03
 1.171901396269395946e+03
 1.198794858952934192e+03
 1.209341570142603814e+03
 1.213334230309857730e+03
 1.216915852026719449e+03
 1.219603209265403166e+03
 1.222491664122912198e+03
 1.225728727682841509e+03
 1.227773307334980473e+03
 1.229905823227710016e+03
 1.231907659763748825e+03
 1.233917458151360506e+03
 1.235750715834974699e+03
 1.237150836388110292e+03
 1.239343243677534701e+03
 1.103000000000222144e+03
 1.103000000000557066e+03
 1.102999999999727152e+03
 1.103000000001459739e+03
 1.103000000002422667e+03
 1.102999999996463430e+03
 1.102999999976007075e+03
 1.103000000035606490e+03
 1.103000000447747198e+03
 1.103000002249776117e+03
 1.103000009858043313e+03
 1.103000037378427351e+03
 1.103000119845127529e+03
 1.103000352437356469e+03
 1.103000973192114316e+03
 1.103002620104405878e+03
 1.103006809818543616e+03
 1.103017624492654477e+03
 1.103044425357636783e+03
 1.103112108094968107e+03
 1.103278127552153364e+03
 1.103707213058006801e+03
 1.104794701325823780e+03
 1.107604986304101658e+03
 1.114963645990802661e+03
 1.134987113726213238e+03
 1.174020260366361981e+03
 1.194961192790793575e+03
 1.205877211552890685e+03
 1.211651717702409087e+03
 1.215711607550990493e+03
 1.219645622516625735e+03
 1.222778333729944507e+03
 1.225029127692726433e+03
 1.227429740209970760e+03
 1.229450263899646643e+03
 1.231317935040685143e+03
 1.233128721183680227e+03
 1.234639771730219991e+03
 1.237239167547042371e+03
 1.103000000000091632e+03
 1.103000000000165073e+03
 1.103000000000664841e+03
 1.102999999998721250e+03
 1.103000000003953119e+03
 1.102999999997249688e+03
 1.103000000003655032e+03
 1.102999999975713990e+03
 1.103000000018520495e+03
 1.103000000365737833e+03
 1.103000001780574394e+03
 1.103000007544107575e+03
 1.103000029043053246e+03
 1.103000094375700428e+03
 1.103000273956302635e+03
 1.103000759911927844e+03
 1.103002037970663650e+03
 1.103005413015028125e+03
 1.103013946296777476e+03
 1.103035818087907955e+03
 1.103090541962256793e+03
 1.103233834080625684e+03
 1.103601125259153150e+03
 1.104559224982034038e+03
 1.107156227688747322e+03
 1.114138635077309118e+03
 1.134043464426319588e+03
 1.169843546028732362e+03
 1.199922356974456079e+03
 1.207290160664751284e+03
 1.213016248943053142e+03
 1.216811248366559084e+03
 1.219423550625051348e+03
 1.221974313553023421e+03
 1.224401508586142654e+03
 1.226577246271016293e+03
 1.228824563961073864e+03
 1.231148637765016247e+03
 1.232857959662435178e+03
 1.235557830400454804e+03
 1.103000000000065484e+03
 1.103000000000130058e+03
 1.103000000000106638e+03
 1.103000000000498858e+03
 1.102999999998940439e+03
 1.103000000003877631e+03
 1.102999999995217877e+03
 1.103000000007533117e+03
 1.102999999978195092e+03
 1.103000000002934712e+03
 1.103000000281867642e+03
 1.103000001399411303e+03
 1.103000005923489425e+03
 1.103000023225381483e+03
 1.103000075628358672e+03
 1.103000221772195800e+03
 1.103000618928425411e+03
 1.103001693653783150e+03
 1.103004474189849589e+03
 1.103011727901682889e+03
 1.103030291900315433e+03
 1.103079591062831923e+03
 1.103207080445685051e+03
 1.103544466879239735e+03
 1.104452335234688917e+03
 1.107021443458874501e+03
 1.114220680139376555e+03
 1.134341060518060658e+03
 1.173774121060186189e+03
 1.195653633721450660e+03
 1.207428447106377462e+03
 1.209840399900083867e+03
 1.214588799757122388e+03
 1.218452008994092694e+03
 1.221551979982072680e+03
 1.224171755710813613e+03
 1.226404374412981269e+03
 1.228272280306903212e+03
 1.229822222919780643e+03
 1.232723378120347661e+03
 1.103000000000078444e+03
 1.102999999999996589e+03
 1.103000000000183036e+03
 1.103000000000013188e+03
 1.103000000000251703e+03
 1.102999999999654847e+03
 1.103000000002313072e+03
 1.102999999996301995e+03
 1.103000000007911012e+03
 1.102999999978422466e+03
 1.102999999984553597e+03
 1.103000000204538992e+03
 1.103000001113010285e+03
 1.103000004722864333e+03
 1.103000018532826743e+03
 1.103000061625496755e+03
 1.103000184066926749e+03
 1.103000522995490655e+03
 1.103001419543385282e+03
 1.103003799518151027e+03
 1.103010038952047580e+03
 1.103026866363407635e+03
 1.103070895510013997e+03
 1.103188670711537043e+03
 1.103506766387916969e+03
 1.104414704887443577e+03
 1.107043417407883908e+03
 1.114429366920520351e+03
 1.136376630684879046e+03
 1.175684516515153291e+03
 1.199587546756032452e+03
 1.204540722480377099e+03
 1.212636156104083284e+03
 1.216039681009881861e+03
 1.218705200940739360e+03
 1.221432762745664149e+03
 1.223784874671343005e+03
 1.226104128215526089e+03
 1.228119908305001672e+03
 1.231478176927090090e+03
 1.103000000000004320e+03
 1.103000000000062073e+03
 1.102999999999953616e+03
 1.103000000000242835e+03
 1.102999999999838110e+03
 1.103000000000403816e+03
 1.102999999999679403e+03
 1.103000000001489070e+03
 1.102999999997756959e+03
 1.103000000006353730e+03
 1.102999999984834403e+03
 1.102999999964971494e+03
 1.103000000141724058e+03
 1.103000000893856395e+03
 1.103000003779790404e+03
 1.103000015042608084e+03
 1.103000052084341405e+03
 1.103000159207816523e+03
 1.103000449172319350e+03
 1.103001232642891182e+03
 1.103003339331234884e+03
 1.103009120691984435e+03
 1.103024463097313173e+03
 1.103066011784902912e+03
 1.103178797921076921e+03
 1.103504168745641437e+03
 1.104445134544389248e+03
 1.107210471757185360e+03
 1.115338349408310251e+03
 1.141609372038417405e+03
 1.179472624407000012e+03
 1.196932521181074435e+03
 1.209832645607274117e+03
 1.211747449931505344e+03
 1.215546126142611683e+03
 1.219254931486140777e+03
 1.221401981066157305e+03
 1.224207077818732159e+03
 1.226413532938992375e+03
 1.229611827234136172e+03
 1.103000000000003411e+03
 1.103000000000019327e+03
 1.103000000000007276e+03
 1.103000000000029786e+03
 1.103000000000055934e+03
 1.103000000000022510e+03
 1.103000000000059345e+03
 1.103000000000325599e+03
 1.102999999999912689e+03
 1.103000000000267619e+03
 1.103000000004307140e+03
 1.102999999989123580e+03
 1.102999999959086381e+03
 1.103000000092786195e+03
 1.103000000712686415e+03
 1.103000003087050800e+03
 1.103000012778626115e+03
 1.103000045562970627e+03
 1.103000138916020205e+03
 1.103000395550412577e+03
 1.103001102735860286e+03
 1.103003077769098127e+03
 1.103008401473671029e+03
 1.103023002259160421e+03
 1.103063101381465458e+03
 1.103179679207843265e+03
 1.103517818549251388e+03
 1.104521668199334272e+03
 1.107584904354319860e+03
 1.117364345190376753e+03
 1.145011284325983070e+03
 1.185742870383959598e+03
 1.204617710620033677e+03
 1.206543004835291640e+03
 1.212965825966152352e+03
 1.216847940446697521e+03
 1.218927532313341544e+03
 1.222180361308784768e+03
 1.224418389501058755e+03
 1.227432818447178533e+03
 1.102999999999996589e+03
 1.103000000000011141e+03
 1.102999999999995680e+03
 1.103000000000022510e+03
 1.102999999999998181e+03
 1.103000000000070486e+03
 1.102999999999981810e+03
 1.103000000000070258e+03
 1.103000000000362661e+03
 1.102999999999253987e+03
 1.103000000001878789e+03
 1.103000000002885599e+03
 1.102999999991416644e+03
 1.102999999962777792e+03
 1.103000000063479547e+03
 1.103000000597918870e+03
 1.103000002753445187e+03
 1.103000011649144199e+03
 1.103000041862317175e+03
 1.103000129731881771e+03
 1.103000378156936677e+03
 1.103001083373969550e+03
 1.103003015817691221e+03
 1.103008388083289447e+03
 1.103023292242233538e+03
 1.103066858808642792e+03
 1.103193111836399794e+03
 1.103570789485599335e+03
 1.104717027810107311e+03
 1.108516935471219085e+03
 1.119816145818575933e+03
 1.154028511698232023e+03
 1.186405498242837211e+03
 1.199398677375970237e+03
 1.210410090726458293e+03
 1.212665511960452932e+03
 1.215842210179183667e+03
 1.219614099493030380e+03
 1.221563375449027717e+03
 1.224623484065981302e+03
 1.103000000000000455e+03
 1.103000000000004093e+03
 1.103000000000001137e+03
 1.103000000000009322e+03
 1.102999999999997726e+03
 1.103000000000028422e+03
 1.103000000000003865e+03
 1.103000000000042974e+03
 1.102999999999964530e+03
 1.103000000000556383e+03
 1.102999999998268322e+03
 1.103000000004507001e+03
 1.102999999997367240e+03
 1.102999999997520717e+03
 1.102999999968941665e+03
 1.103000000048255970e+03
 1.103000000544402155e+03
 1.103000002566764351e+03
 1.103000010791037994e+03
 1.103000039355889612e+03
 1.103000125421943494e+03
 1.103000374177068579e+03
 1.103001065993476914e+03
 1.103003012601123146e+03
 1.103008484916192629e+03
 1.103024580538286727e+03
 1.103071315573612765e+03
 1.103211654884409427e+03
 1.103637023115479906e+03
 1.105043136121533962e+03
 1.109476232736782549e+03
 1.123960933937685923e+03
 1.160432481033728209e+03
 1.194827792108422045e+03
 1.205350157618608364e+03
 1.208756803787000536e+03
 1.213726992034595469e+03
 1.217293367994279379e+03
 1.218946196206862169e+03
 1.222386659611682489e+03
 1.102999999999999545e+03
 1.103000000000000909e+03
 1.102999999999998636e+03
 1.103000000000003183e+03
 1.103000000000002274e+03
 1.103000000000002274e+03
 1.103000000000017508e+03
 1.103000000000012733e+03
 1.102999999999979764e+03
 1.103000000000172122e+03
 1.102999999999966576e+03
 1.102999999999091187e+03
 1.103000000003772811e+03
 1.102999999995897952e+03
 1.103000000002722118e+03
 1.102999999968097200e+03
 1.103000000041763315e+03
 1.103000000520092499e+03
 1.103000002431467237e+03
 1.103000010321779200e+03
 1.103000039079827275e+03
 1.103000127209474385e+03
 1.103000377145031507e+03
 1.103001089049822212e+03
 1.103003118147490795e+03
 1.103009129812579658e+03
 1.103026653269057078e+03
 1.103079487324468118e+03
 1.103238978881862295e+03
 1.103765598640522512e+03
 1.105450235531337739e+03
 1.111107069710212500e+03
 1.129195083177385186e+03
 1.171250885463971144e+03
 1.192075470390428336e+03
 1.204361319298001035e+03
 1.210604950216885754e+03
 1.213599060572391409e+03
 1.216304902769201590e+03
 1.220885534427718994e+03
 1.103000000000001819e+03
 1.103000000000002046e+03
 1.103000000000001592e+03
 1.103000000000003865e+03
 1.103000000000000909e+03
 1.103000000000011369e+03
 1.102999999999981810e+03
 1.103000000000061164e+03
 1.102999999999898364e+03
 1.103000000000178034e+03
 1.102999999999936563e+03
 1.103000000000004093e+03
 1.102999999999593001e+03
 1.103000000002661864e+03
 1.102999999996063252e+03
 1.103000000003769401e+03
 1.102999999967937811e+03
 1.103000000039154884e+03
 1.103000000503804358e+03
 1.103000002371578830e+03
 1.103000010472861504e+03
 1.103000040257414639e+03
 1.103000129687002300e+03
 1.103000387695939253e+03
 1.103001133528758601e+03
 1.103003358763867936e+03
 1.103009879741447094e+03
 1.103029619127766637e+03
 1.103089350779525830e+03
 1.103285907172847601e+03
 1.103920514241287947e+03
 1.106078891869790823e+03
 1.113066847140030859e+03
 1.136902289152514186e+03
 1.176212135713842144e+03
 1.201740566893342475e+03
 1.206450639824853397e+03
 1.211017098246432852e+03
 1.214478812911542491e+03
 1.219129834132128963e+03
 1.102999999999999318e+03
 1.103000000000000227e+03
 1.102999999999999318e+03
 1.103000000000001592e+03
 1.102999999999997954e+03
 1.103000000000004775e+03
 1.102999999999990905e+03
 1.103000000000013642e+03
 1.103000000000007503e+03
 1.102999999999942247e+03
 1.103000000000172577e+03
 1.102999999999790589e+03
 1.103000000000186674e+03
 1.102999999999851070e+03
 1.103000000001805347e+03
 1.102999999997220584e+03
 1.103000000002045681e+03
 1.102999999967662461e+03
 1.103000000040824261e+03
 1.103000000537943606e+03
 1.103000002575172402e+03
 1.103000011587260360e+03
 1.103000044047240408e+03
 1.103000142847441111e+03
 1.103000432267797123e+03
 1.103001299415926269e+03
 1.103003851836019749e+03
 1.103011599093317045e+03
 1.103034953640991034e+03
 1.103111220854012345e+03
 1.103357219445271767e+03
 1.104194442542412162e+03
 1.106944173522492520e+03
 1.116479307810395539e+03
 1.147604385721454491e+03
 1.186858117207853184e+03
 1.196480359631619194e+03
 1.206688377686388094e+03
 1.211326966058858488e+03
 1.216175961818682708e+03
 1.103000000000000455e+03
 1.103000000000001137e+03
 1.103000000000000227e+03
 1.103000000000001592e+03
 1.102999999999998636e+03
 1.103000000000005457e+03
 1.102999999999995453e+03
 1.103000000000003638e+03
 1.103000000000000682e+03
 1.103000000000001592e+03
 1.102999999999965894e+03
 1.103000000000165073e+03
 1.102999999999630290e+03
 1.103000000000602313e+03
 1.102999999999119837e+03
 1.103000000002740535e+03
 1.102999999996236056e+03
 1.103000000002617298e+03
 1.102999999965394181e+03
 1.103000000041369731e+03
 1.103000000605828745e+03
 1.103000002896619662e+03
 1.103000012968020656e+03
 1.103000048956305818e+03
 1.103000159282417144e+03
 1.103000491591534910e+03
 1.103001472940094118e+03
 1.103004454936834236e+03
 1.103013454165076837e+03
 1.103042649986222614e+03
 1.103136617987495583e+03
 1.103455793589763289e+03
 1.104501159374014833e+03
 1.108267493030043170e+03
 1.121100375932086081e+03
 1.156385509281541772e+03
 1.187644688071004794e+03
 1.204881586720777705e+03
 1.208333284747814332e+03
 1.212871699556343401e+03
 1.102999999999999318e+03
 1.103000000000000455e+03
 1.102999999999999318e+03
 1.103000000000001364e+03
 1.103000000000000227e+03
 1.103000000000000909e+03
 1.103000000000003183e+03
 1.102999999999995453e+03
 1.103000000000009550e+03
 1.102999999999994770e+03
 1.102999999999998863e+03
 1.103000000000011823e+03
 1.103000000000049795e+03
 1.102999999999761712e+03
 1.103000000000599357e+03
 1.102999999998818566e+03
 1.103000000003952891e+03
 1.102999999993689698e+03
 1.103000000007233666e+03
 1.102999999958179615e+03
 1.103000000047716640e+03
 1.103000000692251888e+03
 1.103000003286423180e+03
 1.103000014865215917e+03
 1.103000056136097555e+03
 1.103000184571706995e+03
 1.103000566267460954e+03
 1.103001727946368192e+03
 1.103005237793420520e+03
 1.103016556074238224e+03
 1.103052864559984982e+03
 1.103175747409793985e+03
 1.103576573100167479e+03
 1.105023661895929763e+03
 1.110131905560263249e+03
 1.127238596383664344e+03
 1.168639152551233565e+03
 1.195658616569916830e+03
 1.201374709923649334e+03
 1.209849145032573006e+03
 1.103000000000000227e+03
 1.103000000000000455e+03
 1.103000000000000000e+03
 1.103000000000001592e+03
 1.103000000000000909e+03
 1.103000000000001137e+03
 1.103000000000001364e+03
 1.103000000000003183e+03
 1.102999999999994770e+03
 1.103000000000019782e+03
 1.102999999999964075e+03
 1.103000000000058208e+03
 1.102999999999927013e+03
 1.103000000000136424e+03
 1.102999999999721467e+03
 1.103000000000476348e+03
 1.102999999999211923e+03
 1.103000000003115247e+03
 1.102999999994843165e+03
 1.103000000005926267e+03
 1.102999999959100251e+03
 1.103000000070077704e+03
 1.103000000807107881e+03
 1.103000003849096629e+03
 1.103000017577753169e+03
 1.103000065859238930e+03
 1.103000212870698988e+03
 1.103000659838840875e+03
 1.103002015834471649e+03
 1.103006364062784769e+03
 1.103020260150726244e+03
 1.103067078953261444e+03
 1.103219790533476726e+03
 1.103771425424934478e+03
 1.105734569526679479e+03
 1.112574751110999614e+03
 1.135101006253136575e+03
 1.174108090654122407e+03
 1.194092584500538351e+03
 1.208389341740445616e+03
 1.103000000000000227e+03
 1.103000000000000455e+03
 1.102999999999999545e+03
 1.103000000000000000e+03
 1.103000000000000000e+03
 1.102999999999999545e+03
 1.102999999999999318e+03
 1.103000000000001137e+03
 1.102999999999997499e+03
 1.103000000000005457e+03
 1.102999999999997044e+03
 1.102999999999991815e+03
 1.103000000000028422e+03
 1.102999999999933607e+03
 1.103000000000140290e+03
 1.102999999999715328e+03
 1.103000000000341061e+03
 1.102999999999807869e+03
 1.103000000001312628e+03
 1.102999999998343355e+03
 1.102999999999811735e+03
 1.102999999958120725e+03
 1.103000000113560873e+03
 1.103000001014451072e+03
 1.103000004844449450e+03
 1.103000021997531803e+03
 1.103000080241006344e+03
 1.103000260617752929e+03
 1.103000808113603625e+03
 1.103002551263504756e+03
 1.103008094796844262e+03
 1.103026657520847039e+03
 1.103086800713281946e+03
 1.103302005713106837e+03
 1.104066090615200210e+03
 1.106813233714619173e+03
 1.115893618809923282e+03
 1.146849895420864868e+03
 1.182692992199707987e+03
 1.202948941660569517e+03
 1.103000000000000455e+03
 1.103000000000001137e+03
 1.103000000000000227e+03
 1.103000000000000000e+03
 1.103000000000000227e+03
 1.103000000000001819e+03
 1.103000000000000227e+03
 1.103000000000002501e+03
 1.102999999999997044e+03
 1.103000000000005684e+03
 1.102999999999995453e+03
 1.103000000000008868e+03
 1.102999999999981128e+03
 1.103000000000038881e+03
 1.102999999999908823e+03
 1.103000000000236014e+03
 1.102999999999388365e+03
 1.103000000001226454e+03
 1.102999999998046860e+03
 1.103000000004378080e+03
 1.102999999994538257e+03
 1.103000000000740783e+03
 1.102999999959230990e+03
 1.103000000166475729e+03
 1.103000001262806791e+03
 1.103000006222531965e+03
 1.103000027411911560e+03
 1.103000098457908734e+03
 1.103000316172214980e+03
 1.103001003065066698e+03
 1.103003173111797878e+03
 1.103010375768451922e+03
 1.103033653125854016e+03
 1.103116102527012572e+03
 1.103407377507469391e+03
 1.104464640427432414e+03
 1.108042735289706798e+03
 1.121076354094007684e+03
 1.152474642442784443e+03
 1.191220863739872357e+03
 1.102999999999998636e+03
 1.102999999999997954e+03
 1.102999999999998181e+03
 1.102999999999998181e+03
 1.102999999999997044e+03
 1.102999999999998181e+03
 1.102999999999997044e+03
 1.102999999999998181e+03
 1.102999999999997044e+03
 1.102999999999997726e+03
 1.102999999999998408e+03
 1.102999999999997044e+03
 1.102999999999994998e+03
 1.103000000000009095e+03
 1.102999999999955207e+03
 1.103000000000119599e+03
 1.102999999999726924e+03
 1.103000000000392674e+03
 1.102999999999524334e+03
 1.103000000000668933e+03
 1.103000000001037051e+03
 1.102999999999554120e+03
 1.102999999987054707e+03
 1.102999999978555479e+03
 1.103000000264135679e+03
 1.103000001605599437e+03
 1.103000008008196119e+03
 1.103000034582348917e+03
 1.103000121348196444e+03
 1.103000394927486013e+03
 1.103001254233872032e+03
 1.103004082117189455e+03
 1.103013190373811540e+03
 1.103045078699161650e+03
 1.103156942285226251e+03
 1.103565154691314319e+03
 1.104936116427224761e+03
 1.110091966574667367e+03
 1.125715458780731069e+03
 1.174808882325583227e+03
 1.102999999999999318e+03
 1.103000000000000000e+03
 1.102999999999999545e+03
 1.103000000000001364e+03
 1.103000000000000000e+03
 1.103000000000000227e+03
 1.103000000000000227e+03
 1.103000000000000455e+03
 1.103000000000000000e+03
 1.103000000000000455e+03
 1.103000000000000000e+03
 1.103000000000003865e+03
 1.102999999999990905e+03
 1.103000000000024784e+03
 1.102999999999944521e+03
 1.103000000000110731e+03
 1.102999999999844931e+03
 1.103000000000124828e+03
 1.103000000000025466e+03
 1.102999999999416104e+03
 1.103000000001963826e+03
 1.102999999997822215e+03
 1.103000000005819402e+03
 1.102999999969063765e+03
 1.103000000000200771e+03
 1.103000000417399178e+03
 1.103000002140146762e+03
 1.103000010590276361e+03
 1.103000043628329195e+03
 1.103000151544147002e+03
 1.103000488731544465e+03
 1.103001583717845278e+03
 1.103005110802112085e+03
 1.103017301767209347e+03
 1.103059682616316650e+03
 1.103214194759839756e+03
 1.103734095810604913e+03
 1.105705069434271309e+03
 1.112062266990630633e+03
 1.148468541696823877e+03
 1.103000000000000909e+03
 1.103000000000001137e+03
 1.103000000000000455e+03
 1.103000000000001592e+03
 1.103000000000001364e+03
 1.103000000000000909e+03
 1.103000000000000000e+03
 1.103000000000001364e+03
 1.103000000000000455e+03
 1.103000000000002728e+03
 1.103000000000000000e+03
 1.103000000000008185e+03
 1.102999999999987722e+03
 1.103000000000034106e+03
 1.102999999999937700e+03
 1.103000000000103910e+03
 1.102999999999863803e+03
 1.103000000000172577e+03
 1.102999999999756710e+03
 1.103000000000462251e+03
 1.102999999998824933e+03
 1.103000000003483592e+03
 1.102999999994871132e+03
 1.103000000010326175e+03
 1.102999999947714059e+03
 1.103000000011448037e+03
 1.103000000573790203e+03
 1.103000002876549843e+03
 1.103000014084572285e+03
 1.103000056562370446e+03
 1.103000193419527022e+03
 1.103000635804884269e+03
 1.103002053787823343e+03
 1.103006897839828525e+03
 1.103023609482927213e+03
 1.103084403319111289e+03
 1.103288232509678892e+03
 1.104053812670429807e+03
 1.106626514536891818e+03
 1.127417408996084532e+03
 1.102999999999999318e+03
 1.103000000000000682e+03
 1.103000000000000000e+03
 1.103000000000000000e+03
 1.102999999999999545e+03
 1.103000000000000000e+03
 1.102999999999998863e+03
 1.103000000000000000e+03
 1.102999999999999773e+03
 1.103000000000000682e+03
 1.102999999999997272e+03
 1.103000000000005230e+03
 1.102999999999986358e+03
 1.103000000000023647e+03
 1.102999999999964302e+03
 1.103000000000041155e+03
 1.102999999999970214e+03
 1.103000000000002274e+03
 1.103000000000026603e+03
 1.102999999999945658e+03
 1.102999999999964075e+03
 1.103000000000005684e+03
 1.103000000001637318e+03
 1.102999999997918394e+03
 1.103000000006374648e+03
 1.102999999930738113e+03
 1.103000000034935056e+03
 1.103000000780114078e+03
 1.103000003845905439e+03
 1.103000018756325062e+03
 1.103000072505960134e+03
 1.103000247949953064e+03
 1.103000808532573501e+03
 1.103002697617796457e+03
 1.103009150947663784e+03
 1.103032393228482078e+03
 1.103110809115117945e+03
 1.103402339369566789e+03
 1.104407609257377999e+03
 1.115006288801912660e+03
 1.102999999999998636e+03
 1.102999999999999773e+03
 1.102999999999998181e+03
 1.102999999999999318e+03
 1.103000000000000000e+03
 1.103000000000000227e+03
 1.103000000000000455e+03
 1.103000000000000455e+03
 1.103000000000000000e+03
 1.103000000000001592e+03
 1.102999999999996589e+03
 1.103000000000006594e+03
 1.102999999999988177e+03
 1.103000000000016826e+03
 1.102999999999975671e+03
 1.103000000000032742e+03
 1.102999999999949978e+03
 1.103000000000100727e+03
 1.102999999999785814e+03
 1.103000000000440650e+03
 1.102999999999132797e+03
 1.103000000001404715e+03
 1.102999999997839041e+03
 1.103000000004485173e+03
 1.102999999996777433e+03
 1.103000000005030188e+03
 1.102999999923186124e+03
 1.103000000081492772e+03
 1.103000000981175162e+03
 1.103000005302145155e+03
 1.103000025254254297e+03
 1.103000096745357723e+03
 1.103000329168544113e+03
 1.103001104719846353e+03
 1.103003733032264563e+03
 1.103013083644499602e+03
 1.103045071812405240e+03
 1.103162727605845021e+03
 1.103577688997259429e+03
 1.109149898868618720e+03
 1.102999999999999545e+03
 1.103000000000000227e+03
 1.103000000000000227e+03
 1.103000000000000909e+03
 1.103000000000000227e+03
 1.103000000000001137e+03
 1.103000000000001137e+03
 1.103000000000001592e+03
 1.102999999999999545e+03
 1.103000000000001592e+03
 1.102999999999997499e+03
 1.103000000000006594e+03
 1.102999999999992497e+03
 1.103000000000009322e+03
 1.102999999999992042e+03
 1.103000000000016144e+03
 1.102999999999967486e+03
 1.103000000000080036e+03
 1.102999999999848114e+03
 1.103000000000246473e+03
 1.102999999999741021e+03
 1.103000000000028876e+03
 1.103000000000322871e+03
 1.102999999998756266e+03
 1.103000000003479272e+03
 1.103000000001323770e+03
 1.102999999997485929e+03
 1.102999999907793608e+03
 1.103000000196016117e+03
 1.103000001657101848e+03
 1.103000009454341125e+03
 1.103000044223342002e+03
 1.103000170197067291e+03
 1.103000595699340693e+03
 1.103002018968721359e+03
 1.103006988264691245e+03
 1.103024098408553073e+03
 1.103085855863322195e+03
 1.103305089208305390e+03
 1.106792889812659951e+03
 </DataArray>
 <DataArray Name="vel.vector" type="Float32" NumberOfComponents="3" format="ascii">
 9.587705078125000000e+02 4.024662780761718750e+01 0.000000000000000000e+00
 8.818976440429687500e+02 1.102067260742187500e+02 0.000000000000000000e+00
 8.191087036132812500e+02 1.648038024902343750e+02 0.000000000000000000e+00
 8.122496948242187500e+02 2.036221923828125000e+02 0.000000000000000000e+00
 7.952241821289062500e+02 2.126033325195312500e+02 0.000000000000000000e+00
 7.833211669921875000e+02 2.210431976318359375e+02 0.000000000000000000e+00
 7.841477661132812500e+02 2.309203796386718750e+02 0.000000000000000000e+00
 7.817880859375000000e+02 2.368992614746093750e+02 0.000000000000000000e+00
 7.779898071289062500e+02 2.406049957275390625e+02 0.000000000000000000e+00
 7.767266845703125000e+02 2.442850646972656250e+02 0.000000000000000000e+00
 7.769409790039062500e+02 2.485465850830078125e+02 0.000000000000000000e+00
 7.746746215820312500e+02 2.506436920166015625e+02 0.000000000000000000e+00
 7.734518432617187500e+02 2.522890319824218750e+02 0.000000000000000000e+00
 7.734300537109375000e+02 2.538152923583984375e+02 0.000000000000000000e+00
 7.733600463867187500e+02 2.552815704345703125e+02 0.000000000000000000e+00
 7.729716796875000000e+02 2.568631896972656250e+02 0.000000000000000000e+00
 7.724661865234375000e+02 2.582120666503906250e+02 0.000000000000000000e+00
 7.720727539062500000e+02 2.593067932128906250e+02 0.000000000000000000e+00
 7.718870849609375000e+02 2.603377075195312500e+02 0.000000000000000000e+00
 7.719813842773437500e+02 2.614031982421875000e+02 0.000000000000000000e+00
 7.722098999023437500e+02 2.624478149414062500e+02 0.000000000000000000e+00
 7.722616577148437500e+02 2.633140563964843750e+02 0.000000000000000000e+00
 7.723009033203125000e+02 2.640257263183593750e+02 0.000000000000000000e+00
 7.721122436523437500e+02 2.645108337402343750e+02 0.000000000000000000e+00
 7.718338623046875000e+02 2.649972229003906250e+02 0.000000000000000000e+00
 7.715347290039062500e+02 2.654915771484375000e+02 0.000000000000000000e+00
 7.715491943359375000e+02 2.660965270996093750e+02 0.000000000000000000e+00
 7.715028686523437500e+02 2.666434631347656250e+02 0.000000000000000000e+00
 7.714544677734375000e+02 2.671780395507812500e+02 0.000000000000000000e+00
 7.713389892578125000e+02 2.676276550292968750e+02 0.000000000000000000e+00
 7.713119506835937500e+02 2.680596923828125000e+02 0.000000000000000000e+00
 7.712141113281250000e+02 2.684404602050781250e+02 0.000000000000000000e+00
 7.711917114257812500e+02 2.689126892089843750e+02 0.000000000000000000e+00
 7.710675659179687500e+02 2.693475341796875000e+02 0.000000000000000000e+00
 7.709948730468750000e+02 2.698104248046875000e+02 0.000000000000000000e+00
 7.708717651367187500e+02 2.701958312988281250e+02 0.000000000000000000e+00
 7.705916137695312500e+02 2.706203308105468750e+02 0.000000000000000000e+00
 7.705648803710937500e+02 2.711244506835937500e+02 0.000000000000000000e+00
 7.702214965820312500e+02 2.714501342773437500e+02 0.000000000000000000e+00
 7.709627075195312500e+02 2.721920166015625000e+02 0.000000000000000000e+00
 9.935204467773437500e+02 5.868409156799316406e+00 0.000000000000000000e+00
 9.692239379882812500e+02 2.775770568847656250e+01 0.000000000000000000e+00
 9.195023193359375000e+02 7.287225341796875000e+01 0.000000000000000000e+00
 8.564844360351562500e+02 1.185304946899414062e+02 0.000000000000000000e+00
 8.336011962890625000e+02 1.394625854492187500e+02 0.000000000000000000e+00
 8.262736206054687500e+02 1.622099914550781250e+02 0.000000000000000000e+00
 8.215709228515625000e+02 1.810213623046875000e+02 0.000000000000000000e+00
 8.156743774414062500e+02 1.872673339843750000e+02 0.000000000000000000e+00
 8.111635742187500000e+02 1.941112060546875000e+02 0.000000000000000000e+00
 8.074423828125000000e+02 2.018498535156250000e+02 0.000000000000000000e+00
 8.040465087890625000e+02 2.089888763427734375e+02 0.000000000000000000e+00
 8.004937744140625000e+02 2.124924926757812500e+02 0.000000000000000000e+00
 7.991729125976562500e+02 2.161302490234375000e+02 0.000000000000000000e+00
 7.981309204101562500e+02 2.192436981201171875e+02 0.000000000000000000e+00
 7.966399536132812500e+02 2.224329986572265625e+02 0.000000000000000000e+00
 7.947553710937500000e+02 2.256181335449218750e+02 0.000000000000000000e+00
 7.934968261718750000e+02 2.285225830078125000e+02 0.000000000000000000e+00
 7.923516235351562500e+02 2.308412628173828125e+02 0.000000000000000000e+00
 7.911657104492187500e+02 2.329552764892578125e+02 0.000000000000000000e+00
 7.903129882812500000e+02 2.351800079345703125e+02 0.000000000000000000e+00
 7.896926269531250000e+02 2.371517944335937500e+02 0.000000000000000000e+00
 7.890755615234375000e+02 2.387750396728515625e+02 0.000000000000000000e+00
 7.885315551757812500e+02 2.401907043457031250e+02 0.000000000000000000e+00
 7.878099365234375000e+02 2.412809906005859375e+02 0.000000000000000000e+00
 7.869593505859375000e+02 2.424618835449218750e+02 0.000000000000000000e+00
 7.860783691406250000e+02 2.437890167236328125e+02 0.000000000000000000e+00
 7.856514892578125000e+02 2.453059539794921875e+02 0.000000000000000000e+00
 7.851259765625000000e+02 2.465818939208984375e+02 0.000000000000000000e+00
 7.847608642578125000e+02 2.478394317626953125e+02 0.000000000000000000e+00
 7.842894287109375000e+02 2.488802490234375000e+02 0.000000000000000000e+00
 7.839260253906250000e+02 2.498740081787109375e+02 0.000000000000000000e+00
 7.833869628906250000e+02 2.507432708740234375e+02 0.000000000000000000e+00
 7.829334106445312500e+02 2.518129882812500000e+02 0.000000000000000000e+00
 7.824585571289062500e+02 2.528835296630859375e+02 0.000000000000000000e+00
 7.820659179687500000e+02 2.540141143798828125e+02 0.000000000000000000e+00
 7.816355590820312500e+02 2.549801025390625000e+02 0.000000000000000000e+00
 7.809602050781250000e+02 2.560634460449218750e+02 0.000000000000000000e+00
 7.806508178710937500e+02 2.573388671875000000e+02 0.000000000000000000e+00
 7.797736206054687500e+02 2.582617187500000000e+02 0.000000000000000000e+00
 7.803031616210937500e+02 2.599823913574218750e+02 0.000000000000000000e+00
 9.991561889648437500e+02 7.815061211585998535e-01 0.000000000000000000e+00
 9.950563964843750000e+02 4.720163822174072266e+00 0.000000000000000000e+00
 9.839063110351562500e+02 1.565685462951660156e+01 0.000000000000000000e+00
 9.530612182617187500e+02 4.430232620239257812e+01 0.000000000000000000e+00
 9.057839965820312500e+02 8.836650085449218750e+01 0.000000000000000000e+00
 8.666965332031250000e+02 1.276075286865234375e+02 0.000000000000000000e+00
 8.388424682617187500e+02 1.479502258300781250e+02 0.000000000000000000e+00
 8.353891601562500000e+02 1.529969329833984375e+02 0.000000000000000000e+00
 8.336560058593750000e+02 1.607668151855468750e+02 0.000000000000000000e+00
 8.270717773437500000e+02 1.711566314697265625e+02 0.000000000000000000e+00
 8.185427246093750000e+02 1.782590179443359375e+02 0.000000000000000000e+00
 8.158011474609375000e+02 1.832494812011718750e+02 0.000000000000000000e+00
 8.143446655273437500e+02 1.881667327880859375e+02 0.000000000000000000e+00
 8.118793945312500000e+02 1.931110687255859375e+02 0.000000000000000000e+00
 8.087890014648437500e+02 1.978762054443359375e+02 0.000000000000000000e+00
 8.068231201171875000e+02 2.020160827636718750e+02 0.000000000000000000e+00
 8.054136962890625000e+02 2.055991668701171875e+02 0.000000000000000000e+00
 8.037689819335937500e+02 2.083729095458984375e+02 0.000000000000000000e+00
 8.018728027343750000e+02 2.108374176025390625e+02 0.000000000000000000e+00
 8.002384643554687500e+02 2.133171386718750000e+02 0.000000000000000000e+00
 7.990667114257812500e+02 2.156536865234375000e+02 0.000000000000000000e+00
 7.982888183593750000e+02 2.178161621093750000e+02 0.000000000000000000e+00
 7.975252075195312500e+02 2.197421569824218750e+02 0.000000000000000000e+00
 7.965734252929687500e+02 2.214889068603515625e+02 0.000000000000000000e+00
 7.954244384765625000e+02 2.234228973388671875e+02 0.000000000000000000e+00
 7.942539062500000000e+02 2.254907379150390625e+02 0.000000000000000000e+00
 7.934668579101562500e+02 2.275871124267578125e+02 0.000000000000000000e+00
 7.927279052734375000e+02 2.292141571044921875e+02 0.000000000000000000e+00
 7.922015380859375000e+02 2.308568725585937500e+02 0.000000000000000000e+00
 7.916096801757812500e+02 2.322831268310546875e+02 0.000000000000000000e+00
 7.910025634765625000e+02 2.337026214599609375e+02 0.000000000000000000e+00
 7.902291870117187500e+02 2.350056304931640625e+02 0.000000000000000000e+00
 7.894490356445312500e+02 2.365330657958984375e+02 0.000000000000000000e+00
 7.887368164062500000e+02 2.380637969970703125e+02 0.000000000000000000e+00
 7.881666870117187500e+02 2.396340942382812500e+02 0.000000000000000000e+00
 7.875380249023437500e+02 2.409682617187500000e+02 0.000000000000000000e+00
 7.866137084960937500e+02 2.425008697509765625e+02 0.000000000000000000e+00
 7.860494995117187500e+02 2.443368072509765625e+02 0.000000000000000000e+00
 7.847778930664062500e+02 2.457048187255859375e+02 0.000000000000000000e+00
 7.851375732421875000e+02 2.481935424804687500e+02 0.000000000000000000e+00
 9.998771972656250000e+02 1.159637719392776489e-01 0.000000000000000000e+00
 9.991299438476562500e+02 8.409929275512695312e-01 0.000000000000000000e+00
 9.965585327148437500e+02 3.403667211532592773e+00 0.000000000000000000e+00
 9.892757568359375000e+02 1.073025512695312500e+01 0.000000000000000000e+00
 9.730238037109375000e+02 2.616018295288085938e+01 0.000000000000000000e+00
 9.345709838867187500e+02 6.022516250610351562e+01 0.000000000000000000e+00
 8.843658447265625000e+02 1.030834503173828125e+02 0.000000000000000000e+00
 8.599009399414062500e+02 1.206119766235351562e+02 0.000000000000000000e+00
 8.512341308593750000e+02 1.357539978027343750e+02 0.000000000000000000e+00
 8.407267456054687500e+02 1.480485534667968750e+02 0.000000000000000000e+00
 8.352777099609375000e+02 1.529754180908203125e+02 0.000000000000000000e+00
 8.322199707031250000e+02 1.595904388427734375e+02 0.000000000000000000e+00
 8.281550292968750000e+02 1.659597625732421875e+02 0.000000000000000000e+00
 8.225588378906250000e+02 1.720666046142578125e+02 0.000000000000000000e+00
 8.199783325195312500e+02 1.774299163818359375e+02 0.000000000000000000e+00
 8.185597534179687500e+02 1.817837982177734375e+02 0.000000000000000000e+00
 8.169445190429687500e+02 1.855537109375000000e+02 0.000000000000000000e+00
 8.145634765625000000e+02 1.887679595947265625e+02 0.000000000000000000e+00
 8.121238403320312500e+02 1.917461395263671875e+02 0.000000000000000000e+00
 8.102905883789062500e+02 1.946637420654296875e+02 0.000000000000000000e+00
 8.088361206054687500e+02 1.975267791748046875e+02 0.000000000000000000e+00
 8.076988525390625000e+02 2.002504119873046875e+02 0.000000000000000000e+00
 8.065445556640625000e+02 2.026900024414062500e+02 0.000000000000000000e+00
 8.051864624023437500e+02 2.049669342041015625e+02 0.000000000000000000e+00
 8.038139038085937500e+02 2.074116058349609375e+02 0.000000000000000000e+00
 8.023687744140625000e+02 2.097706451416015625e+02 0.000000000000000000e+00
 8.012919921875000000e+02 2.119896850585937500e+02 0.000000000000000000e+00
 8.004451293945312500e+02 2.137002868652343750e+02 0.000000000000000000e+00
 7.997177124023437500e+02 2.155164642333984375e+02 0.000000000000000000e+00
 7.989229736328125000e+02 2.172683868408203125e+02 0.000000000000000000e+00
 7.980365600585937500e+02 2.191704559326171875e+02 0.000000000000000000e+00
 7.970317993164062500e+02 2.210339202880859375e+02 0.000000000000000000e+00
 7.960500488281250000e+02 2.231676940917968750e+02 0.000000000000000000e+00
 7.951075439453125000e+02 2.251701812744140625e+02 0.000000000000000000e+00
 7.943409423828125000e+02 2.269737396240234375e+02 0.000000000000000000e+00
 7.935406494140625000e+02 2.284488983154296875e+02 0.000000000000000000e+00
 7.923439331054687500e+02 2.302524566650390625e+02 0.000000000000000000e+00
 7.915010375976562500e+02 2.325182342529296875e+02 0.000000000000000000e+00
 7.899564819335937500e+02 2.342802581787109375e+02 0.000000000000000000e+00
 7.901476440429687500e+02 2.374283752441406250e+02 0.000000000000000000e+00
 9.999816894531250000e+02 1.792650483548641205e-02 0.000000000000000000e+00
 9.998516235351562500e+02 1.478659659624099731e-01 0.000000000000000000e+00
 9.993251953125000000e+02 6.853866577148437500e-01 0.000000000000000000e+00
 9.976000976562500000e+02 2.480057477951049805e+00 0.000000000000000000e+00
 9.933129272460937500e+02 6.724310398101806641e+00 0.000000000000000000e+00
 9.829779052734375000e+02 1.687230873107910156e+01 0.000000000000000000e+00
 9.582224731445312500e+02 3.991305541992187500e+01 0.000000000000000000e+00
 9.139700927734375000e+02 7.931359863281250000e+01 0.000000000000000000e+00
 8.744884033203125000e+02 1.118397674560546875e+02 0.000000000000000000e+00
 8.555252685546875000e+02 1.267630081176757812e+02 0.000000000000000000e+00
 8.535612792968750000e+02 1.320606079101562500e+02 0.000000000000000000e+00
 8.495955200195312500e+02 1.417811584472656250e+02 0.000000000000000000e+00
 8.412573242187500000e+02 1.486905212402343750e+02 0.000000000000000000e+00
 8.357517089843750000e+02 1.558851470947265625e+02 0.000000000000000000e+00
 8.330537109375000000e+02 1.601615295410156250e+02 0.000000000000000000e+00
 8.306366577148437500e+02 1.642094421386718750e+02 0.000000000000000000e+00
 8.276013793945312500e+02 1.681331481933593750e+02 0.000000000000000000e+00
 8.241098022460937500e+02 1.716095581054687500e+02 0.000000000000000000e+00
 8.216952514648437500e+02 1.755298919677734375e+02 0.000000000000000000e+00
 8.195620727539062500e+02 1.794351348876953125e+02 0.000000000000000000e+00
 8.175628051757812500e+02 1.831508941650390625e+02 0.000000000000000000e+00
 8.160605468750000000e+02 1.863007812500000000e+02 0.000000000000000000e+00
 8.146591796875000000e+02 1.889680175781250000e+02 0.000000000000000000e+00
 8.131613769531250000e+02 1.912837829589843750e+02 0.000000000000000000e+00
 8.116189575195312500e+02 1.936886444091796875e+02 0.000000000000000000e+00
 8.099268798828125000e+02 1.959897308349609375e+02 0.000000000000000000e+00
 8.085026245117187500e+02 1.982654571533203125e+02 0.000000000000000000e+00
 8.073997192382812500e+02 2.002362060546875000e+02 0.000000000000000000e+00
 8.063146972656250000e+02 2.023534698486328125e+02 0.000000000000000000e+00
 8.051480102539062500e+02 2.044817352294921875e+02 0.000000000000000000e+00
 8.039488525390625000e+02 2.067937011718750000e+02 0.000000000000000000e+00
 8.027553100585937500e+02 2.089779205322265625e+02 0.000000000000000000e+00
 8.015942993164062500e+02 2.114513854980468750e+02 0.000000000000000000e+00
 8.005132446289062500e+02 2.137127075195312500e+02 0.000000000000000000e+00
 7.995832519531250000e+02 2.156920013427734375e+02 0.000000000000000000e+00
 7.986768798828125000e+02 2.173838348388671875e+02 0.000000000000000000e+00
 7.973477172851562500e+02 2.194776458740234375e+02 0.000000000000000000e+00
 7.963979492187500000e+02 2.221472625732421875e+02 0.000000000000000000e+00
 7.945570068359375000e+02 2.241549224853515625e+02 0.000000000000000000e+00
 7.945507202148437500e+02 2.277130432128906250e+02 0.000000000000000000e+00
 9.999971313476562500e+02 2.810974605381488800e-03 0.000000000000000000e+00
 9.999741210937500000e+02 2.582217939198017120e-02 0.000000000000000000e+00
 9.998672485351562500e+02 1.344038397073745728e-01 0.000000000000000000e+00
 9.994789428710937500e+02 5.361028909683227539e-01 0.000000000000000000e+00
 9.984211425781250000e+02 1.587159514427185059e+00 0.000000000000000000e+00
 9.956224975585937500e+02 4.392735481262207031e+00 0.000000000000000000e+00
 9.890798339843750000e+02 1.094041347503662109e+01 0.000000000000000000e+00
 9.730846557617187500e+02 2.603608894348144531e+01 0.000000000000000000e+00
 9.385142211914062500e+02 5.724158477783203125e+01 0.000000000000000000e+00
 8.951356201171875000e+02 9.417802429199218750e+01 0.000000000000000000e+00
 8.780991821289062500e+02 1.098137207031250000e+02 0.000000000000000000e+00
 8.608311157226562500e+02 1.287579956054687500e+02 0.000000000000000000e+00
 8.499835815429687500e+02 1.321901092529296875e+02 0.000000000000000000e+00
 8.483452758789062500e+02 1.378692321777343750e+02 0.000000000000000000e+00
 8.449914550781250000e+02 1.415568542480468750e+02 0.000000000000000000e+00
 8.402259521484375000e+02 1.479512481689453125e+02 0.000000000000000000e+00
 8.354976806640625000e+02 1.528174285888671875e+02 0.000000000000000000e+00
 8.333171386718750000e+02 1.575042266845703125e+02 0.000000000000000000e+00
 8.311430053710937500e+02 1.624771728515625000e+02 0.000000000000000000e+00
 8.283466796875000000e+02 1.669827728271484375e+02 0.000000000000000000e+00
 8.256367187500000000e+02 1.707740020751953125e+02 0.000000000000000000e+00
 8.237576293945312500e+02 1.736755523681640625e+02 0.000000000000000000e+00
 8.221491699218750000e+02 1.761449432373046875e+02 0.000000000000000000e+00
 8.205595092773437500e+02 1.784895019531250000e+02 0.000000000000000000e+00
 8.187935180664062500e+02 1.810752105712890625e+02 0.000000000000000000e+00
 8.169685668945312500e+02 1.837304992675781250e+02 0.000000000000000000e+00
 8.153789672851562500e+02 1.864659881591796875e+02 0.000000000000000000e+00
 8.139938964843750000e+02 1.888980407714843750e+02 0.000000000000000000e+00
 8.125442504882812500e+02 1.914486541748046875e+02 0.000000000000000000e+00
 8.110217895507812500e+02 1.938804168701171875e+02 0.000000000000000000e+00
 8.096642456054687500e+02 1.963240966796875000e+02 0.000000000000000000e+00
 8.083433837890625000e+02 1.984768981933593750e+02 0.000000000000000000e+00
 8.069764404296875000e+02 2.009280395507812500e+02 0.000000000000000000e+00
 8.056985473632812500e+02 2.032468414306640625e+02 0.000000000000000000e+00
 8.045758056640625000e+02 2.054848785400390625e+02 0.000000000000000000e+00
 8.035699462890625000e+02 2.075340118408203125e+02 0.000000000000000000e+00
 8.021541137695312500e+02 2.100183715820312500e+02 0.000000000000000000e+00
 8.011738891601562500e+02 2.130680541992187500e+02 0.000000000000000000e+00
 7.991961669921875000e+02 2.151459503173828125e+02 0.000000000000000000e+00
 7.987912597656250000e+02 2.188979492187500000e+02 0.000000000000000000e+00
 9.999995727539062500e+02 4.500847135204821825e-04 0.000000000000000000e+00
 9.999954833984375000e+02 4.526066593825817108e-03 0.000000000000000000e+00
 9.999743041992187500e+02 2.606297470629215240e-02 0.000000000000000000e+00
 9.998892211914062500e+02 1.138110607862472534e-01 0.000000000000000000e+00
 9.996359252929687500e+02 3.660640120506286621e-01 0.000000000000000000e+00
 9.989245605468750000e+02 1.082929968833923340e+00 0.000000000000000000e+00
 9.971214599609375000e+02 2.912174463272094727e+00 0.000000000000000000e+00
 9.925702514648437500e+02 7.480085849761962891e+00 0.000000000000000000e+00
 9.829896850585937500e+02 1.686100769042968750e+01 0.000000000000000000e+00
 9.595142822265625000e+02 3.813170623779296875e+01 0.000000000000000000e+00
 9.206035766601562500e+02 7.266909790039062500e+01 0.000000000000000000e+00
 8.779495239257812500e+02 1.040585098266601562e+02 0.000000000000000000e+00
 8.699939575195312500e+02 1.126589508056640625e+02 0.000000000000000000e+00
 8.652929687500000000e+02 1.235214691162109375e+02 0.000000000000000000e+00
 8.569214477539062500e+02 1.287133483886718750e+02 0.000000000000000000e+00
 8.503467407226562500e+02 1.370408782958984375e+02 0.000000000000000000e+00
 8.464343261718750000e+02 1.412218170166015625e+02 0.000000000000000000e+00
 8.434915161132812500e+02 1.461508331298828125e+02 0.000000000000000000e+00
 8.395375976562500000e+02 1.510670013427734375e+02 0.000000000000000000e+00
 8.357310791015625000e+02 1.546454620361328125e+02 0.000000000000000000e+00
 8.330466308593750000e+02 1.575657501220703125e+02 0.000000000000000000e+00
 8.309492187500000000e+02 1.605505828857421875e+02 0.000000000000000000e+00
 8.291118774414062500e+02 1.637448425292968750e+02 0.000000000000000000e+00
 8.274564208984375000e+02 1.668521575927734375e+02 0.000000000000000000e+00
 8.256636352539062500e+02 1.701210937500000000e+02 0.000000000000000000e+00
 8.237958374023437500e+02 1.733315429687500000e+02 0.000000000000000000e+00
 8.219464111328125000e+02 1.764801635742187500e+02 0.000000000000000000e+00
 8.202262573242187500e+02 1.791096191406250000e+02 0.000000000000000000e+00
 8.184706420898437500e+02 1.817918090820312500e+02 0.000000000000000000e+00
 8.167490844726562500e+02 1.842203063964843750e+02 0.000000000000000000e+00
 8.152340087890625000e+02 1.866285247802734375e+02 0.000000000000000000e+00
 8.137761230468750000e+02 1.887918548583984375e+02 0.000000000000000000e+00
 8.122088623046875000e+02 1.913057708740234375e+02 0.000000000000000000e+00
 8.107362670898437500e+02 1.937657775878906250e+02 0.000000000000000000e+00
 8.093790283203125000e+02 1.962812957763671875e+02 0.000000000000000000e+00
 8.082446899414062500e+02 1.986138305664062500e+02 0.000000000000000000e+00
 8.066765136718750000e+02 2.013506164550781250e+02 0.000000000000000000e+00
 8.055678710937500000e+02 2.045971527099609375e+02 0.000000000000000000e+00
 8.036485595703125000e+02 2.067950286865234375e+02 0.000000000000000000e+00
 8.027761230468750000e+02 2.107706756591796875e+02 0.000000000000000000e+00
 9.999999389648437500e+02 7.258923142217099667e-05 0.000000000000000000e+00
 9.999992065429687500e+02 7.959058275446295738e-04 0.000000000000000000e+00
 9.999950561523437500e+02 5.010809749364852905e-03 0.000000000000000000e+00
 9.999769287109375000e+02 2.373176254332065582e-02 0.000000000000000000e+00
 9.999177856445312500e+02 8.274559676647186279e-02 0.000000000000000000e+00
 9.997403564453125000e+02 2.618108093738555908e-01 0.000000000000000000e+00
 9.992664184570312500e+02 7.442806959152221680e-01 0.000000000000000000e+00
 9.980086059570312500e+02 2.025373697280883789e+00 0.000000000000000000e+00
 9.951732788085937500e+02 4.857890605926513672e+00 0.000000000000000000e+00
 9.886430664062500000e+02 1.126102066040039062e+01 0.000000000000000000e+00
 9.734466552734375000e+02 2.556735610961914062e+01 0.000000000000000000e+00
 9.390635375976562500e+02 5.502226638793945312e+01 0.000000000000000000e+00
 9.080072631835937500e+02 8.853157806396484375e+01 0.000000000000000000e+00
 8.753222656250000000e+02 1.105172119140625000e+02 0.000000000000000000e+00
 8.618816528320312500e+02 1.188865280151367188e+02 0.000000000000000000e+00
 8.599277343750000000e+02 1.257271652221679688e+02 0.000000000000000000e+00
 8.572139892578125000e+02 1.288010101318359375e+02 0.000000000000000000e+00
 8.536385498046875000e+02 1.348213195800781250e+02 0.000000000000000000e+00
 8.483034667968750000e+02 1.398210449218750000e+02 0.000000000000000000e+00
 8.446635742187500000e+02 1.430256958007812500e+02 0.000000000000000000e+00
 8.419261474609375000e+02 1.457422637939453125e+02 0.000000000000000000e+00
 8.391370239257812500e+02 1.493690032958984375e+02 0.000000000000000000e+00
 8.362446289062500000e+02 1.534136352539062500e+02 0.000000000000000000e+00
 8.340501708984375000e+02 1.571238861083984375e+02 0.000000000000000000e+00
 8.319498291015625000e+02 1.607647552490234375e+02 0.000000000000000000e+00
 8.297476196289062500e+02 1.639791717529296875e+02 0.000000000000000000e+00
 8.276055297851562500e+02 1.669400177001953125e+02 0.000000000000000000e+00
 8.258275756835937500e+02 1.694898223876953125e+02 0.000000000000000000e+00
 8.240902709960937500e+02 1.722348937988281250e+02 0.000000000000000000e+00
 8.224214477539062500e+02 1.748402099609375000e+02 0.000000000000000000e+00
 8.207630004882812500e+02 1.774839782714843750e+02 0.000000000000000000e+00
 8.191446533203125000e+02 1.799083709716796875e+02 0.000000000000000000e+00
 8.173324584960937500e+02 1.826971893310546875e+02 0.000000000000000000e+00
 8.156370239257812500e+02 1.854459075927734375e+02 0.000000000000000000e+00
 8.140316772460937500e+02 1.881491394042968750e+02 0.000000000000000000e+00
 8.127080078125000000e+02 1.905601501464843750e+02 0.000000000000000000e+00
 8.108938598632812500e+02 1.933056030273437500e+02 0.000000000000000000e+00
 8.093789062500000000e+02 1.964704437255859375e+02 0.000000000000000000e+00
 8.075700073242187500e+02 1.988701324462890625e+02 0.000000000000000000e+00
 8.063705444335937500e+02 2.031629791259765625e+02 0.000000000000000000e+00
 1.000000000000000000e+03 9.362401215184945613e-06 0.000000000000000000e+00
 9.999998779296875000e+02 1.377112348563969135e-04 0.000000000000000000e+00
 9.999990844726562500e+02 9.514139383099973202e-04 0.000000000000000000e+00
 9.999953002929687500e+02 4.859340842813253403e-03 0.000000000000000000e+00
 9.999819946289062500e+02 1.834241487085819244e-02 0.000000000000000000e+00
 9.999393310546875000e+02 6.187468394637107849e-02 0.000000000000000000e+00
 9.998187866210937500e+02 1.860771626234054565e-01 0.000000000000000000e+00
 9.994849243164062500e+02 5.320593714714050293e-01 0.000000000000000000e+00
 9.987045288085937500e+02 1.320150017738342285e+00 0.000000000000000000e+00
 9.967913208007812500e+02 3.239164829254150391e+00 0.000000000000000000e+00
 9.923152465820312500e+02 7.700032234191894531e+00 0.000000000000000000e+00
 9.823905639648437500e+02 1.748732566833496094e+01 0.000000000000000000e+00
 9.599585571289062500e+02 3.786468505859375000e+01 0.000000000000000000e+00
 9.176697387695312500e+02 7.090805816650390625e+01 0.000000000000000000e+00
 8.907672729492187500e+02 9.779547119140625000e+01 0.000000000000000000e+00
 8.798310546875000000e+02 1.110495758056640625e+02 0.000000000000000000e+00
 8.678605346679687500e+02 1.168466644287109375e+02 0.000000000000000000e+00
 8.621110839843750000e+02 1.249760894775390625e+02 0.000000000000000000e+00
 8.567268676757812500e+02 1.275084381103515625e+02 0.000000000000000000e+00
 8.539635620117187500e+02 1.315885772705078125e+02 0.000000000000000000e+00
 8.499191284179687500e+02 1.356197814941406250e+02 0.000000000000000000e+00
 8.462672729492187500e+02 1.407059173583984375e+02 0.000000000000000000e+00
 8.433096923828125000e+02 1.453182983398437500e+02 0.000000000000000000e+00
 8.409326782226562500e+02 1.489935302734375000e+02 0.000000000000000000e+00
 8.383836059570312500e+02 1.523695373535156250e+02 0.000000000000000000e+00
 8.357230224609375000e+02 1.551663970947265625e+02 0.000000000000000000e+00
 8.334274902343750000e+02 1.578675231933593750e+02 0.000000000000000000e+00
 8.316206054687500000e+02 1.605106811523437500e+02 0.000000000000000000e+00
 8.297918701171875000e+02 1.635254058837890625e+02 0.000000000000000000e+00
 8.279826049804687500e+02 1.664801025390625000e+02 0.000000000000000000e+00
 8.260809936523437500e+02 1.694496002197265625e+02 0.000000000000000000e+00
 8.242185668945312500e+02 1.721144866943359375e+02 0.000000000000000000e+00
 8.221583251953125000e+02 1.751267852783203125e+02 0.000000000000000000e+00
 8.203092651367187500e+02 1.780596618652343750e+02 0.000000000000000000e+00
 8.186459350585937500e+02 1.808526458740234375e+02 0.000000000000000000e+00
 8.171571655273437500e+02 1.832953643798828125e+02 0.000000000000000000e+00
 8.152050781250000000e+02 1.860507202148437500e+02 0.000000000000000000e+00
 8.131570434570312500e+02 1.891051635742187500e+02 0.000000000000000000e+00
 8.114014892578125000e+02 1.916508789062500000e+02 0.000000000000000000e+00
 8.099491577148437500e+02 1.961873168945312500e+02 0.000000000000000000e+00
 1.000000000000000000e+03 3.417528304794359428e-08 0.000000000000000000e+00
 1.000000000000000000e+03 2.297868377354461700e-05 0.000000000000000000e+00
 9.999998168945312500e+02 1.779446611180901527e-04 0.000000000000000000e+00
 9.999990844726562500e+02 9.750573080964386463e-04 0.000000000000000000e+00
 9.999960937500000000e+02 3.961939364671707153e-03 0.000000000000000000e+00
 9.999860839843750000e+02 1.420085784047842026e-02 0.000000000000000000e+00
 9.999560546875000000e+02 4.505332186818122864e-02 0.000000000000000000e+00
 9.998694458007812500e+02 1.347519457340240479e-01 0.000000000000000000e+00
 9.996574096679687500e+02 3.489105999469757080e-01 0.000000000000000000e+00
 9.991257324218750000e+02 8.858102560043334961e-01 0.000000000000000000e+00
 9.978460083007812500e+02 2.179769277572631836e+00 0.000000000000000000e+00
 9.948101806640625000e+02 5.260789871215820312e+00 0.000000000000000000e+00
 9.884140625000000000e+02 1.149490261077880859e+01 0.000000000000000000e+00
 9.732704467773437500e+02 2.577042388916015625e+01 0.000000000000000000e+00
 9.431143798828125000e+02 5.359585952758789062e+01 0.000000000000000000e+00
 9.014881591796875000e+02 8.515644073486328125e+01 0.000000000000000000e+00
 8.773381347656250000e+02 1.031438369750976562e+02 0.000000000000000000e+00
 8.717073364257812500e+02 1.117287979125976562e+02 0.000000000000000000e+00
 8.676475830078125000e+02 1.174723281860351562e+02 0.000000000000000000e+00
 8.635125122070312500e+02 1.241463317871093750e+02 0.000000000000000000e+00
 8.577675170898437500e+02 1.291133422851562500e+02 0.000000000000000000e+00
 8.544844970703125000e+02 1.343588104248046875e+02 0.000000000000000000e+00
 8.507809448242187500e+02 1.377133178710937500e+02 0.000000000000000000e+00
 8.473782348632812500e+02 1.406834411621093750e+02 0.000000000000000000e+00
 8.439218750000000000e+02 1.433183746337890625e+02 0.000000000000000000e+00
 8.408535156250000000e+02 1.458551483154296875e+02 0.000000000000000000e+00
 8.386250000000000000e+02 1.491558532714843750e+02 0.000000000000000000e+00
 8.367346191406250000e+02 1.525657653808593750e+02 0.000000000000000000e+00
 8.347064208984375000e+02 1.561219482421875000e+02 0.000000000000000000e+00
 8.326951293945312500e+02 1.593086395263671875e+02 0.000000000000000000e+00
 8.306260986328125000e+02 1.623638763427734375e+02 0.000000000000000000e+00
 8.286900024414062500e+02 1.650808868408203125e+02 0.000000000000000000e+00
 8.265670776367187500e+02 1.681442413330078125e+02 0.000000000000000000e+00
 8.246357421875000000e+02 1.710924377441406250e+02 0.000000000000000000e+00
 8.228619995117187500e+02 1.739236297607421875e+02 0.000000000000000000e+00
 8.212116088867187500e+02 1.764676208496093750e+02 0.000000000000000000e+00
 8.191531982421875000e+02 1.793704071044921875e+02 0.000000000000000000e+00
 8.168687744140625000e+02 1.825703430175781250e+02 0.000000000000000000e+00
 8.151051025390625000e+02 1.853022003173828125e+02 0.000000000000000000e+00
 8.134132690429687500e+02 1.899253845214843750e+02 0.000000000000000000e+00
 1.000000000000000000e+03 -2.500308937669615261e-07 0.000000000000000000e+00
 1.000000000000000000e+03 2.167348839066107757e-06 0.000000000000000000e+00
 9.999999389648437500e+02 3.182793807354755700e-05 0.000000000000000000e+00
 9.999998168945312500e+02 1.927824778249487281e-04 0.000000000000000000e+00
 9.999991455078125000e+02 8.441354148089885712e-04 0.000000000000000000e+00
 9.999968261718750000e+02 3.209408372640609741e-03 0.000000000000000000e+00
 9.999895629882812500e+02 1.073696184903383255e-02 0.000000000000000000e+00
 9.999675292968750000e+02 3.357812762260437012e-02 0.000000000000000000e+00
 9.999108276367187500e+02 9.093488752841949463e-02 0.000000000000000000e+00
 9.997641601562500000e+02 2.398068457841873169e-01 0.000000000000000000e+00
 9.994032592773437500e+02 6.077389121055603027e-01 0.000000000000000000e+00
 9.985221557617187500e+02 1.510912656784057617e+00 0.000000000000000000e+00
 9.965680541992187500e+02 3.457729816436767578e+00 0.000000000000000000e+00
 9.920242309570312500e+02 7.971633911132812500e+00 0.000000000000000000e+00
 9.824573364257812500e+02 1.726884651184082031e+01 0.000000000000000000e+00
 9.577513427734375000e+02 3.928535842895507812e+01 0.000000000000000000e+00
 9.225875244140625000e+02 7.334876251220703125e+01 0.000000000000000000e+00
 8.942794799804687500e+02 9.442295837402343750e+01 0.000000000000000000e+00
 8.747843627929687500e+02 1.091940231323242188e+02 0.000000000000000000e+00
 8.684237060546875000e+02 1.159457244873046875e+02 0.000000000000000000e+00
 8.629772949218750000e+02 1.198485870361328125e+02 0.000000000000000000e+00
 8.610117187500000000e+02 1.235360794067382812e+02 0.000000000000000000e+00
 8.573886108398437500e+02 1.279755020141601562e+02 0.000000000000000000e+00
 8.534986572265625000e+02 1.321311645507812500e+02 0.000000000000000000e+00
 8.498532104492187500e+02 1.351359558105468750e+02 0.000000000000000000e+00
 8.475493774414062500e+02 1.386390991210937500e+02 0.000000000000000000e+00
 8.453218383789062500e+02 1.429842681884765625e+02 0.000000000000000000e+00
 8.428348999023437500e+02 1.466352539062500000e+02 0.000000000000000000e+00
 8.399786376953125000e+02 1.498255615234375000e+02 0.000000000000000000e+00
 8.372452392578125000e+02 1.525135040283203125e+02 0.000000000000000000e+00
 8.347611083984375000e+02 1.553263702392578125e+02 0.000000000000000000e+00
 8.327882080078125000e+02 1.581534423828125000e+02 0.000000000000000000e+00
 8.307170410156250000e+02 1.614413299560546875e+02 0.000000000000000000e+00
 8.288220214843750000e+02 1.645616912841796875e+02 0.000000000000000000e+00
 8.269593505859375000e+02 1.674737396240234375e+02 0.000000000000000000e+00
 8.251726684570312500e+02 1.701215209960937500e+02 0.000000000000000000e+00
 8.230256347656250000e+02 1.731789093017578125e+02 0.000000000000000000e+00
 8.207684326171875000e+02 1.766472015380859375e+02 0.000000000000000000e+00
 8.188608398437500000e+02 1.796138000488281250e+02 0.000000000000000000e+00
 8.168680419921875000e+02 1.842210083007812500e+02 0.000000000000000000e+00
 1.000000000000000000e+03 7.407218305388596491e-08 0.000000000000000000e+00
 1.000000000000000000e+03 -7.932199963534003473e-08 0.000000000000000000e+00
 1.000000000000000000e+03 3.887444108841009438e-06 0.000000000000000000e+00
 9.999999389648437500e+02 3.607799590099602938e-05 0.000000000000000000e+00
 9.999998168945312500e+02 1.763926848070695996e-04 0.000000000000000000e+00
 9.999993286132812500e+02 7.136185304261744022e-04 0.000000000000000000e+00
 9.999975585937500000e+02 2.515531145036220551e-03 0.000000000000000000e+00
 9.999920654296875000e+02 8.217506110668182373e-03 0.000000000000000000e+00
 9.999771728515625000e+02 2.332649379968643188e-02 0.000000000000000000e+00
 9.999372558593750000e+02 6.392874568700790405e-02 0.000000000000000000e+00
 9.998364257812500000e+02 1.670285314321517944e-01 0.000000000000000000e+00
 9.995823364257812500e+02 4.282705783843994141e-01 0.000000000000000000e+00
 9.990095825195312500e+02 1.002836346626281738e+00 0.000000000000000000e+00
 9.976442871093750000e+02 2.373427391052246094e+00 0.000000000000000000e+00
 9.945746459960937500e+02 5.441584110260009766e+00 0.000000000000000000e+00
 9.874948120117187500e+02 1.237296772003173828e+01 0.000000000000000000e+00
 9.713443603515625000e+02 2.727733612060546875e+01 0.000000000000000000e+00
 9.380571899414062500e+02 5.646918869018554688e+01 0.000000000000000000e+00
 9.005152587890625000e+02 8.789979553222656250e+01 0.000000000000000000e+00
 8.876198120117187500e+02 1.005953140258789062e+02 0.000000000000000000e+00
 8.752479248046875000e+02 1.100379180908203125e+02 0.000000000000000000e+00
 8.706757202148437500e+02 1.138572463989257812e+02 0.000000000000000000e+00
 8.646762695312500000e+02 1.193932723999023438e+02 0.000000000000000000e+00
 8.600775756835937500e+02 1.242339630126953125e+02 0.000000000000000000e+00
 8.559052734375000000e+02 1.281267700195312500e+02 0.000000000000000000e+00
 8.536933593750000000e+02 1.327333679199218750e+02 0.000000000000000000e+00
 8.514872436523437500e+02 1.372145233154296875e+02 0.000000000000000000e+00
 8.486269531250000000e+02 1.403798980712890625e+02 0.000000000000000000e+00
 8.453701782226562500e+02 1.431623077392578125e+02 0.000000000000000000e+00
 8.423981933593750000e+02 1.457872924804687500e+02 0.000000000000000000e+00
 8.397603759765625000e+02 1.488509979248046875e+02 0.000000000000000000e+00
 8.376154785156250000e+02 1.519950256347656250e+02 0.000000000000000000e+00
 8.353308715820312500e+02 1.554925689697265625e+02 0.000000000000000000e+00
 8.332243652343750000e+02 1.586482086181640625e+02 0.000000000000000000e+00
 8.310801391601562500e+02 1.615127258300781250e+02 0.000000000000000000e+00
 8.290898437500000000e+02 1.642105560302734375e+02 0.000000000000000000e+00
 8.268250732421875000e+02 1.673876495361328125e+02 0.000000000000000000e+00
 8.246861572265625000e+02 1.710675506591796875e+02 0.000000000000000000e+00
 8.226076049804687500e+02 1.741401214599609375e+02 0.000000000000000000e+00
 8.202550048828125000e+02 1.787630462646484375e+02 0.000000000000000000e+00
 1.000000000000000000e+03 -6.858956425048745587e-08 0.000000000000000000e+00
 1.000000000000000000e+03 5.197890828867457458e-08 0.000000000000000000e+00
 1.000000000000000000e+03 2.889391055305168265e-07 0.000000000000000000e+00
 1.000000000000000000e+03 5.089754267828539014e-06 0.000000000000000000e+00
 9.999999389648437500e+02 3.476378333289176226e-05 0.000000000000000000e+00
 9.999998779296875000e+02 1.551740861032158136e-04 0.000000000000000000e+00
 9.999994506835937500e+02 5.800894577987492085e-04 0.000000000000000000e+00
 9.999981079101562500e+02 1.981900073587894440e-03 0.000000000000000000e+00
 9.999942626953125000e+02 5.912564229220151901e-03 0.000000000000000000e+00
 9.999836425781250000e+02 1.687726192176342010e-02 0.000000000000000000e+00
 9.999559326171875000e+02 4.557966440916061401e-02 0.000000000000000000e+00
 9.998840942382812500e+02 1.203998178243637085e-01 0.000000000000000000e+00
 9.997169799804687500e+02 2.901839613914489746e-01 0.000000000000000000e+00
 9.993127441406250000e+02 7.020173072814941406e-01 0.000000000000000000e+00
 9.983825683593750000e+02 1.649614572525024414e+00 0.000000000000000000e+00
 9.961437377929687500e+02 3.917405605316162109e+00 0.000000000000000000e+00
 9.912138061523437500e+02 8.785264968872070312e+00 0.000000000000000000e+00
 9.799113159179687500e+02 1.966237831115722656e+01 0.000000000000000000e+00
 9.536198120117187500e+02 4.319131851196289062e+01 0.000000000000000000e+00
 9.177224121093750000e+02 7.599815368652343750e+01 0.000000000000000000e+00
 8.834069824218750000e+02 1.001321792602539062e+02 0.000000000000000000e+00
 8.774833984375000000e+02 1.045183334350585938e+02 0.000000000000000000e+00
 8.732826538085937500e+02 1.135092849731445312e+02 0.000000000000000000e+00
 8.674902343750000000e+02 1.179615859985351562e+02 0.000000000000000000e+00
 8.636231079101562500e+02 1.230171585083007812e+02 0.000000000000000000e+00
 8.608101806640625000e+02 1.270806655883789062e+02 0.000000000000000000e+00
 8.573016967773437500e+02 1.305907592773437500e+02 0.000000000000000000e+00
 8.534704589843750000e+02 1.333550872802734375e+02 0.000000000000000000e+00
 8.500086669921875000e+02 1.361376953125000000e+02 0.000000000000000000e+00
 8.470496215820312500e+02 1.393655395507812500e+02 0.000000000000000000e+00
 8.442438964843750000e+02 1.430942230224609375e+02 0.000000000000000000e+00
 8.419769287109375000e+02 1.464243469238281250e+02 0.000000000000000000e+00
 8.396449584960937500e+02 1.498410491943359375e+02 0.000000000000000000e+00
 8.373973999023437500e+02 1.528648223876953125e+02 0.000000000000000000e+00
 8.350187377929687500e+02 1.558224792480468750e+02 0.000000000000000000e+00
 8.328522338867187500e+02 1.587575531005859375e+02 0.000000000000000000e+00
 8.305493774414062500e+02 1.621134033203125000e+02 0.000000000000000000e+00
 8.284437255859375000e+02 1.658245697021484375e+02 0.000000000000000000e+00
 8.262467651367187500e+02 1.687553405761718750e+02 0.000000000000000000e+00
 8.233818359375000000e+02 1.733650817871093750e+02 0.000000000000000000e+00
 1.000000000000000000e+03 2.178199309810224804e-08 0.000000000000000000e+00
 1.000000000000000000e+03 -5.215657239432403003e-08 0.000000000000000000e+00
 1.000000000000000000e+03 4.782310014661561581e-08 0.000000000000000000e+00
 1.000000000000000000e+03 6.465151045631500892e-07 0.000000000000000000e+00
 1.000000000000000000e+03 5.374701231630751863e-06 0.000000000000000000e+00
 1.000000000000000000e+03 3.155359081574715674e-05 0.000000000000000000e+00
 9.999998779296875000e+02 1.296310365432873368e-04 0.000000000000000000e+00
 9.999995727539062500e+02 4.659899277612566948e-04 0.000000000000000000e+00
 9.999985961914062500e+02 1.460780738852918148e-03 0.000000000000000000e+00
 9.999957885742187500e+02 4.339923150837421417e-03 0.000000000000000000e+00
 9.999882812500000000e+02 1.212189719080924988e-02 0.000000000000000000e+00
 9.999683227539062500e+02 3.295575082302093506e-02 0.000000000000000000e+00
 9.999202880859375000e+02 8.192900568246841431e-02 0.000000000000000000e+00
 9.998018188476562500e+02 2.030569761991500854e-01 0.000000000000000000e+00
 9.995227661132812500e+02 4.889644980430603027e-01 0.000000000000000000e+00
 9.988482055664062500e+02 1.180286049842834473e+00 0.000000000000000000e+00
 9.973261718750000000e+02 2.709258556365966797e+00 0.000000000000000000e+00
 9.937073974609375000e+02 6.323854923248291016e+00 0.000000000000000000e+00
 9.857639770507812500e+02 1.411072731018066406e+01 0.000000000000000000e+00
 9.654063720703125000e+02 3.302964019775390625e+01 0.000000000000000000e+00
 9.276643676757812500e+02 6.574800872802734375e+01 0.000000000000000000e+00
 9.030695800781250000e+02 8.836308288574218750e+01 0.000000000000000000e+00
 8.828220825195312500e+02 1.076036758422851562e+02 0.000000000000000000e+00
 8.716597290039062500e+02 1.095459136962890625e+02 0.000000000000000000e+00
 8.694121704101562500e+02 1.143685836791992188e+02 0.000000000000000000e+00
 8.656773681640625000e+02 1.172383346557617188e+02 0.000000000000000000e+00
 8.610588378906250000e+02 1.218957519531250000e+02 0.000000000000000000e+00
 8.568967895507812500e+02 1.259328765869140625e+02 0.000000000000000000e+00
 8.542516479492187500e+02 1.302043914794921875e+02 0.000000000000000000e+00
 8.517680664062500000e+02 1.346854705810546875e+02 0.000000000000000000e+00
 8.489312133789062500e+02 1.384852294921875000e+02 0.000000000000000000e+00
 8.465324096679687500e+02 1.411868743896484375e+02 0.000000000000000000e+00
 8.439621582031250000e+02 1.441022644042968750e+02 0.000000000000000000e+00
 8.413195190429687500e+02 1.470591430664062500e+02 0.000000000000000000e+00
 8.384534912109375000e+02 1.503438262939453125e+02 0.000000000000000000e+00
 8.359481811523437500e+02 1.536374359130859375e+02 0.000000000000000000e+00
 8.334555664062500000e+02 1.571392364501953125e+02 0.000000000000000000e+00
 8.313427124023437500e+02 1.607327728271484375e+02 0.000000000000000000e+00
 8.291979370117187500e+02 1.634902496337890625e+02 0.000000000000000000e+00
 8.260934448242187500e+02 1.680924072265625000e+02 0.000000000000000000e+00
 1.000000000000000000e+03 -9.044566873228632176e-09 0.000000000000000000e+00
 1.000000000000000000e+03 2.324468084680120228e-08 0.000000000000000000e+00
 1.000000000000000000e+03 -6.296925647575335461e-08 0.000000000000000000e+00
 1.000000000000000000e+03 6.471827873610891402e-08 0.000000000000000000e+00
 1.000000000000000000e+03 7.814135756234463770e-07 0.000000000000000000e+00
 1.000000000000000000e+03 5.103439434606116265e-06 0.000000000000000000e+00
 1.000000000000000000e+03 2.710258922888897359e-05 0.000000000000000000e+00
 9.999998779296875000e+02 1.067527555278502405e-04 0.000000000000000000e+00
 9.999996337890625000e+02 3.553812566678971052e-04 0.000000000000000000e+00
 9.999989624023437500e+02 1.101869507692754269e-03 0.000000000000000000e+00
 9.999969482421875000e+02 3.189222188666462898e-03 0.000000000000000000e+00
 9.999914550781250000e+02 8.932252414524555206e-03 0.000000000000000000e+00
 9.999777221679687500e+02 2.297482825815677643e-02 0.000000000000000000e+00
 9.999431762695312500e+02 5.852062627673149109e-02 0.000000000000000000e+00
 9.998599243164062500e+02 1.443436294794082642e-01 0.000000000000000000e+00
 9.996555175781250000e+02 3.557143211364746094e-01 0.000000000000000000e+00
 9.991889038085937500e+02 8.299347758293151855e-01 0.000000000000000000e+00
 9.980639038085937500e+02 1.971799015998840332e+00 0.000000000000000000e+00
 9.954421386718750000e+02 4.618123054504394531e+00 0.000000000000000000e+00
 9.892191772460937500e+02 1.080452919006347656e+01 0.000000000000000000e+00
 9.744660644531250000e+02 2.473638153076171875e+01 0.000000000000000000e+00
 9.423256225585937500e+02 5.421541976928710938e+01 0.000000000000000000e+00
 8.994987792968750000e+02 8.667958068847656250e+01 0.000000000000000000e+00
 8.877088012695312500e+02 9.587841796875000000e+01 0.000000000000000000e+00
 8.815572509765625000e+02 1.072787551879882812e+02 0.000000000000000000e+00
 8.736278076171875000e+02 1.110082168579101562e+02 0.000000000000000000e+00
 8.667846679687500000e+02 1.168879241943359375e+02 0.000000000000000000e+00
 8.618470458984375000e+02 1.207638702392578125e+02 0.000000000000000000e+00
 8.587738647460937500e+02 1.252511672973632812e+02 0.000000000000000000e+00
 8.559558715820312500e+02 1.297434234619140625e+02 0.000000000000000000e+00
 8.529077758789062500e+02 1.328195190429687500e+02 0.000000000000000000e+00
 8.505216674804687500e+02 1.355429840087890625e+02 0.000000000000000000e+00
 8.478947143554687500e+02 1.386164093017578125e+02 0.000000000000000000e+00
 8.451466674804687500e+02 1.420275726318359375e+02 0.000000000000000000e+00
 8.421468505859375000e+02 1.459162292480468750e+02 0.000000000000000000e+00
 8.395291137695312500e+02 1.494219818115234375e+02 0.000000000000000000e+00
 8.368251953125000000e+02 1.526858825683593750e+02 0.000000000000000000e+00
 8.344417114257812500e+02 1.558914642333984375e+02 0.000000000000000000e+00
 8.322431640625000000e+02 1.584811706542968750e+02 0.000000000000000000e+00
 8.289913940429687500e+02 1.631255493164062500e+02 0.000000000000000000e+00
 1.000000000000000000e+03 1.661970339128515661e-09 0.000000000000000000e+00
 1.000000000000000000e+03 6.962153076273125407e-10 0.000000000000000000e+00
 1.000000000000000000e+03 9.211109208706602658e-09 0.000000000000000000e+00
 1.000000000000000000e+03 -5.005733783036703244e-08 0.000000000000000000e+00
 1.000000000000000000e+03 6.531774943141499534e-08 0.000000000000000000e+00
 1.000000000000000000e+03 7.707893132646859158e-07 0.000000000000000000e+00
 1.000000000000000000e+03 4.412002454046159983e-06 0.000000000000000000e+00
 1.000000000000000000e+03 2.256594780192244798e-05 0.000000000000000000e+00
 9.999999389648437500e+02 8.384583634324371815e-05 0.000000000000000000e+00
 9.999997558593750000e+02 2.747637045104056597e-04 0.000000000000000000e+00
 9.999992065429687500e+02 8.268893579952418804e-04 0.000000000000000000e+00
 9.999977416992187500e+02 2.387335291132330894e-03 0.000000000000000000e+00
 9.999938354492187500e+02 6.362589076161384583e-03 0.000000000000000000e+00
 9.999838256835937500e+02 1.668835803866386414e-02 0.000000000000000000e+00
 9.999591674804687500e+02 4.221424087882041931e-02 0.000000000000000000e+00
 9.998975219726562500e+02 1.061590239405632019e-01 0.000000000000000000e+00
 9.997539672851562500e+02 2.524853348731994629e-01 0.000000000000000000e+00
 9.994027099609375000e+02 6.107317805290222168e-01 0.000000000000000000e+00
 9.985756835937500000e+02 1.453378677368164062e+00 0.000000000000000000e+00
 9.965424804687500000e+02 3.515069246292114258e+00 0.000000000000000000e+00
 9.917893066406250000e+02 8.230407714843750000e+00 0.000000000000000000e+00
 9.802459716796875000e+02 1.933948135375976562e+01 0.000000000000000000e+00
 9.501706542968750000e+02 4.538032913208007812e+01 0.000000000000000000e+00
 9.170917358398437500e+02 7.996492767333984375e+01 0.000000000000000000e+00
 8.862486572265625000e+02 9.986053466796875000e+01 0.000000000000000000e+00
 8.754942626953125000e+02 1.058607635498046875e+02 0.000000000000000000e+00
 8.733335571289062500e+02 1.138687362670898438e+02 0.000000000000000000e+00
 8.693681640625000000e+02 1.162328186035156250e+02 0.000000000000000000e+00
 8.661708374023437500e+02 1.203415145874023438e+02 0.000000000000000000e+00
 8.618356933593750000e+02 1.242666473388671875e+02 0.000000000000000000e+00
 8.578973999023437500e+02 1.272294998168945312e+02 0.000000000000000000e+00
 8.547602539062500000e+02 1.303672637939453125e+02 0.000000000000000000e+00
 8.512691040039062500e+02 1.338693542480468750e+02 0.000000000000000000e+00
 8.480656738281250000e+02 1.377510375976562500e+02 0.000000000000000000e+00
 8.454013061523437500e+02 1.418520812988281250e+02 0.000000000000000000e+00
 8.432027587890625000e+02 1.450842590332031250e+02 0.000000000000000000e+00
 8.407938232421875000e+02 1.480807800292968750e+02 0.000000000000000000e+00
 8.384041748046875000e+02 1.512310180664062500e+02 0.000000000000000000e+00
 8.362007446289062500e+02 1.538941345214843750e+02 0.000000000000000000e+00
 8.326932983398437500e+02 1.586959228515625000e+02 0.000000000000000000e+00
 1.000000000000000000e+03 -1.315699327264496787e-09 0.000000000000000000e+00
 1.000000000000000000e+03 2.795524700616169866e-09 0.000000000000000000e+00
 1.000000000000000000e+03 -5.729420826661169031e-10 0.000000000000000000e+00
 1.000000000000000000e+03 4.457940683266770066e-09 0.000000000000000000e+00
 1.000000000000000000e+03 -4.401471187520655803e-08 0.000000000000000000e+00
 1.000000000000000000e+03 3.886145805154228583e-08 0.000000000000000000e+00
 1.000000000000000000e+03 6.438164632527332287e-07 0.000000000000000000e+00
 1.000000000000000000e+03 3.723474719663499855e-06 0.000000000000000000e+00
 1.000000000000000000e+03 1.798203993530478328e-05 0.000000000000000000e+00
 9.999999389648437500e+02 6.657093035755679011e-05 0.000000000000000000e+00
 9.999998168945312500e+02 2.126498293364420533e-04 0.000000000000000000e+00
 9.999993896484375000e+02 6.372914067469537258e-04 0.000000000000000000e+00
 9.999982910156250000e+02 1.768073649145662785e-03 0.000000000000000000e+00
 9.999954223632812500e+02 4.792674444615840912e-03 0.000000000000000000e+00
 9.999880981445312500e+02 1.247272640466690063e-02 0.000000000000000000e+00
 9.999694824218750000e+02 3.210931643843650818e-02 0.000000000000000000e+00
 9.999249267578125000e+02 7.825130224227905273e-02 0.000000000000000000e+00
 9.998142700195312500e+02 1.930413395166397095e-01 0.000000000000000000e+00
 9.995490112304687500e+02 4.683779776096343994e-01 0.000000000000000000e+00
 9.988950195312500000e+02 1.147522330284118652e+00 0.000000000000000000e+00
 9.973312377929687500e+02 2.741683959960937500e+00 0.000000000000000000e+00
 9.933883666992187500e+02 6.726580142974853516e+00 0.000000000000000000e+00
 9.838292236328125000e+02 1.615158843994140625e+01 0.000000000000000000e+00
 9.587651977539062500e+02 3.950387573242187500e+01 0.000000000000000000e+00
 9.172537841796875000e+02 7.387686157226562500e+01 0.000000000000000000e+00
 8.919037475585937500e+02 9.279273223876953125e+01 0.000000000000000000e+00
 8.851602783203125000e+02 1.066750717163085938e+02 0.000000000000000000e+00
 8.755287475585937500e+02 1.086916809082031250e+02 0.000000000000000000e+00
 8.715228271484375000e+02 1.130949096679687500e+02 0.000000000000000000e+00
 8.660841064453125000e+02 1.174174423217773438e+02 0.000000000000000000e+00
 8.621663818359375000e+02 1.222248764038085938e+02 0.000000000000000000e+00
 8.593264770507812500e+02 1.262971649169921875e+02 0.000000000000000000e+00
 8.556998291015625000e+02 1.299705963134765625e+02 0.000000000000000000e+00
 8.523247680664062500e+02 1.338551483154296875e+02 0.000000000000000000e+00
 8.494785766601562500e+02 1.376208496093750000e+02 0.000000000000000000e+00
 8.471441650390625000e+02 1.404518280029296875e+02 0.000000000000000000e+00
 8.447902221679687500e+02 1.433471832275390625e+02 0.000000000000000000e+00
 8.422097778320312500e+02 1.467139892578125000e+02 0.000000000000000000e+00
 8.398308105468750000e+02 1.495551757812500000e+02 0.000000000000000000e+00
 8.359772338867187500e+02 1.545530242919921875e+02 0.000000000000000000e+00
 1.000000000000000000e+03 5.141555514676099392e-10 0.000000000000000000e+00
 1.000000000000000000e+03 4.893361826852071772e-10 0.000000000000000000e+00
 1.000000000000000000e+03 -2.697997658618334071e-10 0.000000000000000000e+00
 1.000000000000000000e+03 6.699478305449702020e-09 0.000000000000000000e+00
 1.000000000000000000e+03 -1.223612500211856968e-08 0.000000000000000000e+00
 1.000000000000000000e+03 -1.747646471983443917e-08 0.000000000000000000e+00
 1.000000000000000000e+03 -1.104183677824721599e-08 0.000000000000000000e+00
 1.000000000000000000e+03 5.058209353592246771e-07 0.000000000000000000e+00
 1.000000000000000000e+03 2.991101837324094959e-06 0.000000000000000000e+00
 1.000000000000000000e+03 1.411090943292947486e-05 0.000000000000000000e+00
 9.999999389648437500e+02 5.183421308174729347e-05 0.000000000000000000e+00
 9.999998168945312500e+02 1.650788180995732546e-04 0.000000000000000000e+00
 9.999995727539062500e+02 4.796329012606292963e-04 0.000000000000000000e+00
 9.999987182617187500e+02 1.345016993582248688e-03 0.000000000000000000e+00
 9.999965820312500000e+02 3.601815085858106613e-03 0.000000000000000000e+00
 9.999910278320312500e+02 9.487333707511425018e-03 0.000000000000000000e+00
 9.999772949218750000e+02 2.375198900699615479e-02 0.000000000000000000e+00
 9.999426269531250000e+02 5.988467857241630554e-02 0.000000000000000000e+00
 9.998582763671875000e+02 1.479832530021667480e-01 0.000000000000000000e+00
 9.996478881835937500e+02 3.681083619594573975e-01 0.000000000000000000e+00
 9.991397094726562500e+02 8.917523622512817383e-01 0.000000000000000000e+00
 9.978423461914062500e+02 2.225142002105712891e+00 0.000000000000000000e+00
 9.945554809570312500e+02 5.574205875396728516e+00 0.000000000000000000e+00
 9.864407348632812500e+02 1.367790603637695312e+01 0.000000000000000000e+00
 9.631666870117187500e+02 3.557373809814453125e+01 0.000000000000000000e+00
 9.231624145507812500e+02 7.269218444824218750e+01 0.000000000000000000e+00
 8.968231201171875000e+02 9.275673675537109375e+01 0.000000000000000000e+00
 8.818317871093750000e+02 9.989376831054687500e+01 0.000000000000000000e+00
 8.769319458007812500e+02 1.072873992919921875e+02 0.000000000000000000e+00
 8.707418212890625000e+02 1.129183349609375000e+02 0.000000000000000000e+00
 8.673504638671875000e+02 1.186339111328125000e+02 0.000000000000000000e+00
 8.641976928710937500e+02 1.217598495483398438e+02 0.000000000000000000e+00
 8.599398803710937500e+02 1.250240707397460938e+02 0.000000000000000000e+00
 8.559977416992187500e+02 1.288487854003906250e+02 0.000000000000000000e+00
 8.525169677734375000e+02 1.324087829589843750e+02 0.000000000000000000e+00
 8.498742065429687500e+02 1.354546966552734375e+02 0.000000000000000000e+00
 8.473823852539062500e+02 1.387407836914062500e+02 0.000000000000000000e+00
 8.447297973632812500e+02 1.424853515625000000e+02 0.000000000000000000e+00
 8.424122314453125000e+02 1.454054412841796875e+02 0.000000000000000000e+00
 8.386474609375000000e+02 1.504589080810546875e+02 0.000000000000000000e+00
 1.000000000000000000e+03 -3.988039499330797710e-12 0.000000000000000000e+00
 1.000000000000000000e+03 8.133751450145609851e-10 0.000000000000000000e+00
 1.000000000000000000e+03 -2.396323972586600348e-10 0.000000000000000000e+00
 1.000000000000000000e+03 3.155241068419911699e-10 0.000000000000000000e+00
 1.000000000000000000e+03 6.657044693270108837e-09 0.000000000000000000e+00
 1.000000000000000000e+03 -1.491107859408202785e-08 0.000000000000000000e+00
 1.000000000000000000e+03 8.310954702217543399e-10 0.000000000000000000e+00
 1.000000000000000000e+03 -2.955999001130749093e-08 0.000000000000000000e+00
 1.000000000000000000e+03 4.065948360221227631e-07 0.000000000000000000e+00
 1.000000000000000000e+03 2.406057774351211265e-06 0.000000000000000000e+00
 1.000000000000000000e+03 1.085553594748489559e-05 0.000000000000000000e+00
 9.999999389648437500e+02 4.054620876559056342e-05 0.000000000000000000e+00
 9.999998779296875000e+02 1.274873502552509308e-04 0.000000000000000000e+00
 9.999996337890625000e+02 3.739017120096832514e-04 0.000000000000000000e+00
 9.999990234375000000e+02 1.034335116855800152e-03 0.000000000000000000e+00
 9.999973754882812500e+02 2.793423831462860107e-03 0.000000000000000000e+00
 9.999931640625000000e+02 7.205921225249767303e-03 0.000000000000000000e+00
 9.999822998046875000e+02 1.862097717821598053e-02 0.000000000000000000e+00
 9.999553833007812500e+02 4.698142409324645996e-02 0.000000000000000000e+00
 9.998873291015625000e+02 1.187833547592163086e-01 0.000000000000000000e+00
 9.997203979492187500e+02 2.924650609493255615e-01 0.000000000000000000e+00
 9.992888183593750000e+02 7.415676712989807129e-01 0.000000000000000000e+00
 9.981924438476562500e+02 1.878770470619201660e+00 0.000000000000000000e+00
 9.953457641601562500e+02 4.813143253326416016e+00 0.000000000000000000e+00
 9.877923583984375000e+02 1.236300849914550781e+01 0.000000000000000000e+00
 9.666455078125000000e+02 3.263455963134765625e+01 0.000000000000000000e+00
 9.258347167968750000e+02 6.686438751220703125e+01 0.000000000000000000e+00
 8.901931152343750000e+02 9.438575744628906250e+01 0.000000000000000000e+00
 8.824439086914062500e+02 1.022530059814453125e+02 0.000000000000000000e+00
 8.762733154296875000e+02 1.104297561645507812e+02 0.000000000000000000e+00
 8.727074584960937500e+02 1.139446716308593750e+02 0.000000000000000000e+00
 8.685931396484375000e+02 1.167144012451171875e+02 0.000000000000000000e+00
 8.639319458007812500e+02 1.206311645507812500e+02 0.000000000000000000e+00
 8.600393066406250000e+02 1.249016418457031250e+02 0.000000000000000000e+00
 8.562894287109375000e+02 1.283386383056640625e+02 0.000000000000000000e+00
 8.533292846679687500e+02 1.314945068359375000e+02 0.000000000000000000e+00
 8.505010375976562500e+02 1.348521270751953125e+02 0.000000000000000000e+00
 8.475936889648437500e+02 1.385042419433593750e+02 0.000000000000000000e+00
 8.453626708984375000e+02 1.413273010253906250e+02 0.000000000000000000e+00
 8.417778320312500000e+02 1.463705902099609375e+02 0.000000000000000000e+00
 1.000000000000000000e+03 9.905136433285832709e-11 0.000000000000000000e+00
 1.000000000000000000e+03 3.809875748217450564e-10 0.000000000000000000e+00
 1.000000000000000000e+03 2.117155062375530861e-10 0.000000000000000000e+00
 1.000000000000000000e+03 2.275736959989060892e-10 0.000000000000000000e+00
 1.000000000000000000e+03 5.603898456385536520e-10 0.000000000000000000e+00
 1.000000000000000000e+03 5.356914023479930620e-09 0.000000000000000000e+00
 1.000000000000000000e+03 -1.296091589608749928e-08 0.000000000000000000e+00
 1.000000000000000000e+03 9.215098017989475920e-09 0.000000000000000000e+00
 1.000000000000000000e+03 -4.784249441058818775e-08 0.000000000000000000e+00
 1.000000000000000000e+03 3.274857363066985272e-07 0.000000000000000000e+00
 1.000000000000000000e+03 1.885157189462915994e-06 0.000000000000000000e+00
 1.000000000000000000e+03 8.357597835129126906e-06 0.000000000000000000e+00
 1.000000000000000000e+03 3.171276694047264755e-05 0.000000000000000000e+00
 9.999998779296875000e+02 1.011777640087530017e-04 0.000000000000000000e+00
 9.999996948242187500e+02 2.927310706581920385e-04 0.000000000000000000e+00
 9.999992065429687500e+02 8.132561924867331982e-04 0.000000000000000000e+00
 9.999979248046875000e+02 2.165163867175579071e-03 0.000000000000000000e+00
 9.999945678710937500e+02 5.742209497839212418e-03 0.000000000000000000e+00
 9.999859619140625000e+02 1.480586081743240356e-02 0.000000000000000000e+00
 9.999639892578125000e+02 3.809132426977157593e-02 0.000000000000000000e+00
 9.999089965820312500e+02 9.545508772134780884e-02 0.000000000000000000e+00
 9.997649536132812500e+02 2.457755506038665771e-01 0.000000000000000000e+00
 9.993955078125000000e+02 6.311495900154113770e-01 0.000000000000000000e+00
 9.984296875000000000e+02 1.636491060256958008e+00 0.000000000000000000e+00
 9.958010253906250000e+02 4.321125030517578125e+00 0.000000000000000000e+00
 9.886573486328125000e+02 1.151739978790283203e+01 0.000000000000000000e+00
 9.676259765625000000e+02 3.140458869934082031e+01 0.000000000000000000e+00
 9.237094116210937500e+02 7.008745574951171875e+01 0.000000000000000000e+00
 9.033729248046875000e+02 8.840893554687500000e+01 0.000000000000000000e+00
 8.841866455078125000e+02 1.043944549560546875e+02 0.000000000000000000e+00
 8.752892456054687500e+02 1.068470840454101562e+02 0.000000000000000000e+00
 8.692806396484375000e+02 1.104858627319335938e+02 0.000000000000000000e+00
 8.652989501953125000e+02 1.160534591674804688e+02 0.000000000000000000e+00
 8.626526489257812500e+02 1.207732009887695312e+02 0.000000000000000000e+00
 8.603108520507812500e+02 1.246764755249023438e+02 0.000000000000000000e+00
 8.580458374023437500e+02 1.280041503906250000e+02 0.000000000000000000e+00
 8.553318481445312500e+02 1.312790374755859375e+02 0.000000000000000000e+00
 8.521432495117187500e+02 1.349051055908203125e+02 0.000000000000000000e+00
 8.495162353515625000e+02 1.376968536376953125e+02 0.000000000000000000e+00
 8.451121826171875000e+02 1.426506500244140625e+02 0.000000000000000000e+00
 1.000000000000000000e+03 1.282939587898823675e-10 0.000000000000000000e+00
 1.000000000000000000e+03 1.787943751385689950e-11 0.000000000000000000e+00
 1.000000000000000000e+03 4.481907900366621789e-10 0.000000000000000000e+00
 1.000000000000000000e+03 -2.123700520995086549e-10 0.000000000000000000e+00
 1.000000000000000000e+03 5.027517846478701813e-10 0.000000000000000000e+00
 1.000000000000000000e+03 8.087131520007062591e-10 0.000000000000000000e+00
 1.000000000000000000e+03 1.565920948465304718e-09 0.000000000000000000e+00
 1.000000000000000000e+03 -4.604295611443376401e-09 0.000000000000000000e+00
 1.000000000000000000e+03 2.246650865345145576e-09 0.000000000000000000e+00
 1.000000000000000000e+03 -4.740953940540748590e-08 0.000000000000000000e+00
 1.000000000000000000e+03 2.158547260933119105e-07 0.000000000000000000e+00
 1.000000000000000000e+03 1.478043941460782662e-06 0.000000000000000000e+00
 1.000000000000000000e+03 6.552143531735055149e-06 0.000000000000000000e+00
 1.000000000000000000e+03 2.564530404924880713e-05 0.000000000000000000e+00
 9.999999389648437500e+02 8.235160930780693889e-05 0.000000000000000000e+00
 9.999997558593750000e+02 2.406297280685976148e-04 0.000000000000000000e+00
 9.999993896484375000e+02 6.675200420431792736e-04 0.000000000000000000e+00
 9.999982910156250000e+02 1.825840095989406109e-03 0.000000000000000000e+00
 9.999954833984375000e+02 4.830677062273025513e-03 0.000000000000000000e+00
 9.999882202148437500e+02 1.269227731972932816e-02 0.000000000000000000e+00
 9.999695434570312500e+02 3.252710774540901184e-02 0.000000000000000000e+00
 9.999200439453125000e+02 8.525221049785614014e-02 0.000000000000000000e+00
 9.997918701171875000e+02 2.217050641775131226e-01 0.000000000000000000e+00
 9.994523315429687500e+02 5.831146836280822754e-01 0.000000000000000000e+00
 9.985377197265625000e+02 1.541572570800781250e+00 0.000000000000000000e+00
 9.959397583007812500e+02 4.249026775360107422e+00 0.000000000000000000e+00
 9.885423583984375000e+02 1.174310684204101562e+01 0.000000000000000000e+00
 9.671209716796875000e+02 3.232092666625976562e+01 0.000000000000000000e+00
 9.272875976562500000e+02 6.869055938720703125e+01 0.000000000000000000e+00
 8.897742309570312500e+02 9.626457214355468750e+01 0.000000000000000000e+00
 8.817353515625000000e+02 1.001879425048828125e+02 0.000000000000000000e+00
 8.786904296875000000e+02 1.073392868041992188e+02 0.000000000000000000e+00
 8.730456542968750000e+02 1.125573272705078125e+02 0.000000000000000000e+00
 8.694107666015625000e+02 1.169930572509765625e+02 0.000000000000000000e+00
 8.658731079101562500e+02 1.210122070312500000e+02 0.000000000000000000e+00
 8.621927490234375000e+02 1.241381149291992188e+02 0.000000000000000000e+00
 8.585976562500000000e+02 1.273686828613281250e+02 0.000000000000000000e+00
 8.548198852539062500e+02 1.313758697509765625e+02 0.000000000000000000e+00
 8.519499511718750000e+02 1.343522949218750000e+02 0.000000000000000000e+00
 8.473453369140625000e+02 1.392337646484375000e+02 0.000000000000000000e+00
 1.000000000000000000e+03 5.061571300979395005e-11 0.000000000000000000e+00
 1.000000000000000000e+03 7.796106121782386822e-11 0.000000000000000000e+00
 1.000000000000000000e+03 1.562461271475967806e-11 0.000000000000000000e+00
 1.000000000000000000e+03 4.144800891392463882e-10 0.000000000000000000e+00
 1.000000000000000000e+03 -4.946634213354172971e-10 0.000000000000000000e+00
 1.000000000000000000e+03 1.170758490154355513e-09 0.000000000000000000e+00
 1.000000000000000000e+03 -3.632696921052058769e-10 0.000000000000000000e+00
 1.000000000000000000e+03 1.687600392763499713e-09 0.000000000000000000e+00
 1.000000000000000000e+03 -2.328824244557381462e-09 0.000000000000000000e+00
 1.000000000000000000e+03 -1.376055491775218798e-09 0.000000000000000000e+00
 1.000000000000000000e+03 -5.038889128172741039e-08 0.000000000000000000e+00
 1.000000000000000000e+03 1.341030895218864316e-07 0.000000000000000000e+00
 1.000000000000000000e+03 1.156935809376591351e-06 0.000000000000000000e+00
 1.000000000000000000e+03 5.232506282482063398e-06 0.000000000000000000e+00
 1.000000000000000000e+03 2.060743099718820304e-05 0.000000000000000000e+00
 9.999999389648437500e+02 6.764024874428287148e-05 0.000000000000000000e+00
 9.999998168945312500e+02 1.998441875912249088e-04 0.000000000000000000e+00
 9.999994506835937500e+02 5.668416270054876804e-04 0.000000000000000000e+00
 9.999985961914062500e+02 1.540332334116101265e-03 0.000000000000000000e+00
 9.999961547851562500e+02 4.131655208766460419e-03 0.000000000000000000e+00
 9.999899291992187500e+02 1.083504967391490936e-02 0.000000000000000000e+00
 9.999730224609375000e+02 2.893101610243320465e-02 0.000000000000000000e+00
 9.999287719726562500e+02 7.633115351200103760e-02 0.000000000000000000e+00
 9.998103027343750000e+02 2.032735496759414673e-01 0.000000000000000000e+00
 9.994904174804687500e+02 5.413121581077575684e-01 0.000000000000000000e+00
 9.985760498046875000e+02 1.505172133445739746e+00 0.000000000000000000e+00
 9.959110717773437500e+02 4.279373168945312500e+00 0.000000000000000000e+00
 9.883395996093750000e+02 1.203090190887451172e+01 0.000000000000000000e+00
 9.650178833007812500e+02 3.433917236328125000e+01 0.000000000000000000e+00
 9.185222167968750000e+02 7.528495025634765625e+01 0.000000000000000000e+00
 8.956636962890625000e+02 9.077566528320312500e+01 0.000000000000000000e+00
 8.869380493164062500e+02 1.047019500732421875e+02 0.000000000000000000e+00
 8.770001220703125000e+02 1.071350097656250000e+02 0.000000000000000000e+00
 8.723494873046875000e+02 1.122837142944335938e+02 0.000000000000000000e+00
 8.678010253906250000e+02 1.171281356811523438e+02 0.000000000000000000e+00
 8.636557006835937500e+02 1.200811386108398438e+02 0.000000000000000000e+00
 8.601160888671875000e+02 1.235631408691406250e+02 0.000000000000000000e+00
 8.568081665039062500e+02 1.279415206909179688e+02 0.000000000000000000e+00
 8.544445190429687500e+02 1.309040527343750000e+02 0.000000000000000000e+00
 8.505625610351562500e+02 1.357469787597656250e+02 0.000000000000000000e+00
 1.000000000000000000e+03 1.862577106437335317e-11 0.000000000000000000e+00
 1.000000000000000000e+03 3.274664567287643990e-11 0.000000000000000000e+00
 1.000000000000000000e+03 1.791213705137906231e-11 0.000000000000000000e+00
 1.000000000000000000e+03 1.227695584082866276e-10 0.000000000000000000e+00
 1.000000000000000000e+03 7.972808524492336346e-11 0.000000000000000000e+00
 1.000000000000000000e+03 -7.682471846182092889e-12 0.000000000000000000e+00
 1.000000000000000000e+03 4.483874105343232941e-10 0.000000000000000000e+00
 1.000000000000000000e+03 2.428521272967998357e-10 0.000000000000000000e+00
 1.000000000000000000e+03 -1.623910172998677126e-10 0.000000000000000000e+00
 1.000000000000000000e+03 3.226033884473622493e-09 0.000000000000000000e+00
 1.000000000000000000e+03 -1.079009948057318979e-08 0.000000000000000000e+00
 1.000000000000000000e+03 -4.319491253568230604e-08 0.000000000000000000e+00
 1.000000000000000000e+03 6.726163803705276223e-08 0.000000000000000000e+00
 1.000000000000000000e+03 9.221505479217739776e-07 0.000000000000000000e+00
 1.000000000000000000e+03 4.179735242360038683e-06 0.000000000000000000e+00
 1.000000000000000000e+03 1.681719004409387708e-05 0.000000000000000000e+00
 9.999999389648437500e+02 5.734952355851419270e-05 0.000000000000000000e+00
 9.999998168945312500e+02 1.740155566949397326e-04 0.000000000000000000e+00
 9.999995727539062500e+02 4.907732363790273666e-04 0.000000000000000000e+00
 9.999987792968750000e+02 1.349103520624339581e-03 0.000000000000000000e+00
 9.999966430664062500e+02 3.630476305261254311e-03 0.000000000000000000e+00
 9.999908447265625000e+02 9.898530319333076477e-03 0.000000000000000000e+00
 9.999754028320312500e+02 2.655642293393611908e-02 0.000000000000000000e+00
 9.999336547851562500e+02 7.173930108547210693e-02 0.000000000000000000e+00
 9.998203125000000000e+02 1.926916092634201050e-01 0.000000000000000000e+00
 9.994931030273437500e+02 5.413516163825988770e-01 0.000000000000000000e+00
 9.985440063476562500e+02 1.546601176261901855e+00 0.000000000000000000e+00
 9.957436523437500000e+02 4.496512413024902344e+00 0.000000000000000000e+00
 9.873580932617187500e+02 1.298423099517822266e+01 0.000000000000000000e+00
 9.586740722656250000e+02 3.936289215087890625e+01 0.000000000000000000e+00
 9.201629638671875000e+02 7.575437164306640625e+01 0.000000000000000000e+00
 8.945647583007812500e+02 9.766324615478515625e+01 0.000000000000000000e+00
 8.801948852539062500e+02 1.010282592773437500e+02 0.000000000000000000e+00
 8.763112792968750000e+02 1.087608795166015625e+02 0.000000000000000000e+00
 8.706173706054687500e+02 1.132980575561523438e+02 0.000000000000000000e+00
 8.668312988281250000e+02 1.158820343017578125e+02 0.000000000000000000e+00
 8.641180419921875000e+02 1.196826477050781250e+02 0.000000000000000000e+00
 8.606191406250000000e+02 1.239789047241210938e+02 0.000000000000000000e+00
 8.580942382812500000e+02 1.268852767944335938e+02 0.000000000000000000e+00
 8.540228271484375000e+02 1.320238647460937500e+02 0.000000000000000000e+00
 1.000000000000000000e+03 -4.520427435150686790e-12 0.000000000000000000e+00
 1.000000000000000000e+03 3.412373855704586845e-11 0.000000000000000000e+00
 1.000000000000000000e+03 -1.644162583858133075e-11 0.000000000000000000e+00
 1.000000000000000000e+03 7.905194554513883531e-11 0.000000000000000000e+00
 1.000000000000000000e+03 -9.804748159203402480e-12 0.000000000000000000e+00
 1.000000000000000000e+03 1.549324696314968719e-10 0.000000000000000000e+00
 1.000000000000000000e+03 -1.321175946422670222e-10 0.000000000000000000e+00
 1.000000000000000000e+03 6.486022274820868461e-10 0.000000000000000000e+00
 1.000000000000000000e+03 -4.191478553128291651e-10 0.000000000000000000e+00
 1.000000000000000000e+03 5.297176031149319897e-10 0.000000000000000000e+00
 1.000000000000000000e+03 4.859540325696798391e-09 0.000000000000000000e+00
 1.000000000000000000e+03 -1.346430877902093926e-08 0.000000000000000000e+00
 1.000000000000000000e+03 -3.621552480126410956e-08 0.000000000000000000e+00
 1.000000000000000000e+03 2.215212191458704183e-08 0.000000000000000000e+00
 1.000000000000000000e+03 7.110711521818302572e-07 0.000000000000000000e+00
 1.000000000000000000e+03 3.403142954994109459e-06 0.000000000000000000e+00
 1.000000000000000000e+03 1.427500501449685544e-05 0.000000000000000000e+00
 9.999999389648437500e+02 5.053579297964461148e-05 0.000000000000000000e+00
 9.999998779296875000e+02 1.530190784251317382e-04 0.000000000000000000e+00
 9.999995727539062500e+02 4.350809322204440832e-04 0.000000000000000000e+00
 9.999989013671875000e+02 1.204014057293534279e-03 0.000000000000000000e+00
 9.999968872070312500e+02 3.353323554620146751e-03 0.000000000000000000e+00
 9.999915771484375000e+02 9.153020568192005157e-03 0.000000000000000000e+00
 9.999768676757812500e+02 2.508168667554855347e-02 0.000000000000000000e+00
 9.999365844726562500e+02 6.811367720365524292e-02 0.000000000000000000e+00
 9.998193969726562500e+02 1.931594908237457275e-01 0.000000000000000000e+00
 9.994790039062500000e+02 5.553495287895202637e-01 0.000000000000000000e+00
 9.984671630859375000e+02 1.630638957023620605e+00 0.000000000000000000e+00
 9.953543090820312500e+02 4.852464675903320312e+00 0.000000000000000000e+00
 9.852733764648437500e+02 1.504008483886718750e+01 0.000000000000000000e+00
 9.556733398437500000e+02 4.358749771118164062e+01 0.000000000000000000e+00
 9.086091308593750000e+02 7.914816284179687500e+01 0.000000000000000000e+00
 8.869898681640625000e+02 9.265357971191406250e+01 0.000000000000000000e+00
 8.843462524414062500e+02 1.074366073608398438e+02 0.000000000000000000e+00
 8.773617553710937500e+02 1.089531860351562500e+02 0.000000000000000000e+00
 8.726994628906250000e+02 1.122855148315429688e+02 0.000000000000000000e+00
 8.692213134765625000e+02 1.167532958984375000e+02 0.000000000000000000e+00
 8.643122558593750000e+02 1.205534896850585938e+02 0.000000000000000000e+00
 8.608114624023437500e+02 1.233208465576171875e+02 0.000000000000000000e+00
 8.557580566406250000e+02 1.285502471923828125e+02 0.000000000000000000e+00
 1.000000000000000000e+03 -1.123401935712586841e-12 0.000000000000000000e+00
 1.000000000000000000e+03 9.936252341746776295e-12 0.000000000000000000e+00
 1.000000000000000000e+03 2.487073914869686320e-12 0.000000000000000000e+00
 1.000000000000000000e+03 1.670916877083428176e-11 0.000000000000000000e+00
 1.000000000000000000e+03 1.140494209489473221e-11 0.000000000000000000e+00
 1.000000000000000000e+03 6.155271431440567653e-11 0.000000000000000000e+00
 1.000000000000000000e+03 -3.354902727153996622e-12 0.000000000000000000e+00
 1.000000000000000000e+03 9.736762784928743031e-11 0.000000000000000000e+00
 1.000000000000000000e+03 2.644101326776393535e-10 0.000000000000000000e+00
 1.000000000000000000e+03 -2.881593574866059271e-10 0.000000000000000000e+00
 1.000000000000000000e+03 5.288485205312554172e-10 0.000000000000000000e+00
 1.000000000000000000e+03 7.159806081347142026e-09 0.000000000000000000e+00
 1.000000000000000000e+03 -1.993433684788215032e-08 0.000000000000000000e+00
 1.000000000000000000e+03 -1.522215065108412091e-08 0.000000000000000000e+00
 1.000000000000000000e+03 -1.745443256595535786e-08 0.000000000000000000e+00
 1.000000000000000000e+03 5.558327416110842023e-07 0.000000000000000000e+00
 1.000000000000000000e+03 2.994138867506990209e-06 0.000000000000000000e+00
 1.000000000000000000e+03 1.298376901104347780e-05 0.000000000000000000e+00
 9.999999389648437500e+02 4.675278250942938030e-05 0.000000000000000000e+00
 9.999998779296875000e+02 1.446396490791812539e-04 0.000000000000000000e+00
 9.999996337890625000e+02 4.191609332337975502e-04 0.000000000000000000e+00
 9.999989013671875000e+02 1.199304475449025631e-03 0.000000000000000000e+00
 9.999969482421875000e+02 3.339711576700210571e-03 0.000000000000000000e+00
 9.999915771484375000e+02 9.299750439822673798e-03 0.000000000000000000e+00
 9.999766235351562500e+02 2.559386938810348511e-02 0.000000000000000000e+00
 9.999328002929687500e+02 7.319028675556182861e-02 0.000000000000000000e+00
 9.998058471679687500e+02 2.109812796115875244e-01 0.000000000000000000e+00
 9.994257812500000000e+02 6.232233643531799316e-01 0.000000000000000000e+00
 9.982683715820312500e+02 1.852369904518127441e+00 0.000000000000000000e+00
 9.944157714843750000e+02 5.910933971405029297e+00 0.000000000000000000e+00
 9.827149658203125000e+02 1.782503890991210938e+01 0.000000000000000000e+00
 9.462267456054687500e+02 5.185892105102539062e+01 0.000000000000000000e+00
 9.057674560546875000e+02 8.700294494628906250e+01 0.000000000000000000e+00
 8.927295532226562500e+02 1.002575225830078125e+02 0.000000000000000000e+00
 8.805693359375000000e+02 1.027911605834960938e+02 0.000000000000000000e+00
 8.765759277343750000e+02 1.086230773925781250e+02 0.000000000000000000e+00
 8.721388549804687500e+02 1.132401962280273438e+02 0.000000000000000000e+00
 8.672620239257812500e+02 1.172608261108398438e+02 0.000000000000000000e+00
 8.640935668945312500e+02 1.205394744873046875e+02 0.000000000000000000e+00
 8.592766113281250000e+02 1.258344879150390625e+02 0.000000000000000000e+00
 1.000000000000000000e+03 -1.241389911872670115e-12 0.000000000000000000e+00
 1.000000000000000000e+03 4.953534544355209235e-12 0.000000000000000000e+00
 1.000000000000000000e+03 -1.638002125430026990e-12 0.000000000000000000e+00
 1.000000000000000000e+03 1.281715011902662127e-11 0.000000000000000000e+00
 1.000000000000000000e+03 -4.280674339302015241e-12 0.000000000000000000e+00
 1.000000000000000000e+03 3.373626031311083295e-11 0.000000000000000000e+00
 1.000000000000000000e+03 1.489648855657055293e-11 0.000000000000000000e+00
 1.000000000000000000e+03 1.020193131362479022e-11 0.000000000000000000e+00
 1.000000000000000000e+03 9.732025602060545566e-11 0.000000000000000000e+00
 1.000000000000000000e+03 2.505286533782680181e-10 0.000000000000000000e+00
 1.000000000000000000e+03 -8.602433210214144310e-10 0.000000000000000000e+00
 1.000000000000000000e+03 2.301436818896718250e-09 0.000000000000000000e+00
 1.000000000000000000e+03 3.624318178907515176e-09 0.000000000000000000e+00
 1.000000000000000000e+03 -1.564123763841962500e-08 0.000000000000000000e+00
 1.000000000000000000e+03 -5.473184572224454314e-09 0.000000000000000000e+00
 1.000000000000000000e+03 -2.883916216944726330e-08 0.000000000000000000e+00
 1.000000000000000000e+03 4.893696541330427863e-07 0.000000000000000000e+00
 1.000000000000000000e+03 2.791849283312330954e-06 0.000000000000000000e+00
 1.000000000000000000e+03 1.205490843858569860e-05 0.000000000000000000e+00
 9.999999389648437500e+02 4.418663957039825618e-05 0.000000000000000000e+00
 9.999998779296875000e+02 1.398913009325042367e-04 0.000000000000000000e+00
 9.999996337890625000e+02 4.162031691521406174e-04 0.000000000000000000e+00
 9.999989013671875000e+02 1.185639412142336369e-03 0.000000000000000000e+00
 9.999969482421875000e+02 3.354029962792992592e-03 0.000000000000000000e+00
 9.999914550781250000e+02 9.363086894154548645e-03 0.000000000000000000e+00
 9.999752807617187500e+02 2.702539786696434021e-02 0.000000000000000000e+00
 9.999282836914062500e+02 7.828304171562194824e-02 0.000000000000000000e+00
 9.997871704101562500e+02 2.322641611099243164e-01 0.000000000000000000e+00
 9.993588256835937500e+02 6.909467577934265137e-01 0.000000000000000000e+00
 9.979422607421875000e+02 2.204468250274658203e+00 0.000000000000000000e+00
 9.934390869140625000e+02 6.951235294342041016e+00 0.000000000000000000e+00
 9.783593750000000000e+02 2.210016250610351562e+01 0.000000000000000000e+00
 9.371789550781250000e+02 6.086137390136718750e+01 0.000000000000000000e+00
 9.051087036132812500e+02 8.398975372314453125e+01 0.000000000000000000e+00
 8.852603759765625000e+02 9.744914245605468750e+01 0.000000000000000000e+00
 8.807597045898437500e+02 1.059031524658203125e+02 0.000000000000000000e+00
 8.755267944335937500e+02 1.091523208618164062e+02 0.000000000000000000e+00
 8.705866088867187500e+02 1.142273635864257812e+02 0.000000000000000000e+00
 8.678721313476562500e+02 1.181141281127929688e+02 0.000000000000000000e+00
 8.629661254882812500e+02 1.228557815551757812e+02 0.000000000000000000e+00
 1.000000000000000000e+03 -2.042084415722843736e-15 0.000000000000000000e+00
 1.000000000000000000e+03 1.803216755601189103e-12 0.000000000000000000e+00
 1.000000000000000000e+03 4.801127486027401137e-13 0.000000000000000000e+00
 1.000000000000000000e+03 4.528776659240563163e-12 0.000000000000000000e+00
 1.000000000000000000e+03 1.195061085680626523e-12 0.000000000000000000e+00
 1.000000000000000000e+03 8.224041239679458215e-12 0.000000000000000000e+00
 1.000000000000000000e+03 2.050445100168496460e-12 0.000000000000000000e+00
 1.000000000000000000e+03 5.974191280566643059e-11 0.000000000000000000e+00
 1.000000000000000000e+03 -1.319690468015721763e-10 0.000000000000000000e+00
 1.000000000000000000e+03 4.511493956194101429e-10 0.000000000000000000e+00
 1.000000000000000000e+03 -6.490026294159179088e-10 0.000000000000000000e+00
 1.000000000000000000e+03 3.798373837682333942e-10 0.000000000000000000e+00
 1.000000000000000000e+03 9.582922233519752808e-10 0.000000000000000000e+00
 1.000000000000000000e+03 2.410940780350756540e-09 0.000000000000000000e+00
 1.000000000000000000e+03 -1.163360163758397903e-08 0.000000000000000000e+00
 1.000000000000000000e+03 -2.503333984549271918e-09 0.000000000000000000e+00
 1.000000000000000000e+03 -3.547164340034214547e-08 0.000000000000000000e+00
 1.000000000000000000e+03 4.697437532286130590e-07 0.000000000000000000e+00
 1.000000000000000000e+03 2.637843408592743799e-06 0.000000000000000000e+00
 1.000000000000000000e+03 1.153155699284980074e-05 0.000000000000000000e+00
 9.999999389648437500e+02 4.378865924081765115e-05 0.000000000000000000e+00
 9.999998779296875000e+02 1.423671346856281161e-04 0.000000000000000000e+00
 9.999996337890625000e+02 4.218916583340615034e-04 0.000000000000000000e+00
 9.999989013671875000e+02 1.219258294440805912e-03 0.000000000000000000e+00
 9.999968872070312500e+02 3.463010769337415695e-03 0.000000000000000000e+00
 9.999908447265625000e+02 1.010777335613965988e-02 0.000000000000000000e+00
 9.999732055664062500e+02 2.947553619742393494e-02 0.000000000000000000e+00
 9.999201049804687500e+02 8.791023492813110352e-02 0.000000000000000000e+00
 9.997597045898437500e+02 2.613522708415985107e-01 0.000000000000000000e+00
 9.992302856445312500e+02 8.332548737525939941e-01 0.000000000000000000e+00
 9.975311279296875000e+02 2.658079624176025391e+00 0.000000000000000000e+00
 9.917598266601562500e+02 8.723784446716308594e+00 0.000000000000000000e+00
 9.727488403320312500e+02 2.767967605590820312e+01 0.000000000000000000e+00
 9.298042602539062500e+02 6.606923675537109375e+01 0.000000000000000000e+00
 8.941364135742187500e+02 9.604483795166015625e+01 0.000000000000000000e+00
 8.841080932617187500e+02 9.928573608398437500e+01 0.000000000000000000e+00
 8.778392333984375000e+02 1.039781417846679688e+02 0.000000000000000000e+00
 8.745494384765625000e+02 1.113454208374023438e+02 0.000000000000000000e+00
 8.718465576171875000e+02 1.147283859252929688e+02 0.000000000000000000e+00
 8.665924072265625000e+02 1.192738723754882812e+02 0.000000000000000000e+00
 1.000000000000000000e+03 2.758389762262669631e-13 0.000000000000000000e+00
 1.000000000000000000e+03 1.338610754360314292e-12 0.000000000000000000e+00
 1.000000000000000000e+03 2.262912622043311561e-13 0.000000000000000000e+00
 1.000000000000000000e+03 2.667800225522598545e-12 0.000000000000000000e+00
 1.000000000000000000e+03 -9.125506340162958807e-13 0.000000000000000000e+00
 1.000000000000000000e+03 9.400280900906388126e-12 0.000000000000000000e+00
 1.000000000000000000e+03 -1.316801268719247631e-11 0.000000000000000000e+00
 1.000000000000000000e+03 4.806826464642810492e-11 0.000000000000000000e+00
 1.000000000000000000e+03 -6.536576835358687276e-11 0.000000000000000000e+00
 1.000000000000000000e+03 7.766975257395003496e-11 0.000000000000000000e+00
 1.000000000000000000e+03 1.874045640892774145e-10 0.000000000000000000e+00
 1.000000000000000000e+03 -5.606206610053732220e-10 0.000000000000000000e+00
 1.000000000000000000e+03 7.935097579014893654e-10 0.000000000000000000e+00
 1.000000000000000000e+03 3.373595569566845143e-10 0.000000000000000000e+00
 1.000000000000000000e+03 1.248355863125993892e-09 0.000000000000000000e+00
 1.000000000000000000e+03 -7.887138053774833679e-09 0.000000000000000000e+00
 1.000000000000000000e+03 -8.239834592416173109e-09 0.000000000000000000e+00
 1.000000000000000000e+03 -2.745115246227669559e-08 0.000000000000000000e+00
 1.000000000000000000e+03 4.472187526971538318e-07 0.000000000000000000e+00
 1.000000000000000000e+03 2.570453716543852352e-06 0.000000000000000000e+00
 1.000000000000000000e+03 1.164012519438983873e-05 0.000000000000000000e+00
 9.999999389648437500e+02 4.530206933850422502e-05 0.000000000000000000e+00
 9.999998779296875000e+02 1.459868508391082287e-04 0.000000000000000000e+00
 9.999996337890625000e+02 4.359716549515724182e-04 0.000000000000000000e+00
 9.999988403320312500e+02 1.263094600290060043e-03 0.000000000000000000e+00
 9.999966430664062500e+02 3.729535499587655067e-03 0.000000000000000000e+00
 9.999900512695312500e+02 1.095687132328748703e-02 0.000000000000000000e+00
 9.999702148437500000e+02 3.284998983144760132e-02 0.000000000000000000e+00
 9.999101562500000000e+02 9.778068959712982178e-02 0.000000000000000000e+00
 9.997127075195312500e+02 3.112756311893463135e-01 0.000000000000000000e+00
 9.990743408203125000e+02 9.997675418853759766e-01 0.000000000000000000e+00
 9.968917846679687500e+02 3.331601142883300781e+00 0.000000000000000000e+00
 9.897532348632812500e+02 1.072817993164062500e+01 0.000000000000000000e+00
 9.644956054687500000e+02 3.504870223999023438e+01 0.000000000000000000e+00
 9.175177612304687500e+02 7.945538330078125000e+01 0.000000000000000000e+00
 8.965886840820312500e+02 8.826873016357421875e+01 0.000000000000000000e+00
 8.862738037109375000e+02 1.002749023437500000e+02 0.000000000000000000e+00
 8.791754760742187500e+02 1.079854660034179688e+02 0.000000000000000000e+00
 8.749175415039062500e+02 1.105530624389648438e+02 0.000000000000000000e+00
 8.682187500000000000e+02 1.155110778808593750e+02 0.000000000000000000e+00
 1.000000000000000000e+03 4.586236989137515430e-13 0.000000000000000000e+00
 1.000000000000000000e+03 9.893111720463143577e-13 0.000000000000000000e+00
 1.000000000000000000e+03 -2.191087548485300129e-14 0.000000000000000000e+00
 1.000000000000000000e+03 2.392562927291952413e-12 0.000000000000000000e+00
 1.000000000000000000e+03 -2.542332446994755024e-12 0.000000000000000000e+00
 1.000000000000000000e+03 9.871630422819688278e-12 0.000000000000000000e+00
 1.000000000000000000e+03 -1.435313326525466948e-11 0.000000000000000000e+00
 1.000000000000000000e+03 2.807966879847523245e-11 0.000000000000000000e+00
 1.000000000000000000e+03 -1.864652182659298774e-11 0.000000000000000000e+00
 1.000000000000000000e+03 3.712667326349894381e-12 0.000000000000000000e+00
 1.000000000000000000e+03 4.791870372722328852e-11 0.000000000000000000e+00
 1.000000000000000000e+03 9.349556545634740701e-11 0.000000000000000000e+00
 1.000000000000000000e+03 -4.741555481579950992e-10 0.000000000000000000e+00
 1.000000000000000000e+03 1.252623338388048069e-09 0.000000000000000000e+00
 1.000000000000000000e+03 -9.690988012067691670e-10 0.000000000000000000e+00
 1.000000000000000000e+03 3.341680265833701924e-09 0.000000000000000000e+00
 1.000000000000000000e+03 -1.141328009879316596e-08 0.000000000000000000e+00
 1.000000000000000000e+03 -6.879643077439823173e-09 0.000000000000000000e+00
 1.000000000000000000e+03 -3.074220700227670022e-08 0.000000000000000000e+00
 1.000000000000000000e+03 4.610116377534723142e-07 0.000000000000000000e+00
 1.000000000000000000e+03 2.745468009379692376e-06 0.000000000000000000e+00
 1.000000000000000000e+03 1.277758110518334433e-05 0.000000000000000000e+00
 9.999999389648437500e+02 4.960969090461730957e-05 0.000000000000000000e+00
 9.999998779296875000e+02 1.617764501133933663e-04 0.000000000000000000e+00
 9.999995727539062500e+02 4.867772222496569157e-04 0.000000000000000000e+00
 9.999987182617187500e+02 1.460128813050687313e-03 0.000000000000000000e+00
 9.999961547851562500e+02 4.325379151850938797e-03 0.000000000000000000e+00
 9.999883422851562500e+02 1.302909106016159058e-02 0.000000000000000000e+00
 9.999648437500000000e+02 3.880486264824867249e-02 0.000000000000000000e+00
 9.998882446289062500e+02 1.228602528572082520e-01 0.000000000000000000e+00
 9.996409912109375000e+02 3.936077058315277100e-01 0.000000000000000000e+00
 9.987973022460937500e+02 1.312689900398254395e+00 0.000000000000000000e+00
 9.960159301757812500e+02 4.273219585418701172e+00 0.000000000000000000e+00
 9.861682739257812500e+02 1.437015438079833984e+01 0.000000000000000000e+00
 9.522488403320312500e+02 4.568914031982421875e+01 0.000000000000000000e+00
 9.114885864257812500e+02 7.950426483154296875e+01 0.000000000000000000e+00
 8.933648071289062500e+02 9.940506744384765625e+01 0.000000000000000000e+00
 8.815552978515625000e+02 1.028392410278320312e+02 0.000000000000000000e+00
 8.767871093750000000e+02 1.059864044189453125e+02 0.000000000000000000e+00
 8.710971069335937500e+02 1.126409454345703125e+02 0.000000000000000000e+00
 1.000000000000000000e+03 4.975279628387230257e-13 0.000000000000000000e+00
 1.000000000000000000e+03 8.552050127091925802e-13 0.000000000000000000e+00
 1.000000000000000000e+03 -3.311178845759148170e-14 0.000000000000000000e+00
 1.000000000000000000e+03 1.887234726133391050e-12 0.000000000000000000e+00
 1.000000000000000000e+03 -1.513840593679594004e-12 0.000000000000000000e+00
 1.000000000000000000e+03 4.428244229637279261e-12 0.000000000000000000e+00
 1.000000000000000000e+03 -2.278179814935166192e-12 0.000000000000000000e+00
 1.000000000000000000e+03 1.189135188971526813e-13 0.000000000000000000e+00
 1.000000000000000000e+03 1.409478263270091958e-11 0.000000000000000000e+00
 1.000000000000000000e+03 -2.485891527348460528e-11 0.000000000000000000e+00
 1.000000000000000000e+03 2.081830194344824747e-11 0.000000000000000000e+00
 1.000000000000000000e+03 5.625619067806120199e-11 0.000000000000000000e+00
 1.000000000000000000e+03 -1.294196555479132371e-10 0.000000000000000000e+00
 1.000000000000000000e+03 6.918905726127633216e-11 0.000000000000000000e+00
 1.000000000000000000e+03 3.683107430152432471e-10 0.000000000000000000e+00
 1.000000000000000000e+03 9.864977584816969625e-11 0.000000000000000000e+00
 1.000000000000000000e+03 2.406055799042405852e-09 0.000000000000000000e+00
 1.000000000000000000e+03 -1.164823881794063709e-08 0.000000000000000000e+00
 1.000000000000000000e+03 -5.114145107398826440e-09 0.000000000000000000e+00
 1.000000000000000000e+03 -4.038400902572902851e-08 0.000000000000000000e+00
 1.000000000000000000e+03 5.275993544273660518e-07 0.000000000000000000e+00
 1.000000000000000000e+03 3.096735326835187152e-06 0.000000000000000000e+00
 1.000000000000000000e+03 1.435158173990203068e-05 0.000000000000000000e+00
 9.999999389648437500e+02 5.538102413993328810e-05 0.000000000000000000e+00
 9.999998168945312500e+02 1.798531739041209221e-04 0.000000000000000000e+00
 9.999995117187500000e+02 5.539486883208155632e-04 0.000000000000000000e+00
 9.999985351562500000e+02 1.658855588175356388e-03 0.000000000000000000e+00
 9.999955444335937500e+02 5.018936470150947571e-03 0.000000000000000000e+00
 9.999864501953125000e+02 1.498601492494344711e-02 0.000000000000000000e+00
 9.999571533203125000e+02 4.727612063288688660e-02 0.000000000000000000e+00
 9.998627319335937500e+02 1.510937213897705078e-01 0.000000000000000000e+00
 9.995415649414062500e+02 5.032463073730468750e-01 0.000000000000000000e+00
 9.984882812500000000e+02 1.634372830390930176e+00 0.000000000000000000e+00
 9.946575927734375000e+02 5.674099922180175781e+00 0.000000000000000000e+00
 9.813156127929687500e+02 1.921632575988769531e+01 0.000000000000000000e+00
 9.432155761718750000e+02 5.582193756103515625e+01 0.000000000000000000e+00
 9.088458862304687500e+02 8.904235076904296875e+01 0.000000000000000000e+00
 8.880889892578125000e+02 9.563687133789062500e+01 0.000000000000000000e+00
 8.818629760742187500e+02 1.017400970458984375e+02 0.000000000000000000e+00
 8.749703979492187500e+02 1.099155654907226562e+02 0.000000000000000000e+00
 1.000000000000000000e+03 3.444997379812436700e-13 0.000000000000000000e+00
 1.000000000000000000e+03 6.906566247730228092e-13 0.000000000000000000e+00
 1.000000000000000000e+03 3.378226789019916909e-13 0.000000000000000000e+00
 1.000000000000000000e+03 1.268502772440449622e-12 0.000000000000000000e+00
 1.000000000000000000e+03 -3.731060870416219588e-13 0.000000000000000000e+00
 1.000000000000000000e+03 1.892363869770985474e-12 0.000000000000000000e+00
 1.000000000000000000e+03 1.375063040862101182e-12 0.000000000000000000e+00
 1.000000000000000000e+03 3.098618638151112714e-13 0.000000000000000000e+00
 1.000000000000000000e+03 1.796418482719053245e-12 0.000000000000000000e+00
 1.000000000000000000e+03 1.502445043377598211e-11 0.000000000000000000e+00
 1.000000000000000000e+03 -4.557927993364963015e-11 0.000000000000000000e+00
 1.000000000000000000e+03 1.094888069097521566e-10 0.000000000000000000e+00
 1.000000000000000000e+03 -1.594476495281327288e-10 0.000000000000000000e+00
 1.000000000000000000e+03 1.837614782562724258e-10 0.000000000000000000e+00
 1.000000000000000000e+03 -3.368698930916735890e-10 0.000000000000000000e+00
 1.000000000000000000e+03 8.339449131256060355e-10 0.000000000000000000e+00
 1.000000000000000000e+03 -2.031419754633390085e-10 0.000000000000000000e+00
 1.000000000000000000e+03 2.478843352804460665e-09 0.000000000000000000e+00
 1.000000000000000000e+03 -1.069180921575707544e-08 0.000000000000000000e+00
 1.000000000000000000e+03 -9.251087007555724995e-09 0.000000000000000000e+00
 1.000000000000000000e+03 -3.281204641325530247e-08 0.000000000000000000e+00
 1.000000000000000000e+03 6.418634939109324478e-07 0.000000000000000000e+00
 1.000000000000000000e+03 3.537439624778926373e-06 0.000000000000000000e+00
 1.000000000000000000e+03 1.651702223171014339e-05 0.000000000000000000e+00
 9.999999389648437500e+02 6.334009231068193913e-05 0.000000000000000000e+00
 9.999998168945312500e+02 2.086084568873047829e-04 0.000000000000000000e+00
 9.999994506835937500e+02 6.400177953764796257e-04 0.000000000000000000e+00
 9.999982910156250000e+02 1.954043051227927208e-03 0.000000000000000000e+00
 9.999947509765625000e+02 5.864806473255157471e-03 0.000000000000000000e+00
 9.999833374023437500e+02 1.846041344106197357e-02 0.000000000000000000e+00
 9.999468994140625000e+02 5.883627384901046753e-02 0.000000000000000000e+00
 9.998233032226562500e+02 1.954016983509063721e-01 0.000000000000000000e+00
 9.994201049804687500e+02 6.323569416999816895e-01 0.000000000000000000e+00
 9.979576416015625000e+02 2.200847387313842773e+00 0.000000000000000000e+00
 9.927524414062500000e+02 7.699557781219482422e+00 0.000000000000000000e+00
 9.747595825195312500e+02 2.573871803283691406e+01 0.000000000000000000e+00
 9.294114990234375000e+02 6.229769134521484375e+01 0.000000000000000000e+00
 8.968706665039062500e+02 8.862098693847656250e+01 0.000000000000000000e+00
 8.899478759765625000e+02 1.000362930297851562e+02 0.000000000000000000e+00
 8.801236572265625000e+02 1.069754104614257812e+02 0.000000000000000000e+00
 1.000000000000000000e+03 2.518229765338664272e-13 0.000000000000000000e+00
 1.000000000000000000e+03 4.505374480608115295e-13 0.000000000000000000e+00
 1.000000000000000000e+03 4.513843454827942692e-13 0.000000000000000000e+00
 1.000000000000000000e+03 8.274455339657427189e-13 0.000000000000000000e+00
 1.000000000000000000e+03 1.004213964587996610e-12 0.000000000000000000e+00
 1.000000000000000000e+03 8.550809799806602385e-13 0.000000000000000000e+00
 1.000000000000000000e+03 1.789556133488523493e-12 0.000000000000000000e+00
 1.000000000000000000e+03 1.370564252367589830e-12 0.000000000000000000e+00
 1.000000000000000000e+03 -2.998627604902659449e-12 0.000000000000000000e+00
 1.000000000000000000e+03 1.324618192910520520e-11 0.000000000000000000e+00
 1.000000000000000000e+03 -2.331305461178434513e-11 0.000000000000000000e+00
 1.000000000000000000e+03 2.661760048483508001e-11 0.000000000000000000e+00
 1.000000000000000000e+03 -3.034331683485214093e-12 0.000000000000000000e+00
 1.000000000000000000e+03 -1.864797899431280825e-11 0.000000000000000000e+00
 1.000000000000000000e+03 5.752645235168607485e-11 0.000000000000000000e+00
 1.000000000000000000e+03 -2.071861848751410662e-10 0.000000000000000000e+00
 1.000000000000000000e+03 5.564516625256032967e-10 0.000000000000000000e+00
 1.000000000000000000e+03 8.839943776983716361e-10 0.000000000000000000e+00
 1.000000000000000000e+03 -1.255148540657557987e-09 0.000000000000000000e+00
 1.000000000000000000e+03 -5.473899111763103065e-10 0.000000000000000000e+00
 1.000000000000000000e+03 -3.125664704839437036e-08 0.000000000000000000e+00
 1.000000000000000000e+03 9.188015681615979702e-09 0.000000000000000000e+00
 1.000000000000000000e+03 7.737662031104264315e-07 0.000000000000000000e+00
 1.000000000000000000e+03 4.171311502432217821e-06 0.000000000000000000e+00
 1.000000000000000000e+03 1.951233753061387688e-05 0.000000000000000000e+00
 9.999999389648437500e+02 7.458960317308083177e-05 0.000000000000000000e+00
 9.999997558593750000e+02 2.415003400528803468e-04 0.000000000000000000e+00
 9.999993286132812500e+02 7.488525588996708393e-04 0.000000000000000000e+00
 9.999979858398437500e+02 2.263537608087062836e-03 0.000000000000000000e+00
 9.999935913085937500e+02 7.114051841199398041e-03 0.000000000000000000e+00
 9.999796142578125000e+02 2.260422892868518829e-02 0.000000000000000000e+00
 9.999325561523437500e+02 7.478206604719161987e-02 0.000000000000000000e+00
 9.997790527343750000e+02 2.410251796245574951e-01 0.000000000000000000e+00
 9.992231445312500000e+02 8.393704891204833984e-01 0.000000000000000000e+00
 9.972386474609375000e+02 2.963754415512084961e+00 0.000000000000000000e+00
 9.902341918945312500e+02 1.029164123535156250e+01 0.000000000000000000e+00
 9.661297607421875000e+02 3.352606582641601562e+01 0.000000000000000000e+00
 9.223870239257812500e+02 7.608350372314453125e+01 0.000000000000000000e+00
 9.011007690429687500e+02 9.239268493652343750e+01 0.000000000000000000e+00
 8.825488281250000000e+02 1.020142898559570312e+02 0.000000000000000000e+00
 1.000000000000000000e+03 4.498331503295649458e-13 0.000000000000000000e+00
 1.000000000000000000e+03 5.359403784481464594e-13 0.000000000000000000e+00
 1.000000000000000000e+03 3.187039662125995543e-13 0.000000000000000000e+00
 1.000000000000000000e+03 7.794538126916494836e-13 0.000000000000000000e+00
 1.000000000000000000e+03 9.670302753006509988e-13 0.000000000000000000e+00
 1.000000000000000000e+03 8.577249153984833896e-13 0.000000000000000000e+00
 1.000000000000000000e+03 -1.692460326616421207e-13 0.000000000000000000e+00
 1.000000000000000000e+03 3.021183130058613386e-12 0.000000000000000000e+00
 1.000000000000000000e+03 -5.442262092369976045e-12 0.000000000000000000e+00
 1.000000000000000000e+03 1.164047417484548319e-11 0.000000000000000000e+00
 1.000000000000000000e+03 -1.383251239245320008e-11 0.000000000000000000e+00
 1.000000000000000000e+03 1.484237385773745643e-11 0.000000000000000000e+00
 1.000000000000000000e+03 -1.702777502332608606e-11 0.000000000000000000e+00
 1.000000000000000000e+03 3.402392950713206687e-11 0.000000000000000000e+00
 1.000000000000000000e+03 -6.160095350482563958e-11 0.000000000000000000e+00
 1.000000000000000000e+03 1.134280863679393292e-10 0.000000000000000000e+00
 1.000000000000000000e+03 -4.580423540456735054e-10 0.000000000000000000e+00
 1.000000000000000000e+03 1.360694334984202669e-09 0.000000000000000000e+00
 1.000000000000000000e+03 -1.427609475079805179e-09 0.000000000000000000e+00
 1.000000000000000000e+03 3.712325558069551334e-09 0.000000000000000000e+00
 1.000000000000000000e+03 -1.112262815183839848e-08 0.000000000000000000e+00
 1.000000000000000000e+03 -2.197472426246349642e-08 0.000000000000000000e+00
 1.000000000000000000e+03 9.461401440091776749e-09 0.000000000000000000e+00
 1.000000000000000000e+03 9.738162134453887120e-07 0.000000000000000000e+00
 1.000000000000000000e+03 5.178467745281523094e-06 0.000000000000000000e+00
 1.000000000000000000e+03 2.440395473968237638e-05 0.000000000000000000e+00
 9.999999389648437500e+02 9.108662197832018137e-05 0.000000000000000000e+00
 9.999997558593750000e+02 2.970219647977501154e-04 0.000000000000000000e+00
 9.999992065429687500e+02 9.143521310761570930e-04 0.000000000000000000e+00
 9.999974365234375000e+02 2.878093393519520760e-03 0.000000000000000000e+00
 9.999918823242187500e+02 9.120843373239040375e-03 0.000000000000000000e+00
 9.999732055664062500e+02 3.003001026809215546e-02 0.000000000000000000e+00
 9.999127807617187500e+02 9.631840139627456665e-02 0.000000000000000000e+00
 9.996962280273437500e+02 3.326799273490905762e-01 0.000000000000000000e+00
 9.989265747070312500e+02 1.170396089553833008e+00 0.000000000000000000e+00
 9.961427612304687500e+02 4.168379306793212891e+00 0.000000000000000000e+00
 9.867691650390625000e+02 1.377000427246093750e+01 0.000000000000000000e+00
 9.533706665039062500e+02 4.519404602050781250e+01 0.000000000000000000e+00
 9.134555053710937500e+02 7.414302825927734375e+01 0.000000000000000000e+00
 8.891389770507812500e+02 9.640544128417968750e+01 0.000000000000000000e+00
 1.000000000000000000e+03 3.371558132507501693e-13 0.000000000000000000e+00
 1.000000000000000000e+03 5.802320429681984137e-13 0.000000000000000000e+00
 1.000000000000000000e+03 4.031576775979234251e-13 0.000000000000000000e+00
 1.000000000000000000e+03 4.481903671978149095e-13 0.000000000000000000e+00
 1.000000000000000000e+03 5.132075320268825180e-13 0.000000000000000000e+00
 1.000000000000000000e+03 8.734526231631012383e-13 0.000000000000000000e+00
 1.000000000000000000e+03 -4.174520158804068126e-13 0.000000000000000000e+00
 1.000000000000000000e+03 2.351336573364060101e-12 0.000000000000000000e+00
 1.000000000000000000e+03 -2.572793757552038763e-12 0.000000000000000000e+00
 1.000000000000000000e+03 4.296746118626071365e-12 0.000000000000000000e+00
 1.000000000000000000e+03 -1.058993713033695716e-12 0.000000000000000000e+00
 1.000000000000000000e+03 5.757079925630681494e-13 0.000000000000000000e+00
 1.000000000000000000e+03 -1.719370197432457115e-12 0.000000000000000000e+00
 1.000000000000000000e+03 9.050180743708224895e-12 0.000000000000000000e+00
 1.000000000000000000e+03 -3.637702639114337444e-11 0.000000000000000000e+00
 1.000000000000000000e+03 1.409742600433361304e-10 0.000000000000000000e+00
 1.000000000000000000e+03 -4.564630895487198359e-10 0.000000000000000000e+00
 1.000000000000000000e+03 9.595265693107535299e-10 0.000000000000000000e+00
 1.000000000000000000e+03 -1.437666430348372160e-09 0.000000000000000000e+00
 1.000000000000000000e+03 3.419086569422802313e-09 0.000000000000000000e+00
 1.000000000000000000e+03 -3.440607354576741272e-09 0.000000000000000000e+00
 1.000000000000000000e+03 -3.334760911855028098e-09 0.000000000000000000e+00
 1.000000000000000000e+03 -4.085891092131532787e-08 0.000000000000000000e+00
 1.000000000000000000e+03 5.901205568648038025e-08 0.000000000000000000e+00
 1.000000000000000000e+03 1.255059601135144476e-06 0.000000000000000000e+00
 1.000000000000000000e+03 6.664968168479390442e-06 0.000000000000000000e+00
 1.000000000000000000e+03 3.060644303332082927e-05 0.000000000000000000e+00
 9.999998779296875000e+02 1.119346707127988338e-04 0.000000000000000000e+00
 9.999996948242187500e+02 3.580184420570731163e-04 0.000000000000000000e+00
 9.999989624023437500e+02 1.133615733124315739e-03 0.000000000000000000e+00
 9.999968261718750000e+02 3.583220299333333969e-03 0.000000000000000000e+00
 9.999895629882812500e+02 1.171631831675767899e-02 0.000000000000000000e+00
 9.999661865234375000e+02 3.746341541409492493e-02 0.000000000000000000e+00
 9.998833007812500000e+02 1.283926963806152344e-01 0.000000000000000000e+00
 9.995903320312500000e+02 4.493054449558258057e-01 0.000000000000000000e+00
 9.985244140625000000e+02 1.611789941787719727e+00 0.000000000000000000e+00
 9.948894042968750000e+02 5.441708087921142578e+00 0.000000000000000000e+00
 9.813641357421875000e+02 1.914536666870117188e+01 0.000000000000000000e+00
 9.471635131835937500e+02 5.208995056152343750e+01 0.000000000000000000e+00
 9.019027709960937500e+02 8.986058807373046875e+01 0.000000000000000000e+00
 1.000000000000000000e+03 4.375047416363408992e-13 0.000000000000000000e+00
 1.000000000000000000e+03 3.821902104690633184e-13 0.000000000000000000e+00
 1.000000000000000000e+03 4.449001117599188371e-13 0.000000000000000000e+00
 1.000000000000000000e+03 6.720274022594535657e-14 0.000000000000000000e+00
 1.000000000000000000e+03 -2.943696447623572743e-13 0.000000000000000000e+00
 1.000000000000000000e+03 5.152726661149242826e-13 0.000000000000000000e+00
 1.000000000000000000e+03 -3.165792552151797112e-13 0.000000000000000000e+00
 1.000000000000000000e+03 1.684414543609569215e-12 0.000000000000000000e+00
 1.000000000000000000e+03 -4.841960166146463962e-13 0.000000000000000000e+00
 1.000000000000000000e+03 2.139741508977444084e-12 0.000000000000000000e+00
 1.000000000000000000e+03 -5.268238644808020954e-13 0.000000000000000000e+00
 1.000000000000000000e+03 3.722886582346873752e-12 0.000000000000000000e+00
 1.000000000000000000e+03 -9.930774952371379527e-12 0.000000000000000000e+00
 1.000000000000000000e+03 2.699755696777828007e-11 0.000000000000000000e+00
 1.000000000000000000e+03 -7.491016140726003414e-11 0.000000000000000000e+00
 1.000000000000000000e+03 1.858466297521843558e-10 0.000000000000000000e+00
 1.000000000000000000e+03 -3.873796561304487795e-10 0.000000000000000000e+00
 1.000000000000000000e+03 5.780971812363588924e-10 0.000000000000000000e+00
 1.000000000000000000e+03 -7.447027994267330087e-10 0.000000000000000000e+00
 1.000000000000000000e+03 9.733833739034025712e-10 0.000000000000000000e+00
 1.000000000000000000e+03 1.445622288542836031e-09 0.000000000000000000e+00
 1.000000000000000000e+03 -2.575860635900539819e-09 0.000000000000000000e+00
 1.000000000000000000e+03 -7.289330916648850689e-09 0.000000000000000000e+00
 1.000000000000000000e+03 -4.934414832291622588e-08 0.000000000000000000e+00
 1.000000000000000000e+03 1.441467674112573150e-07 0.000000000000000000e+00
 1.000000000000000000e+03 1.640045070416817907e-06 0.000000000000000000e+00
 1.000000000000000000e+03 8.621533197583630681e-06 0.000000000000000000e+00
 9.999999389648437500e+02 3.880278745782561600e-05 0.000000000000000000e+00
 9.999998779296875000e+02 1.373771665384992957e-04 0.000000000000000000e+00
 9.999995727539062500e+02 4.471865249797701836e-04 0.000000000000000000e+00
 9.999987182617187500e+02 1.420123851858079433e-03 0.000000000000000000e+00
 9.999959106445312500e+02 4.623486194759607315e-03 0.000000000000000000e+00
 9.999867553710937500e+02 1.476268470287322998e-02 0.000000000000000000e+00
 9.999547119140625000e+02 5.017915368080139160e-02 0.000000000000000000e+00
 9.998422851562500000e+02 1.743528991937637329e-01 0.000000000000000000e+00
 9.994316406250000000e+02 6.271982192993164062e-01 0.000000000000000000e+00
 9.980484619140625000e+02 2.110281944274902344e+00 0.000000000000000000e+00
 9.928021240234375000e+02 7.637504100799560547e+00 0.000000000000000000e+00
 9.764145507812500000e+02 2.408621215820312500e+01 0.000000000000000000e+00
 9.225090942382812500e+02 6.991841888427734375e+01 0.000000000000000000e+00
 1.000000000000000000e+03 4.232006997444137664e-13 0.000000000000000000e+00
 1.000000000000000000e+03 3.945279161959164282e-13 0.000000000000000000e+00
 1.000000000000000000e+03 3.912678557885240771e-13 0.000000000000000000e+00
 1.000000000000000000e+03 4.016908875838220983e-13 0.000000000000000000e+00
 1.000000000000000000e+03 -3.695939767341810400e-13 0.000000000000000000e+00
 1.000000000000000000e+03 -4.430132662488128412e-15 0.000000000000000000e+00
 1.000000000000000000e+03 -9.014346208499265933e-14 0.000000000000000000e+00
 1.000000000000000000e+03 6.843559464779491730e-13 0.000000000000000000e+00
 1.000000000000000000e+03 4.691156859672196422e-13 0.000000000000000000e+00
 1.000000000000000000e+03 6.577030586818466418e-13 0.000000000000000000e+00
 1.000000000000000000e+03 -8.351805033147974289e-13 0.000000000000000000e+00
 1.000000000000000000e+03 4.520873692764881824e-12 0.000000000000000000e+00
 1.000000000000000000e+03 -1.211495747471813544e-11 0.000000000000000000e+00
 1.000000000000000000e+03 3.294907402473512548e-11 0.000000000000000000e+00
 1.000000000000000000e+03 -7.819868363956317125e-11 0.000000000000000000e+00
 1.000000000000000000e+03 1.629124474211707252e-10 0.000000000000000000e+00
 1.000000000000000000e+03 -2.664974352306614946e-10 0.000000000000000000e+00
 1.000000000000000000e+03 3.580599428065767142e-10 0.000000000000000000e+00
 1.000000000000000000e+03 -4.900646555228149737e-10 0.000000000000000000e+00
 1.000000000000000000e+03 5.814146386562413227e-10 0.000000000000000000e+00
 1.000000000000000000e+03 -7.429259984981229081e-10 0.000000000000000000e+00
 1.000000000000000000e+03 4.371217166010410438e-09 0.000000000000000000e+00
 1.000000000000000000e+03 -8.779830196203874948e-09 0.000000000000000000e+00
 1.000000000000000000e+03 -2.431853329820654608e-10 0.000000000000000000e+00
 1.000000000000000000e+03 -7.316997141515457770e-08 0.000000000000000000e+00
 1.000000000000000000e+03 3.086152844389289385e-07 0.000000000000000000e+00
 1.000000000000000000e+03 2.175551344407722354e-06 0.000000000000000000e+00
 1.000000000000000000e+03 1.144610541814472526e-05 0.000000000000000000e+00
 9.999999389648437500e+02 4.904608795186504722e-05 0.000000000000000000e+00
 9.999998779296875000e+02 1.719625288387760520e-04 0.000000000000000000e+00
 9.999995117187500000e+02 5.551705835387110710e-04 0.000000000000000000e+00
 9.999984130859375000e+02 1.800694735720753670e-03 0.000000000000000000e+00
 9.999948730468750000e+02 5.741311702877283096e-03 0.000000000000000000e+00
 9.999826049804687500e+02 1.933099329471588135e-02 0.000000000000000000e+00
 9.999400634765625000e+02 6.653936207294464111e-02 0.000000000000000000e+00
 9.997847290039062500e+02 2.385986894369125366e-01 0.000000000000000000e+00
 9.992617187500000000e+02 7.995774149894714355e-01 0.000000000000000000e+00
 9.972727050781250000e+02 2.919041872024536133e+00 0.000000000000000000e+00
 9.907729492187500000e+02 9.723109245300292969e+00 0.000000000000000000e+00
 9.520132446289062500e+02 4.699034118652343750e+01 0.000000000000000000e+00
 1.000000000000000000e+03 5.137021450579704052e-13 0.000000000000000000e+00
 1.000000000000000000e+03 4.025200854053390120e-13 0.000000000000000000e+00
 1.000000000000000000e+03 -2.110339389403779325e-14 0.000000000000000000e+00
 1.000000000000000000e+03 3.684068024603637248e-13 0.000000000000000000e+00
 1.000000000000000000e+03 5.341290560886835515e-13 0.000000000000000000e+00
 1.000000000000000000e+03 2.754531899882423085e-13 0.000000000000000000e+00
 1.000000000000000000e+03 4.709681402466012190e-14 0.000000000000000000e+00
 1.000000000000000000e+03 1.011810942105548228e-13 0.000000000000000000e+00
 1.000000000000000000e+03 -5.147540922158244658e-13 0.000000000000000000e+00
 1.000000000000000000e+03 5.128005767414400839e-13 0.000000000000000000e+00
 1.000000000000000000e+03 -2.167964592569848747e-12 0.000000000000000000e+00
 1.000000000000000000e+03 6.416381748836075261e-12 0.000000000000000000e+00
 1.000000000000000000e+03 -1.409157859844079042e-11 0.000000000000000000e+00
 1.000000000000000000e+03 3.227940831296294277e-11 0.000000000000000000e+00
 1.000000000000000000e+03 -5.971664829296230437e-11 0.000000000000000000e+00
 1.000000000000000000e+03 9.660845734504874827e-11 0.000000000000000000e+00
 1.000000000000000000e+03 -1.148257600114277466e-10 0.000000000000000000e+00
 1.000000000000000000e+03 1.057359408362934516e-10 0.000000000000000000e+00
 1.000000000000000000e+03 -7.315928418627493102e-11 0.000000000000000000e+00
 1.000000000000000000e+03 2.527435552512891093e-11 0.000000000000000000e+00
 1.000000000000000000e+03 -1.549683437129800723e-10 0.000000000000000000e+00
 1.000000000000000000e+03 1.239230940086599730e-09 0.000000000000000000e+00
 1.000000000000000000e+03 3.486552990761282445e-10 0.000000000000000000e+00
 1.000000000000000000e+03 -1.829912776862840929e-09 0.000000000000000000e+00
 1.000000000000000000e+03 -2.337072757541136525e-08 0.000000000000000000e+00
 1.000000000000000000e+03 -7.600768725524176261e-08 0.000000000000000000e+00
 1.000000000000000000e+03 4.509398934260389069e-07 0.000000000000000000e+00
 1.000000000000000000e+03 2.966640977319912054e-06 0.000000000000000000e+00
 1.000000000000000000e+03 1.527184213045984507e-05 0.000000000000000000e+00
 9.999999389648437500e+02 6.385970482369884849e-05 0.000000000000000000e+00
 9.999998168945312500e+02 2.203404437750577927e-04 0.000000000000000000e+00
 9.999993896484375000e+02 7.263157749548554420e-04 0.000000000000000000e+00
 9.999979248046875000e+02 2.331318566575646400e-03 0.000000000000000000e+00
 9.999930419921875000e+02 7.807652931660413742e-03 0.000000000000000000e+00
 9.999762573242187500e+02 2.669141627848148346e-02 0.000000000000000000e+00
 9.999152221679687500e+02 9.540668874979019165e-02 0.000000000000000000e+00
 9.997103271484375000e+02 3.186670541763305664e-01 0.000000000000000000e+00
 9.989401855468750000e+02 1.153084635734558105e+00 0.000000000000000000e+00
 9.963383789062500000e+02 3.946372032165527344e+00 0.000000000000000000e+00
 9.748334350585937500e+02 2.594377517700195312e+01 0.000000000000000000e+00
 1.000000000000000000e+03 3.648130517293346475e-13 0.000000000000000000e+00
 1.000000000000000000e+03 2.550305073460018557e-13 0.000000000000000000e+00
 1.000000000000000000e+03 4.154684951108988944e-13 0.000000000000000000e+00
 1.000000000000000000e+03 5.717540698703393875e-13 0.000000000000000000e+00
 1.000000000000000000e+03 5.803872465091897137e-13 0.000000000000000000e+00
 1.000000000000000000e+03 3.362909993878671067e-13 0.000000000000000000e+00
 1.000000000000000000e+03 -3.599564765179030790e-13 0.000000000000000000e+00
 1.000000000000000000e+03 -3.457270819455515731e-13 0.000000000000000000e+00
 1.000000000000000000e+03 -7.839278271665195419e-13 0.000000000000000000e+00
 1.000000000000000000e+03 5.354366581188096941e-13 0.000000000000000000e+00
 1.000000000000000000e+03 -2.623886784930418159e-12 0.000000000000000000e+00
 1.000000000000000000e+03 6.351059868986430601e-12 0.000000000000000000e+00
 1.000000000000000000e+03 -1.310320341812998279e-11 0.000000000000000000e+00
 1.000000000000000000e+03 2.525728064195487121e-11 0.000000000000000000e+00
 1.000000000000000000e+03 -3.726932998326937252e-11 0.000000000000000000e+00
 1.000000000000000000e+03 4.553565510767576541e-11 0.000000000000000000e+00
 1.000000000000000000e+03 -4.485392612885163999e-11 0.000000000000000000e+00
 1.000000000000000000e+03 5.603201236326071921e-11 0.000000000000000000e+00
 1.000000000000000000e+03 -1.301469210179817537e-10 0.000000000000000000e+00
 1.000000000000000000e+03 3.387328473269946016e-10 0.000000000000000000e+00
 1.000000000000000000e+03 -9.217639429515145366e-10 0.000000000000000000e+00
 1.000000000000000000e+03 1.889791212406066734e-09 0.000000000000000000e+00
 1.000000000000000000e+03 -2.141397725807792085e-09 0.000000000000000000e+00
 1.000000000000000000e+03 5.860976592941824492e-09 0.000000000000000000e+00
 1.000000000000000000e+03 -8.921152705454460374e-09 0.000000000000000000e+00
 1.000000000000000000e+03 -3.468752751700776571e-08 0.000000000000000000e+00
 1.000000000000000000e+03 -7.541625279827712802e-08 0.000000000000000000e+00
 1.000000000000000000e+03 6.848429734418459702e-07 0.000000000000000000e+00
 1.000000000000000000e+03 4.042139607918215916e-06 0.000000000000000000e+00
 1.000000000000000000e+03 2.069937909254804254e-05 0.000000000000000000e+00
 9.999999389648437500e+02 8.273843559436500072e-05 0.000000000000000000e+00
 9.999997558593750000e+02 2.844925038516521454e-04 0.000000000000000000e+00
 9.999992065429687500e+02 9.224045206792652607e-04 0.000000000000000000e+00
 9.999973144531250000e+02 3.065616358071565628e-03 0.000000000000000000e+00
 9.999907836914062500e+02 1.037095393985509872e-02 0.000000000000000000e+00
 9.999674682617187500e+02 3.667457029223442078e-02 0.000000000000000000e+00
 9.998886718750000000e+02 1.227412596344947815e-01 0.000000000000000000e+00
 9.995957031250000000e+02 4.406146109104156494e-01 0.000000000000000000e+00
 9.985836181640625000e+02 1.530125141143798828e+00 0.000000000000000000e+00
 9.877894287109375000e+02 1.259456539154052734e+01 0.000000000000000000e+00
 1.000000000000000000e+03 -2.620505808875739362e-13 0.000000000000000000e+00
 1.000000000000000000e+03 5.804238383325110995e-14 0.000000000000000000e+00
 1.000000000000000000e+03 4.595148588894260033e-13 0.000000000000000000e+00
 1.000000000000000000e+03 3.287324026272214761e-13 0.000000000000000000e+00
 1.000000000000000000e+03 2.708311548117736667e-13 0.000000000000000000e+00
 1.000000000000000000e+03 2.948851557903198195e-13 0.000000000000000000e+00
 1.000000000000000000e+03 -1.679105801882102567e-13 0.000000000000000000e+00
 1.000000000000000000e+03 -6.105135385951754312e-13 0.000000000000000000e+00
 1.000000000000000000e+03 -5.369443496598680365e-13 0.000000000000000000e+00
 1.000000000000000000e+03 5.804173873295848107e-13 0.000000000000000000e+00
 1.000000000000000000e+03 -2.103419651997007200e-12 0.000000000000000000e+00
 1.000000000000000000e+03 5.089686918452462905e-12 0.000000000000000000e+00
 1.000000000000000000e+03 -9.617993901311905347e-12 0.000000000000000000e+00
 1.000000000000000000e+03 1.455413740913957810e-11 0.000000000000000000e+00
 1.000000000000000000e+03 -1.483679845648566697e-11 0.000000000000000000e+00
 1.000000000000000000e+03 8.131428690105746426e-12 0.000000000000000000e+00
 1.000000000000000000e+03 2.799854749088726003e-12 0.000000000000000000e+00
 1.000000000000000000e+03 6.769055801991719079e-12 0.000000000000000000e+00
 1.000000000000000000e+03 -6.335786756350714199e-11 0.000000000000000000e+00
 1.000000000000000000e+03 2.092502560113729260e-10 0.000000000000000000e+00
 1.000000000000000000e+03 -4.892721228166863057e-10 0.000000000000000000e+00
 1.000000000000000000e+03 6.072276570456835998e-10 0.000000000000000000e+00
 1.000000000000000000e+03 -4.127252151153726345e-10 0.000000000000000000e+00
 1.000000000000000000e+03 1.150338158062425009e-09 0.000000000000000000e+00
 1.000000000000000000e+03 3.826547079199826840e-09 0.000000000000000000e+00
 1.000000000000000000e+03 -6.061888324637720871e-09 0.000000000000000000e+00
 1.000000000000000000e+03 -6.094551707747086766e-08 0.000000000000000000e+00
 1.000000000000000000e+03 -2.792829789655115746e-08 0.000000000000000000e+00
 1.000000000000000000e+03 1.035427317219728138e-06 0.000000000000000000e+00
 1.000000000000000000e+03 5.585176495515042916e-06 0.000000000000000000e+00
 1.000000000000000000e+03 2.794205465761478990e-05 0.000000000000000000e+00
 9.999998779296875000e+02 1.070756916305981576e-04 0.000000000000000000e+00
 9.999996948242187500e+02 3.540008619893342257e-04 0.000000000000000000e+00
 9.999989013671875000e+02 1.164678367786109447e-03 0.000000000000000000e+00
 9.999962768554687500e+02 3.892846172675490379e-03 0.000000000000000000e+00
 9.999868774414062500e+02 1.360655296593904495e-02 0.000000000000000000e+00
 9.999547119140625000e+02 4.555907472968101501e-02 0.000000000000000000e+00
 9.998364257812500000e+02 1.617067754268646240e-01 0.000000000000000000e+00
 9.994191284179687500e+02 5.644290447235107422e-01 0.000000000000000000e+00
 9.937840576171875000e+02 5.504552364349365234e+00 0.000000000000000000e+00
 1.000000000000000000e+03 -1.336091068511457980e-13 0.000000000000000000e+00
 1.000000000000000000e+03 1.487346487291651975e-13 0.000000000000000000e+00
 1.000000000000000000e+03 1.547717032659989833e-13 0.000000000000000000e+00
 1.000000000000000000e+03 -1.956098924873507505e-14 0.000000000000000000e+00
 1.000000000000000000e+03 1.765663895474112177e-13 0.000000000000000000e+00
 1.000000000000000000e+03 2.282774121641073517e-13 0.000000000000000000e+00
 1.000000000000000000e+03 1.938134711314959402e-13 0.000000000000000000e+00
 1.000000000000000000e+03 -8.101031239056422084e-14 0.000000000000000000e+00
 1.000000000000000000e+03 -2.329826598573142560e-13 0.000000000000000000e+00
 1.000000000000000000e+03 3.773358307670310330e-13 0.000000000000000000e+00
 1.000000000000000000e+03 -8.701136057324976303e-13 0.000000000000000000e+00
 1.000000000000000000e+03 2.100414026734442885e-12 0.000000000000000000e+00
 1.000000000000000000e+03 -3.626213045115900258e-12 0.000000000000000000e+00
 1.000000000000000000e+03 4.536891261980313672e-12 0.000000000000000000e+00
 1.000000000000000000e+03 -3.354871068450560045e-12 0.000000000000000000e+00
 1.000000000000000000e+03 3.554889130459593094e-13 0.000000000000000000e+00
 1.000000000000000000e+03 -4.531612715283350745e-13 0.000000000000000000e+00
 1.000000000000000000e+03 9.249512614162291868e-12 0.000000000000000000e+00
 1.000000000000000000e+03 -4.228102937209321510e-11 0.000000000000000000e+00
 1.000000000000000000e+03 1.234451013631954197e-10 0.000000000000000000e+00
 1.000000000000000000e+03 -2.486777728183398040e-10 0.000000000000000000e+00
 1.000000000000000000e+03 2.871278215188510785e-10 0.000000000000000000e+00
 1.000000000000000000e+03 -2.317746133906339878e-10 0.000000000000000000e+00
 1.000000000000000000e+03 -1.077089042955670095e-10 0.000000000000000000e+00
 1.000000000000000000e+03 2.516015618070355231e-09 0.000000000000000000e+00
 1.000000000000000000e+03 -2.771338936113920681e-09 0.000000000000000000e+00
 1.000000000000000000e+03 -3.617205868167161498e-09 0.000000000000000000e+00
 1.000000000000000000e+03 -6.326198587203180068e-08 0.000000000000000000e+00
 1.000000000000000000e+03 1.614753131207180559e-07 0.000000000000000000e+00
 1.000000000000000000e+03 9.311216331298055593e-07 0.000000000000000000e+00
 1.000000000000000000e+03 5.715027782571269199e-06 0.000000000000000000e+00
 9.999999389648437500e+02 2.608270187920425087e-05 0.000000000000000000e+00
 9.999998168945312500e+02 8.914416685001924634e-05 0.000000000000000000e+00
 9.999993896484375000e+02 2.833137987181544304e-04 0.000000000000000000e+00
 9.999979858398437500e+02 9.187661926262080669e-04 0.000000000000000000e+00
 9.999929809570312500e+02 3.136910032480955124e-03 0.000000000000000000e+00
 9.999758300781250000e+02 1.017333380877971649e-02 0.000000000000000000e+00
 9.999138183593750000e+02 3.439327701926231384e-02 0.000000000000000000e+00
 9.996937255859375000e+02 1.148694977164268494e-01 0.000000000000000000e+00
 9.961839599609375000e+02 1.168604493141174316e+00 0.000000000000000000e+00
 </DataArray>
</CellData>
</Piece>
</UnstructuredGrid>
</VTKFile>
